League,Season,Team,HomeMatches,HomeGoalsFor,HomeGoalsAgainst,HomeShots,HomeShotsOnTarget,HomeCards,AwayMatches,AwayGoalsFor,AwayGoalsAgainst,AwayShots,AwayShotsOnTarget,AwayCards,GoalScoringHomeGap,ShotHomeGap
Bundesliga (Germany),2006/07,Aachen,17,1.6470588235294117,2.176470588235294,14.470588235294118,8.588235294117647,2.1176470588235294,17,1.0588235294117647,1.9411764705882353,9.882352941176471,5.588235294117647,2.176470588235294,0.588235294117647,4.588235294117647
Bundesliga (Germany),2006/07,Bayern Munich,17,1.7058823529411764,0.8235294117647058,16.764705882352942,9.941176470588236,1.3529411764705883,17,1.5294117647058822,1.5294117647058822,16.294117647058822,9.176470588235293,2.0588235294117645,0.17647058823529416,0.47058823529411953
Bundesliga (Germany),2006/07,Bielefeld,17,1.7058823529411764,1.411764705882353,13.235294117647058,7.235294117647059,1.4705882352941178,17,1.0588235294117647,1.4705882352941178,10.0,5.882352941176471,1.588235294117647,0.6470588235294117,3.235294117647058
Bundesliga (Germany),2006/07,Bochum,17,1.3529411764705883,1.7647058823529411,14.470588235294118,8.529411764705882,1.6470588235294117,17,1.5294117647058822,1.1764705882352942,13.235294117647058,7.588235294117647,1.8235294117647058,-0.17647058823529393,1.2352941176470598
Bundesliga (Germany),2006/07,Cottbus,17,1.2352941176470589,1.2941176470588236,12.823529411764707,6.117647058823529,2.176470588235294,17,1.0,1.588235294117647,10.176470588235293,5.823529411764706,2.7058823529411766,0.23529411764705888,2.647058823529413
Bundesliga (Germany),2006/07,Dortmund,17,1.1176470588235294,1.0,15.764705882352942,9.352941176470589,1.8823529411764706,17,1.2941176470588236,1.5294117647058822,11.705882352941176,6.647058823529412,1.8823529411764706,-0.17647058823529416,4.058823529411766
Bundesliga (Germany),2006/07,Ein Frankfurt,17,1.2352941176470589,1.7647058823529411,16.41176470588235,8.647058823529411,1.4705882352941178,17,1.4705882352941178,1.6470588235294117,11.176470588235293,6.0588235294117645,1.1176470588235294,-0.23529411764705888,5.235294117647058
Bundesliga (Germany),2006/07,Hamburg,17,1.2941176470588236,1.1176470588235294,16.11764705882353,9.529411764705882,1.5294117647058822,17,1.2352941176470589,1.0588235294117647,13.823529411764707,7.764705882352941,2.235294117647059,0.05882352941176472,2.2941176470588225
Bundesliga (Germany),2006/07,Hannover,17,1.3529411764705883,1.411764705882353,15.529411764705882,8.294117647058824,1.3529411764705883,17,1.0588235294117647,1.5294117647058822,11.058823529411764,5.176470588235294,1.7058823529411764,0.2941176470588236,4.470588235294118
Bundesliga (Germany),2006/07,Hertha,17,1.7058823529411764,1.4705882352941178,13.117647058823529,8.470588235294118,2.0,17,1.2352941176470589,1.7647058823529411,12.352941176470589,7.294117647058823,2.1176470588235294,0.47058823529411753,0.7647058823529402
Bundesliga (Germany),2006/07,Leverkusen,17,1.6470588235294117,1.3529411764705883,16.235294117647058,8.764705882352942,2.0588235294117645,17,1.5294117647058822,1.5294117647058822,12.588235294117647,6.764705882352941,2.235294117647059,0.11764705882352944,3.6470588235294112
Bundesliga (Germany),2006/07,M'gladbach,17,0.8823529411764706,0.9411764705882353,13.882352941176471,6.764705882352941,1.5294117647058822,17,0.47058823529411764,1.6470588235294117,10.235294117647058,5.823529411764706,2.0588235294117645,0.4117647058823529,3.647058823529413
Bundesliga (Germany),2006/07,Mainz,17,1.1764705882352942,1.6470588235294117,13.588235294117647,7.411764705882353,1.588235294117647,17,0.8235294117647058,1.7058823529411764,11.058823529411764,5.9411764705882355,1.7647058823529411,0.3529411764705883,2.5294117647058822
Bundesliga (Germany),2006/07,Nurnberg,17,1.5294117647058822,0.9411764705882353,16.058823529411764,8.882352941176471,1.9411764705882353,17,1.0,0.9411764705882353,12.823529411764707,6.647058823529412,2.0588235294117645,0.5294117647058822,3.235294117647058
Bundesliga (Germany),2006/07,Schalke 04,17,1.7647058823529411,0.6470588235294118,19.41176470588235,10.529411764705882,1.4705882352941178,17,1.3529411764705883,1.2352941176470589,11.941176470588236,6.9411764705882355,2.411764705882353,0.4117647058823528,7.470588235294116
Bundesliga (Germany),2006/07,Stuttgart,17,1.7647058823529411,0.7647058823529411,18.647058823529413,10.117647058823529,1.1764705882352942,17,1.8235294117647058,1.411764705882353,15.352941176470589,9.176470588235293,1.8235294117647058,-0.05882352941176472,3.2941176470588243
Bundesliga (Germany),2006/07,Werder Bremen,17,1.9411764705882353,1.0588235294117647,18.0,10.529411764705882,1.7647058823529411,17,2.5294117647058822,1.2941176470588236,16.176470588235293,10.0,2.0588235294117645,-0.588235294117647,1.8235294117647065
Bundesliga (Germany),2006/07,Wolfsburg,17,1.2941176470588236,1.2941176470588236,12.411764705882353,6.705882352941177,1.588235294117647,17,0.8823529411764706,1.3529411764705883,11.176470588235293,6.176470588235294,2.176470588235294,0.41176470588235303,1.2352941176470598
Bundesliga (Germany),2007/08,Bayern Munich,17,2.411764705882353,0.47058823529411764,20.647058823529413,7.9411764705882355,1.0588235294117647,17,1.588235294117647,0.7647058823529411,14.941176470588236,5.470588235294118,1.6470588235294117,0.8235294117647058,5.7058823529411775
Bundesliga (Germany),2007/08,Bielefeld,17,1.2352941176470589,1.0588235294117647,14.0,4.529411764705882,1.588235294117647,17,0.8235294117647058,2.4705882352941178,8.823529411764707,2.7058823529411766,1.7058823529411764,0.41176470588235303,5.1764705882352935
Bundesliga (Germany),2007/08,Bochum,17,1.8823529411764706,1.6470588235294117,12.882352941176471,4.823529411764706,1.7647058823529411,17,0.9411764705882353,1.5294117647058822,11.235294117647058,3.0588235294117645,2.1176470588235294,0.9411764705882353,1.647058823529413
Bundesliga (Germany),2007/08,Cottbus,17,1.4705882352941178,1.1764705882352942,13.352941176470589,5.117647058823529,1.9411764705882353,17,0.5882352941176471,2.1176470588235294,9.823529411764707,2.823529411764706,2.176470588235294,0.8823529411764707,3.5294117647058822
Bundesliga (Germany),2007/08,Dortmund,17,1.7058823529411764,1.411764705882353,15.647058823529411,5.647058823529412,1.7647058823529411,17,1.2352941176470589,2.235294117647059,13.235294117647058,4.470588235294118,1.6470588235294117,0.47058823529411753,2.4117647058823533
Bundesliga (Germany),2007/08,Duisburg,17,1.1176470588235294,1.7058823529411764,16.176470588235293,4.764705882352941,2.0,17,1.0,1.5294117647058822,11.411764705882353,3.4705882352941178,3.0588235294117645,0.11764705882352944,4.76470588235294
Bundesliga (Germany),2007/08,Ein Frankfurt,17,1.411764705882353,1.411764705882353,13.882352941176471,4.882352941176471,1.4705882352941178,17,1.1176470588235294,1.5294117647058822,11.529411764705882,4.235294117647059,1.8823529411764706,0.2941176470588236,2.3529411764705888
Bundesliga (Germany),2007/08,Hamburg,17,1.7647058823529411,0.6470588235294118,17.352941176470587,5.647058823529412,1.1764705882352942,17,1.0,0.8823529411764706,15.235294117647058,5.352941176470588,1.8823529411764706,0.7647058823529411,2.117647058823529
Bundesliga (Germany),2007/08,Hannover,17,1.8823529411764706,1.588235294117647,14.176470588235293,4.411764705882353,2.0588235294117645,17,1.2941176470588236,1.7058823529411764,12.294117647058824,4.0,2.0,0.588235294117647,1.8823529411764692
Bundesliga (Germany),2007/08,Hansa Rostock,17,1.0,1.2352941176470589,13.941176470588236,4.352941176470588,1.7647058823529411,17,0.7647058823529411,1.8235294117647058,9.823529411764707,3.176470588235294,1.8823529411764706,0.23529411764705888,4.117647058823529
Bundesliga (Germany),2007/08,Hertha,17,1.2352941176470589,1.0588235294117647,13.294117647058824,4.529411764705882,1.411764705882353,17,1.0588235294117647,1.5294117647058822,12.470588235294118,4.294117647058823,1.8235294117647058,0.17647058823529416,0.8235294117647065
Bundesliga (Germany),2007/08,Karlsruhe,17,1.3529411764705883,1.2941176470588236,14.352941176470589,5.0588235294117645,2.0,17,0.8823529411764706,1.8235294117647058,11.882352941176471,3.6470588235294117,1.2941176470588236,0.47058823529411775,2.4705882352941178
Bundesliga (Germany),2007/08,Leverkusen,17,1.8823529411764706,0.7647058823529411,18.41176470588235,6.764705882352941,1.5294117647058822,17,1.4705882352941178,1.588235294117647,12.588235294117647,4.352941176470588,2.1176470588235294,0.4117647058823528,5.823529411764705
Bundesliga (Germany),2007/08,Nurnberg,17,1.2352941176470589,1.0588235294117647,18.235294117647058,5.882352941176471,1.5294117647058822,17,0.8235294117647058,1.9411764705882353,12.294117647058824,3.411764705882353,2.0,0.41176470588235303,5.941176470588234
Bundesliga (Germany),2007/08,Schalke 04,17,1.7058823529411764,0.7647058823529411,16.41176470588235,5.294117647058823,1.3529411764705883,17,1.5294117647058822,1.1176470588235294,13.470588235294118,5.0588235294117645,1.9411764705882353,0.17647058823529416,2.9411764705882337
Bundesliga (Germany),2007/08,Stuttgart,17,2.2941176470588234,1.1176470588235294,15.117647058823529,5.9411764705882355,1.4705882352941178,17,1.0588235294117647,2.235294117647059,14.764705882352942,4.588235294117647,2.176470588235294,1.2352941176470587,0.352941176470587
Bundesliga (Germany),2007/08,Werder Bremen,17,2.823529411764706,1.1176470588235294,21.0,8.352941176470589,1.5294117647058822,17,1.588235294117647,1.5294117647058822,16.0,5.647058823529412,2.5294117647058822,1.235294117647059,5.0
Bundesliga (Germany),2007/08,Wolfsburg,17,1.6470588235294117,1.0,14.882352941176471,5.352941176470588,1.6470588235294117,17,1.7647058823529411,1.7058823529411764,12.117647058823529,5.0588235294117645,1.8823529411764706,-0.11764705882352944,2.764705882352942
Bundesliga (Germany),2008/09,Bayern Munich,17,2.6470588235294117,1.3529411764705883,21.235294117647058,7.294117647058823,1.3529411764705883,17,1.5294117647058822,1.1176470588235294,14.705882352941176,5.235294117647059,2.3529411764705883,1.1176470588235294,6.529411764705882
Bundesliga (Germany),2008/09,Bielefeld,17,0.9411764705882353,1.5294117647058822,13.411764705882353,4.294117647058823,1.9411764705882353,17,0.7647058823529411,1.7647058823529411,8.647058823529411,2.764705882352941,1.8823529411764706,0.17647058823529416,4.764705882352942
Bundesliga (Germany),2008/09,Bochum,17,1.3529411764705883,1.6470588235294117,16.176470588235293,5.764705882352941,2.0588235294117645,17,0.9411764705882353,1.588235294117647,11.823529411764707,4.0,2.3529411764705883,0.41176470588235303,4.352941176470587
Bundesliga (Germany),2008/09,Cottbus,17,1.1176470588235294,1.588235294117647,12.411764705882353,4.0,1.7058823529411764,17,0.6470588235294118,1.7647058823529411,8.058823529411764,3.176470588235294,2.411764705882353,0.47058823529411764,4.352941176470589
Bundesliga (Germany),2008/09,Dortmund,17,2.0,0.6470588235294118,16.0,5.705882352941177,1.2941176470588236,17,1.5294117647058822,1.5294117647058822,12.588235294117647,4.529411764705882,1.5294117647058822,0.47058823529411775,3.4117647058823533
Bundesliga (Germany),2008/09,Ein Frankfurt,17,1.5294117647058822,1.7058823529411764,13.411764705882353,4.411764705882353,2.6470588235294117,17,0.7647058823529411,1.8235294117647058,12.0,3.6470588235294117,1.8823529411764706,0.7647058823529411,1.4117647058823533
Bundesliga (Germany),2008/09,FC Koln,17,0.8235294117647058,1.4705882352941178,13.764705882352942,4.117647058823529,1.9411764705882353,17,1.2352941176470589,1.4705882352941178,10.647058823529411,3.235294117647059,2.176470588235294,-0.41176470588235303,3.1176470588235308
Bundesliga (Germany),2008/09,Hamburg,17,1.588235294117647,0.7647058823529411,13.764705882352942,4.588235294117647,1.588235294117647,17,1.2941176470588236,2.0,15.352941176470589,4.0588235294117645,2.823529411764706,0.2941176470588234,-1.5882352941176467
Bundesliga (Germany),2008/09,Hannover,17,1.8235294117647058,1.4705882352941178,11.294117647058824,4.882352941176471,1.9411764705882353,17,1.0588235294117647,2.588235294117647,11.0,3.3529411764705883,1.4705882352941178,0.7647058823529411,0.29411764705882426
Bundesliga (Germany),2008/09,Hertha,17,1.7058823529411764,0.8235294117647058,13.764705882352942,5.0588235294117645,1.8235294117647058,17,1.1176470588235294,1.588235294117647,9.529411764705882,3.5294117647058822,1.8235294117647058,0.588235294117647,4.23529411764706
Bundesliga (Germany),2008/09,Hoffenheim,17,1.7647058823529411,1.0588235294117647,18.941176470588236,7.0,1.588235294117647,17,1.9411764705882353,1.8235294117647058,14.529411764705882,5.294117647058823,2.588235294117647,-0.17647058823529416,4.411764705882353
Bundesliga (Germany),2008/09,Karlsruhe,17,1.0588235294117647,1.2941176470588236,14.411764705882353,4.117647058823529,1.9411764705882353,17,0.7058823529411765,1.8823529411764706,12.882352941176471,4.0588235294117645,1.8235294117647058,0.3529411764705882,1.5294117647058822
Bundesliga (Germany),2008/09,Leverkusen,17,1.8235294117647058,1.2941176470588236,17.764705882352942,6.764705882352941,1.1764705882352942,17,1.6470588235294117,1.411764705882353,14.529411764705882,5.352941176470588,2.176470588235294,0.17647058823529416,3.2352941176470598
Bundesliga (Germany),2008/09,M'gladbach,17,1.3529411764705883,1.588235294117647,14.176470588235293,4.882352941176471,1.8235294117647058,17,0.9411764705882353,2.0588235294117645,9.941176470588236,3.0,2.3529411764705883,0.41176470588235303,4.235294117647058
Bundesliga (Germany),2008/09,Schalke 04,17,1.5294117647058822,0.8823529411764706,14.411764705882353,5.0,1.4705882352941178,17,1.2352941176470589,1.1764705882352942,12.117647058823529,4.176470588235294,2.0588235294117645,0.2941176470588234,2.2941176470588243
Bundesliga (Germany),2008/09,Stuttgart,17,2.0,0.8235294117647058,16.58823529411765,5.764705882352941,1.5294117647058822,17,1.7058823529411764,1.7058823529411764,16.941176470588236,4.9411764705882355,2.5294117647058822,0.2941176470588236,-0.352941176470587
Bundesliga (Germany),2008/09,Werder Bremen,17,2.5294117647058822,1.2941176470588236,19.470588235294116,6.9411764705882355,1.3529411764705883,17,1.2352941176470589,1.6470588235294117,16.705882352941178,5.764705882352941,1.8823529411764706,1.2941176470588234,2.7647058823529385
Bundesliga (Germany),2008/09,Wolfsburg,17,3.0,0.7647058823529411,14.588235294117647,6.705882352941177,1.4705882352941178,17,1.7058823529411764,1.6470588235294117,13.294117647058824,4.647058823529412,1.8235294117647058,1.2941176470588236,1.2941176470588225
Bundesliga (Germany),2009/10,Bayern Munich,17,2.2941176470588234,0.7647058823529411,16.41176470588235,7.0588235294117645,1.0588235294117647,17,1.9411764705882353,1.0588235294117647,12.647058823529411,5.411764705882353,1.5294117647058822,0.3529411764705881,3.7647058823529402
Bundesliga (Germany),2009/10,Bochum,17,1.0588235294117647,2.0588235294117645,12.294117647058824,3.4705882352941178,2.0588235294117645,17,0.8823529411764706,1.7058823529411764,9.352941176470589,2.9411764705882355,2.0,0.17647058823529416,2.9411764705882355
Bundesliga (Germany),2009/10,Dortmund,17,1.7058823529411764,0.8235294117647058,16.647058823529413,6.9411764705882355,0.9411764705882353,17,1.4705882352941178,1.6470588235294117,12.235294117647058,4.588235294117647,2.0,0.23529411764705865,4.411764705882355
Bundesliga (Germany),2009/10,Ein Frankfurt,17,1.4705882352941178,1.5294117647058822,12.941176470588236,4.705882352941177,1.588235294117647,17,1.2941176470588236,1.6470588235294117,11.352941176470589,3.3529411764705883,2.0588235294117645,0.17647058823529416,1.5882352941176467
Bundesliga (Germany),2009/10,FC Koln,17,1.0588235294117647,1.7058823529411764,11.235294117647058,3.9411764705882355,2.0588235294117645,17,0.8823529411764706,0.7647058823529411,7.705882352941177,2.588235294117647,2.0588235294117645,0.17647058823529416,3.5294117647058814
Bundesliga (Germany),2009/10,Freiburg,17,0.8235294117647058,1.5294117647058822,12.764705882352942,3.764705882352941,1.2352941176470589,17,1.2352941176470589,1.9411764705882353,10.235294117647058,3.4705882352941178,1.8235294117647058,-0.41176470588235303,2.529411764705884
Bundesliga (Germany),2009/10,Hamburg,17,1.4705882352941178,0.7058823529411765,14.764705882352942,6.117647058823529,1.5294117647058822,17,1.8235294117647058,1.7058823529411764,13.823529411764707,5.176470588235294,1.7647058823529411,-0.3529411764705881,0.9411764705882355
Bundesliga (Germany),2009/10,Hannover,17,1.588235294117647,1.9411764705882353,12.705882352941176,4.823529411764706,1.9411764705882353,17,0.9411764705882353,2.0,11.823529411764707,3.6470588235294117,1.8235294117647058,0.6470588235294117,0.8823529411764692
Bundesliga (Germany),2009/10,Hertha,17,0.5882352941176471,1.5294117647058822,14.529411764705882,4.352941176470588,1.7058823529411764,17,1.411764705882353,1.7647058823529411,11.117647058823529,4.764705882352941,1.6470588235294117,-0.823529411764706,3.4117647058823533
Bundesliga (Germany),2009/10,Hoffenheim,17,1.5294117647058822,1.1764705882352942,14.411764705882353,3.8823529411764706,1.7058823529411764,17,1.0588235294117647,1.2941176470588236,12.470588235294118,3.9411764705882355,2.1176470588235294,0.47058823529411753,1.9411764705882355
Bundesliga (Germany),2009/10,Leverkusen,17,2.176470588235294,0.8235294117647058,17.0,6.588235294117647,1.6470588235294117,17,1.6470588235294117,1.411764705882353,14.470588235294118,5.882352941176471,2.2941176470588234,0.5294117647058822,2.5294117647058822
Bundesliga (Germany),2009/10,M'gladbach,17,1.4705882352941178,1.2941176470588236,15.705882352941176,5.235294117647059,1.1764705882352942,17,1.0588235294117647,2.235294117647059,10.529411764705882,4.235294117647059,1.6470588235294117,0.41176470588235303,5.1764705882352935
Bundesliga (Germany),2009/10,Mainz,17,1.2941176470588236,0.8235294117647058,10.882352941176471,4.411764705882353,2.0,17,0.8235294117647058,1.6470588235294117,9.176470588235293,2.9411764705882355,1.4705882352941178,0.47058823529411775,1.7058823529411775
Bundesliga (Germany),2009/10,Nurnberg,17,1.0588235294117647,1.3529411764705883,13.647058823529411,4.117647058823529,1.588235294117647,17,0.8235294117647058,2.0588235294117645,11.176470588235293,3.4705882352941178,1.588235294117647,0.23529411764705888,2.4705882352941178
Bundesliga (Germany),2009/10,Schalke 04,17,1.7058823529411764,0.8823529411764706,13.705882352941176,4.588235294117647,1.4705882352941178,17,1.411764705882353,0.9411764705882353,10.529411764705882,3.9411764705882355,2.0588235294117645,0.2941176470588234,3.1764705882352935
Bundesliga (Germany),2009/10,Stuttgart,17,1.6470588235294117,1.2352941176470589,14.411764705882353,5.470588235294118,2.1176470588235294,17,1.3529411764705883,1.1764705882352942,14.647058823529411,5.294117647058823,2.0588235294117645,0.2941176470588234,-0.235294117647058
Bundesliga (Germany),2009/10,Werder Bremen,17,2.0,1.2352941176470589,16.941176470588236,6.764705882352941,1.4705882352941178,17,2.176470588235294,1.1176470588235294,14.058823529411764,5.647058823529412,1.5294117647058822,-0.17647058823529393,2.882352941176471
Bundesliga (Germany),2009/10,Wolfsburg,17,2.2941176470588234,2.2941176470588234,15.529411764705882,6.117647058823529,1.7058823529411764,17,1.4705882352941178,1.1176470588235294,13.235294117647058,4.705882352941177,1.8823529411764706,0.8235294117647056,2.2941176470588243
Bundesliga (Germany),2010/11,Bayern Munich,17,2.823529411764706,0.7647058823529411,16.294117647058822,6.588235294117647,0.9411764705882353,17,1.9411764705882353,1.588235294117647,13.647058823529411,5.470588235294118,1.588235294117647,0.8823529411764708,2.6470588235294112
Bundesliga (Germany),2010/11,Dortmund,17,2.0588235294117645,0.47058823529411764,17.764705882352942,7.117647058823529,0.8823529411764706,17,1.8823529411764706,0.8235294117647058,16.11764705882353,6.588235294117647,1.411764705882353,0.17647058823529393,1.647058823529413
Bundesliga (Germany),2010/11,Ein Frankfurt,17,0.7647058823529411,1.411764705882353,13.176470588235293,3.764705882352941,2.176470588235294,17,1.0588235294117647,1.4705882352941178,9.529411764705882,3.3529411764705883,2.1176470588235294,-0.2941176470588236,3.6470588235294112
Bundesliga (Germany),2010/11,FC Koln,17,1.7647058823529411,1.2352941176470589,13.0,5.0,2.176470588235294,17,1.0,2.411764705882353,9.764705882352942,3.5294117647058822,2.4705882352941178,0.7647058823529411,3.235294117647058
Bundesliga (Germany),2010/11,Freiburg,17,1.411764705882353,1.411764705882353,12.117647058823529,3.6470588235294117,1.1764705882352942,17,1.0,1.5294117647058822,9.0,3.0588235294117645,1.5294117647058822,0.41176470588235303,3.117647058823529
Bundesliga (Germany),2010/11,Hamburg,17,1.7058823529411764,1.411764705882353,14.0,4.647058823529412,1.6470588235294117,17,1.0,1.6470588235294117,10.823529411764707,3.8823529411764706,1.4705882352941178,0.7058823529411764,3.1764705882352935
Bundesliga (Germany),2010/11,Hannover,17,1.8823529411764706,1.0,12.117647058823529,5.0588235294117645,1.2941176470588236,17,1.0,1.6470588235294117,9.470588235294118,3.4705882352941178,1.8823529411764706,0.8823529411764706,2.6470588235294112
Bundesliga (Germany),2010/11,Hoffenheim,17,1.6470588235294117,1.2352941176470589,15.647058823529411,5.176470588235294,1.2352941176470589,17,1.2941176470588236,1.7058823529411764,12.235294117647058,4.705882352941177,2.3529411764705883,0.3529411764705881,3.4117647058823533
Bundesliga (Germany),2010/11,Kaiserslautern,17,1.4705882352941178,1.1176470588235294,14.470588235294118,4.352941176470588,1.1176470588235294,17,1.3529411764705883,1.8823529411764706,12.235294117647058,4.176470588235294,2.3529411764705883,0.11764705882352944,2.2352941176470598
Bundesliga (Germany),2010/11,Leverkusen,17,1.9411764705882353,1.411764705882353,14.705882352941176,5.352941176470588,1.1764705882352942,17,1.8235294117647058,1.1764705882352942,13.117647058823529,4.705882352941177,2.0588235294117645,0.11764705882352944,1.5882352941176467
Bundesliga (Germany),2010/11,M'gladbach,17,1.5294117647058822,1.8235294117647058,13.823529411764707,5.647058823529412,1.2941176470588236,17,1.2941176470588236,2.0,11.588235294117647,4.352941176470588,1.7058823529411764,0.23529411764705865,2.2352941176470598
Bundesliga (Germany),2010/11,Mainz,17,1.2941176470588236,0.9411764705882353,13.470588235294118,4.764705882352941,1.6470588235294117,17,1.7647058823529411,1.3529411764705883,11.117647058823529,4.411764705882353,1.4705882352941178,-0.47058823529411753,2.3529411764705888
Bundesliga (Germany),2010/11,Nurnberg,17,1.6470588235294117,1.1176470588235294,14.823529411764707,4.647058823529412,1.6470588235294117,17,1.1176470588235294,1.5294117647058822,12.058823529411764,4.0588235294117645,2.0,0.5294117647058822,2.764705882352942
Bundesliga (Germany),2010/11,Schalke 04,17,1.411764705882353,1.0588235294117647,13.352941176470589,4.647058823529412,1.0588235294117647,17,0.8235294117647058,1.5294117647058822,9.470588235294118,3.411764705882353,1.9411764705882353,0.5882352941176472,3.882352941176471
Bundesliga (Germany),2010/11,St Pauli,17,1.2352941176470589,2.0588235294117645,13.411764705882353,4.411764705882353,1.411764705882353,17,0.8235294117647058,1.9411764705882353,11.058823529411764,3.4705882352941178,1.8823529411764706,0.41176470588235303,2.3529411764705888
Bundesliga (Germany),2010/11,Stuttgart,17,1.9411764705882353,1.588235294117647,14.176470588235293,5.411764705882353,1.7058823529411764,17,1.588235294117647,1.8823529411764706,12.823529411764707,5.117647058823529,2.1176470588235294,0.3529411764705883,1.352941176470587
Bundesliga (Germany),2010/11,Werder Bremen,17,1.5294117647058822,1.3529411764705883,15.235294117647058,5.705882352941177,1.5294117647058822,17,1.2352941176470589,2.235294117647059,11.588235294117647,4.0,2.411764705882353,0.2941176470588234,3.6470588235294112
Bundesliga (Germany),2010/11,Wolfsburg,17,1.588235294117647,1.5294117647058822,13.529411764705882,4.9411764705882355,1.8235294117647058,17,0.9411764705882353,1.2941176470588236,9.882352941176471,3.1176470588235294,2.3529411764705883,0.6470588235294117,3.6470588235294112
Bundesliga (Germany),2011/12,Augsburg,17,1.1764705882352942,1.1176470588235294,12.352941176470589,4.117647058823529,1.8823529411764706,17,0.9411764705882353,1.7647058823529411,10.411764705882353,3.9411764705882355,2.176470588235294,0.23529411764705888,1.9411764705882355
Bundesliga (Germany),2011/12,Bayern Munich,17,2.8823529411764706,0.35294117647058826,16.88235294117647,6.705882352941177,0.8235294117647058,17,1.6470588235294117,0.9411764705882353,14.294117647058824,5.764705882352941,1.6470588235294117,1.2352941176470589,2.5882352941176467
Bundesliga (Germany),2011/12,Dortmund,17,2.588235294117647,0.7058823529411765,18.647058823529413,6.9411764705882355,1.0,17,2.1176470588235294,0.7647058823529411,13.705882352941176,5.588235294117647,0.9411764705882353,0.47058823529411775,4.941176470588237
Bundesliga (Germany),2011/12,FC Koln,17,1.1764705882352942,1.7058823529411764,10.058823529411764,3.2941176470588234,1.588235294117647,17,1.1176470588235294,2.7058823529411766,7.529411764705882,3.0588235294117645,2.3529411764705883,0.05882352941176472,2.5294117647058822
Bundesliga (Germany),2011/12,Freiburg,17,1.411764705882353,1.1764705882352942,14.470588235294118,4.529411764705882,1.411764705882353,17,1.2352941176470589,2.411764705882353,9.352941176470589,4.0,1.9411764705882353,0.17647058823529416,5.117647058823529
Bundesliga (Germany),2011/12,Hamburg,17,1.1176470588235294,1.7058823529411764,14.176470588235293,5.176470588235294,1.5294117647058822,17,0.9411764705882353,1.6470588235294117,11.588235294117647,4.235294117647059,2.235294117647059,0.17647058823529416,2.5882352941176467
Bundesliga (Germany),2011/12,Hannover,17,1.8235294117647058,1.0,14.588235294117647,5.0,1.5294117647058822,17,0.5882352941176471,1.6470588235294117,9.411764705882353,2.9411764705882355,2.235294117647059,1.2352941176470589,5.1764705882352935
Bundesliga (Germany),2011/12,Hertha,17,1.1176470588235294,1.7058823529411764,11.411764705882353,3.5294117647058822,1.411764705882353,17,1.1176470588235294,2.0588235294117645,10.411764705882353,4.0588235294117645,2.3529411764705883,0.0,1.0
Bundesliga (Germany),2011/12,Hoffenheim,17,1.2352941176470589,1.0,14.823529411764707,4.588235294117647,2.1176470588235294,17,1.1764705882352942,1.7647058823529411,11.764705882352942,4.0,2.0,0.05882352941176472,3.0588235294117645
Bundesliga (Germany),2011/12,Kaiserslautern,17,0.7058823529411765,1.6470588235294117,14.176470588235293,4.647058823529412,2.0,17,0.7058823529411765,1.5294117647058822,10.235294117647058,3.5294117647058822,2.0588235294117645,0.0,3.9411764705882355
Bundesliga (Germany),2011/12,Leverkusen,17,1.6470588235294117,1.411764705882353,14.529411764705882,5.9411764705882355,1.1176470588235294,17,1.411764705882353,1.1764705882352942,10.882352941176471,4.823529411764706,1.5294117647058822,0.23529411764705865,3.6470588235294112
Bundesliga (Germany),2011/12,M'gladbach,17,1.7058823529411764,0.5882352941176471,14.117647058823529,5.411764705882353,1.1764705882352942,17,1.1764705882352942,0.8235294117647058,11.705882352941176,4.470588235294118,1.7058823529411764,0.5294117647058822,2.4117647058823533
Bundesliga (Germany),2011/12,Mainz,17,1.588235294117647,1.5294117647058822,13.764705882352942,5.411764705882353,1.411764705882353,17,1.1764705882352942,1.4705882352941178,11.0,3.2941176470588234,1.4705882352941178,0.4117647058823528,2.764705882352942
Bundesliga (Germany),2011/12,Nurnberg,17,1.2941176470588236,1.4705882352941178,12.529411764705882,4.352941176470588,1.8823529411764706,17,0.9411764705882353,1.411764705882353,12.058823529411764,3.823529411764706,2.3529411764705883,0.3529411764705883,0.47058823529411775
Bundesliga (Germany),2011/12,Schalke 04,17,2.764705882352941,0.8235294117647058,15.176470588235293,6.647058823529412,1.4705882352941178,17,1.588235294117647,1.7647058823529411,11.941176470588236,4.294117647058823,2.235294117647059,1.1764705882352942,3.235294117647058
Bundesliga (Germany),2011/12,Stuttgart,17,2.1176470588235294,1.0,14.176470588235293,5.9411764705882355,1.411764705882353,17,1.588235294117647,1.7058823529411764,13.352941176470589,5.588235294117647,2.235294117647059,0.5294117647058825,0.8235294117647047
Bundesliga (Germany),2011/12,Werder Bremen,17,1.8235294117647058,1.3529411764705883,18.941176470588236,5.823529411764706,1.6470588235294117,17,1.0588235294117647,2.0588235294117645,10.705882352941176,3.5294117647058822,2.176470588235294,0.7647058823529411,8.23529411764706
Bundesliga (Germany),2011/12,Wolfsburg,17,1.7058823529411764,1.2941176470588236,13.117647058823529,5.647058823529412,2.0,17,1.0588235294117647,2.235294117647059,11.117647058823529,4.0,1.7647058823529411,0.6470588235294117,2.0
Bundesliga (Germany),2012/13,Augsburg,17,1.1176470588235294,1.2941176470588236,15.705882352941176,4.235294117647059,1.8235294117647058,17,0.8235294117647058,1.7058823529411764,11.705882352941176,4.588235294117647,2.235294117647059,0.2941176470588236,4.0
Bundesliga (Germany),2012/13,Bayern Munich,17,3.2941176470588234,0.6470588235294118,19.176470588235293,8.823529411764707,0.7647058823529411,17,2.4705882352941178,0.4117647058823529,14.823529411764707,6.117647058823529,1.2941176470588236,0.8235294117647056,4.352941176470587
Bundesliga (Germany),2012/13,Dortmund,17,2.3529411764705883,1.1176470588235294,17.352941176470587,6.9411764705882355,1.3529411764705883,17,2.411764705882353,1.3529411764705883,14.588235294117647,6.176470588235294,1.1764705882352942,-0.0588235294117645,2.7647058823529402
Bundesliga (Germany),2012/13,Ein Frankfurt,17,1.8823529411764706,1.3529411764705883,13.705882352941176,4.588235294117647,1.9411764705882353,17,1.0,1.3529411764705883,11.352941176470589,3.176470588235294,1.7058823529411764,0.8823529411764706,2.352941176470587
Bundesliga (Germany),2012/13,Fortuna Dusseldorf,17,1.411764705882353,1.6470588235294117,9.588235294117647,3.235294117647059,2.235294117647059,17,0.8823529411764706,1.7058823529411764,8.941176470588236,2.8823529411764706,2.235294117647059,0.5294117647058825,0.6470588235294112
Bundesliga (Germany),2012/13,Freiburg,17,1.4705882352941178,1.0588235294117647,14.529411764705882,5.411764705882353,1.6470588235294117,17,1.1764705882352942,1.2941176470588236,11.470588235294118,4.117647058823529,1.6470588235294117,0.2941176470588236,3.0588235294117645
Bundesliga (Germany),2012/13,Greuther Furth,17,0.5882352941176471,2.1176470588235294,11.882352941176471,3.7058823529411766,1.8823529411764706,17,0.9411764705882353,1.411764705882353,9.294117647058824,3.235294117647059,2.588235294117647,-0.3529411764705882,2.5882352941176467
Bundesliga (Germany),2012/13,Hamburg,17,1.0588235294117647,1.0588235294117647,13.117647058823529,4.9411764705882355,2.176470588235294,17,1.411764705882353,2.0588235294117645,12.470588235294118,4.647058823529412,1.7647058823529411,-0.3529411764705883,0.6470588235294112
Bundesliga (Germany),2012/13,Hannover,17,2.0,1.3529411764705883,10.411764705882353,4.117647058823529,1.5294117647058822,17,1.5294117647058822,2.2941176470588234,10.411764705882353,3.9411764705882355,2.823529411764706,0.47058823529411775,0.0
Bundesliga (Germany),2012/13,Hoffenheim,17,1.2352941176470589,1.7647058823529411,13.941176470588236,4.764705882352941,1.9411764705882353,17,1.2352941176470589,2.176470588235294,10.117647058823529,4.352941176470588,2.3529411764705883,0.0,3.8235294117647065
Bundesliga (Germany),2012/13,Leverkusen,17,2.1176470588235294,0.8823529411764706,18.764705882352942,7.294117647058823,1.588235294117647,17,1.7058823529411764,1.411764705882353,13.941176470588236,5.529411764705882,2.0,0.41176470588235303,4.8235294117647065
Bundesliga (Germany),2012/13,M'gladbach,17,1.588235294117647,1.1764705882352942,11.470588235294118,4.117647058823529,1.7058823529411764,17,1.0588235294117647,1.7058823529411764,9.294117647058824,3.235294117647059,1.6470588235294117,0.5294117647058822,2.1764705882352935
Bundesliga (Germany),2012/13,Mainz,17,1.2941176470588236,1.1176470588235294,11.470588235294118,3.411764705882353,2.1176470588235294,17,1.1764705882352942,1.4705882352941178,9.823529411764707,3.3529411764705883,1.9411764705882353,0.11764705882352944,1.6470588235294112
Bundesliga (Germany),2012/13,Nurnberg,17,1.411764705882353,1.1176470588235294,11.588235294117647,4.411764705882353,1.7647058823529411,17,0.8823529411764706,1.6470588235294117,9.882352941176471,3.4705882352941178,2.235294117647059,0.5294117647058825,1.7058823529411757
Bundesliga (Germany),2012/13,Schalke 04,17,2.0588235294117645,1.2941176470588236,16.41176470588235,6.352941176470588,1.3529411764705883,17,1.3529411764705883,1.6470588235294117,12.705882352941176,5.294117647058823,1.8823529411764706,0.7058823529411762,3.7058823529411757
Bundesliga (Germany),2012/13,Stuttgart,17,1.1764705882352942,1.6470588235294117,11.529411764705882,4.647058823529412,1.6470588235294117,17,1.0,1.588235294117647,10.764705882352942,4.0588235294117645,2.5294117647058822,0.17647058823529416,0.7647058823529402
Bundesliga (Germany),2012/13,Werder Bremen,17,1.3529411764705883,1.7647058823529411,15.764705882352942,5.470588235294118,1.5294117647058822,17,1.588235294117647,2.1176470588235294,12.882352941176471,4.647058823529412,1.7058823529411764,-0.23529411764705865,2.882352941176471
Bundesliga (Germany),2012/13,Wolfsburg,17,1.2352941176470589,1.7647058823529411,11.764705882352942,4.0,1.6470588235294117,17,1.5294117647058822,1.2941176470588236,10.764705882352942,4.647058823529412,1.8235294117647058,-0.2941176470588234,1.0
Bundesliga (Germany),2013/14,Augsburg,17,1.588235294117647,1.2941176470588236,16.352941176470587,5.235294117647059,1.8235294117647058,17,1.1764705882352942,1.4705882352941178,13.764705882352942,4.117647058823529,1.7647058823529411,0.4117647058823528,2.588235294117645
Bundesliga (Germany),2013/14,Bayern Munich,17,2.823529411764706,0.8823529411764706,19.58823529411765,7.823529411764706,1.4705882352941178,17,2.7058823529411766,0.47058823529411764,17.470588235294116,7.352941176470588,1.1764705882352942,0.11764705882352944,2.1176470588235325
Bundesliga (Germany),2013/14,Braunschweig,17,1.0588235294117647,1.411764705882353,14.176470588235293,4.352941176470588,1.7647058823529411,17,0.6470588235294118,2.1176470588235294,10.058823529411764,2.6470588235294117,1.8823529411764706,0.4117647058823529,4.117647058823529
Bundesliga (Germany),2013/14,Dortmund,17,2.411764705882353,1.1176470588235294,20.941176470588236,8.0,0.9411764705882353,17,2.2941176470588234,1.1176470588235294,15.176470588235293,6.235294117647059,1.588235294117647,0.11764705882352944,5.764705882352942
Bundesliga (Germany),2013/14,Ein Frankfurt,17,1.2941176470588236,1.411764705882353,13.235294117647058,5.117647058823529,2.411764705882353,17,1.0588235294117647,1.9411764705882353,12.117647058823529,3.9411764705882355,2.0,0.23529411764705888,1.117647058823529
Bundesliga (Germany),2013/14,Freiburg,17,1.4705882352941178,1.7647058823529411,12.235294117647058,3.764705882352941,1.7647058823529411,17,1.0588235294117647,1.8235294117647058,9.529411764705882,3.8823529411764706,1.8823529411764706,0.41176470588235303,2.7058823529411757
Bundesliga (Germany),2013/14,Hamburg,17,1.411764705882353,2.0,16.294117647058822,6.588235294117647,1.3529411764705883,17,1.588235294117647,2.411764705882353,13.117647058823529,5.470588235294118,1.8235294117647058,-0.17647058823529393,3.1764705882352935
Bundesliga (Germany),2013/14,Hannover,17,1.588235294117647,1.4705882352941178,15.470588235294118,5.823529411764706,1.8823529411764706,17,1.1176470588235294,2.0,12.117647058823529,3.823529411764706,2.2941176470588234,0.47058823529411753,3.3529411764705888
Bundesliga (Germany),2013/14,Hertha,17,1.1764705882352942,1.411764705882353,12.470588235294118,4.882352941176471,1.1176470588235294,17,1.1764705882352942,1.411764705882353,10.058823529411764,3.9411764705882355,2.176470588235294,0.0,2.4117647058823533
Bundesliga (Germany),2013/14,Hoffenheim,17,2.5294117647058822,1.8235294117647058,16.0,7.176470588235294,1.4705882352941178,17,1.7058823529411764,2.2941176470588234,13.176470588235293,4.352941176470588,2.235294117647059,0.8235294117647058,2.8235294117647065
Bundesliga (Germany),2013/14,Leverkusen,17,2.0588235294117645,1.2941176470588236,15.764705882352942,6.176470588235294,1.8235294117647058,17,1.4705882352941178,1.1176470588235294,13.294117647058824,4.705882352941177,2.235294117647059,0.5882352941176467,2.4705882352941178
Bundesliga (Germany),2013/14,M'gladbach,17,2.235294117647059,1.0,13.176470588235293,5.647058823529412,1.1764705882352942,17,1.2352941176470589,1.5294117647058822,12.117647058823529,4.294117647058823,1.7647058823529411,1.0,1.0588235294117645
Bundesliga (Germany),2013/14,Mainz,17,1.6470588235294117,1.0,13.705882352941176,4.823529411764706,1.3529411764705883,17,1.411764705882353,2.176470588235294,12.235294117647058,4.764705882352941,1.7647058823529411,0.23529411764705865,1.4705882352941178
Bundesliga (Germany),2013/14,Nurnberg,17,0.9411764705882353,1.8823529411764706,12.058823529411764,4.823529411764706,1.7058823529411764,17,1.2352941176470589,2.235294117647059,10.823529411764707,3.5294117647058822,2.4705882352941178,-0.2941176470588236,1.235294117647058
Bundesliga (Germany),2013/14,Schalke 04,17,2.176470588235294,0.9411764705882353,16.647058823529413,6.117647058823529,1.2941176470588236,17,1.5294117647058822,1.588235294117647,11.235294117647058,4.588235294117647,1.8235294117647058,0.6470588235294117,5.411764705882355
Bundesliga (Germany),2013/14,Stuttgart,17,1.6470588235294117,1.6470588235294117,12.823529411764707,4.117647058823529,1.6470588235294117,17,1.2352941176470589,2.0,10.764705882352942,4.0588235294117645,1.8823529411764706,0.4117647058823528,2.0588235294117645
Bundesliga (Germany),2013/14,Werder Bremen,17,1.2352941176470589,1.7647058823529411,12.647058823529411,4.647058823529412,2.1176470588235294,17,1.2352941176470589,2.1176470588235294,8.941176470588236,3.1176470588235294,2.176470588235294,0.0,3.7058823529411757
Bundesliga (Germany),2013/14,Wolfsburg,17,2.176470588235294,1.2941176470588236,17.11764705882353,6.294117647058823,1.5294117647058822,17,1.5294117647058822,1.6470588235294117,13.647058823529411,5.470588235294118,1.6470588235294117,0.6470588235294117,3.4705882352941178
Bundesliga (Germany),2014/15,Augsburg,17,1.6470588235294117,1.2352941176470589,13.294117647058824,4.588235294117647,1.5294117647058822,17,0.8823529411764706,1.2941176470588236,13.647058823529411,4.235294117647059,2.0588235294117645,0.7647058823529411,-0.352941176470587
Bundesliga (Germany),2014/15,Bayern Munich,17,2.7058823529411766,0.4117647058823529,19.11764705882353,8.352941176470589,0.6470588235294118,17,2.0,0.6470588235294118,15.176470588235293,5.647058823529412,1.5294117647058822,0.7058823529411766,3.9411764705882355
Bundesliga (Germany),2014/15,Dortmund,17,1.5294117647058822,0.8823529411764706,17.941176470588236,6.117647058823529,1.5294117647058822,17,1.2352941176470589,1.588235294117647,15.411764705882353,5.0588235294117645,1.6470588235294117,0.2941176470588234,2.5294117647058822
Bundesliga (Germany),2014/15,Ein Frankfurt,17,2.1176470588235294,1.5294117647058822,13.882352941176471,5.823529411764706,2.5294117647058822,17,1.1764705882352942,2.1176470588235294,11.176470588235293,4.235294117647059,2.411764705882353,0.9411764705882353,2.7058823529411775
Bundesliga (Germany),2014/15,FC Koln,17,1.0588235294117647,1.0,11.529411764705882,3.764705882352941,1.411764705882353,17,0.9411764705882353,1.3529411764705883,9.764705882352942,3.6470588235294117,1.411764705882353,0.11764705882352944,1.7647058823529402
Bundesliga (Germany),2014/15,Freiburg,17,1.2352941176470589,1.2941176470588236,13.588235294117647,5.470588235294118,1.588235294117647,17,0.8823529411764706,1.4705882352941178,9.058823529411764,3.823529411764706,2.1176470588235294,0.3529411764705883,4.529411764705882
Bundesliga (Germany),2014/15,Hamburg,17,0.9411764705882353,1.0588235294117647,10.941176470588236,3.9411764705882355,2.3529411764705883,17,0.5294117647058824,1.8823529411764706,10.470588235294118,2.764705882352941,2.5294117647058822,0.4117647058823529,0.47058823529411775
Bundesliga (Germany),2014/15,Hannover,17,1.2352941176470589,1.4705882352941178,11.117647058823529,4.0588235294117645,2.1176470588235294,17,1.1176470588235294,1.8235294117647058,11.470588235294118,4.470588235294118,2.1176470588235294,0.11764705882352944,-0.35294117647058876
Bundesliga (Germany),2014/15,Hertha,17,1.0,1.2941176470588236,9.823529411764707,3.6470588235294117,2.0,17,1.1176470588235294,1.7647058823529411,7.647058823529412,2.6470588235294117,2.235294117647059,-0.11764705882352944,2.1764705882352944
Bundesliga (Germany),2014/15,Hoffenheim,17,1.8235294117647058,1.5294117647058822,16.470588235294116,5.705882352941177,2.0,17,1.0588235294117647,1.7058823529411764,13.0,4.352941176470588,1.8823529411764706,0.7647058823529411,3.470588235294116
Bundesliga (Germany),2014/15,Leverkusen,17,2.2941176470588234,0.8823529411764706,19.0,6.470588235294118,2.1176470588235294,17,1.3529411764705883,1.2941176470588236,13.588235294117647,4.823529411764706,2.3529411764705883,0.9411764705882351,5.411764705882353
Bundesliga (Germany),2014/15,M'gladbach,17,1.8823529411764706,0.8235294117647058,15.176470588235293,6.823529411764706,1.411764705882353,17,1.2352941176470589,0.7058823529411765,9.764705882352942,3.411764705882353,1.7647058823529411,0.6470588235294117,5.4117647058823515
Bundesliga (Germany),2014/15,Mainz,17,1.588235294117647,1.1176470588235294,13.882352941176471,4.235294117647059,1.4705882352941178,17,1.0588235294117647,1.6470588235294117,11.823529411764707,4.294117647058823,1.6470588235294117,0.5294117647058822,2.0588235294117645
Bundesliga (Germany),2014/15,Paderborn,17,1.2352941176470589,1.8235294117647058,15.235294117647058,4.823529411764706,0.8823529411764706,17,0.5882352941176471,2.0,11.470588235294118,3.411764705882353,2.1176470588235294,0.6470588235294118,3.7647058823529402
Bundesliga (Germany),2014/15,Schalke 04,17,1.5294117647058822,0.8235294117647058,13.941176470588236,5.117647058823529,1.588235294117647,17,0.9411764705882353,1.5294117647058822,10.647058823529411,3.8823529411764706,2.235294117647059,0.588235294117647,3.2941176470588243
Bundesliga (Germany),2014/15,Stuttgart,17,1.0588235294117647,1.6470588235294117,12.588235294117647,3.823529411764706,1.588235294117647,17,1.411764705882353,1.8823529411764706,11.588235294117647,4.294117647058823,1.8823529411764706,-0.3529411764705883,1.0
Bundesliga (Germany),2014/15,Werder Bremen,17,1.4705882352941178,1.411764705882353,14.411764705882353,5.470588235294118,2.0588235294117645,17,1.4705882352941178,2.411764705882353,10.0,4.529411764705882,1.8823529411764706,0.0,4.411764705882353
Bundesliga (Germany),2014/15,Wolfsburg,17,2.235294117647059,0.7647058823529411,17.88235294117647,7.411764705882353,1.411764705882353,17,2.0,1.4705882352941178,12.823529411764707,4.647058823529412,1.1764705882352942,0.23529411764705888,5.0588235294117645
Bundesliga (Germany),2015/16,Augsburg,17,1.0588235294117647,1.588235294117647,15.529411764705882,4.823529411764706,1.9411764705882353,17,1.411764705882353,1.4705882352941178,10.588235294117647,4.0,2.823529411764706,-0.3529411764705883,4.9411764705882355
Bundesliga (Germany),2015/16,Bayern Munich,17,3.0,0.47058823529411764,21.0,9.647058823529411,1.1764705882352942,17,1.7058823529411764,0.5294117647058824,14.705882352941176,5.470588235294118,1.411764705882353,1.2941176470588236,6.294117647058824
Bundesliga (Germany),2015/16,Darmstadt,17,0.8823529411764706,1.7058823529411764,9.529411764705882,3.176470588235294,2.588235294117647,17,1.3529411764705883,1.411764705882353,10.823529411764707,3.6470588235294117,2.4705882352941178,-0.47058823529411775,-1.2941176470588243
Bundesliga (Germany),2015/16,Dortmund,17,2.8823529411764706,0.8235294117647058,17.352941176470587,7.411764705882353,0.8823529411764706,17,1.9411764705882353,1.1764705882352942,13.764705882352942,5.0588235294117645,1.411764705882353,0.9411764705882353,3.588235294117645
Bundesliga (Germany),2015/16,Ein Frankfurt,17,1.2941176470588236,1.411764705882353,11.823529411764707,4.0588235294117645,2.764705882352941,17,0.7058823529411765,1.6470588235294117,9.823529411764707,3.9411764705882355,2.7058823529411766,0.5882352941176471,2.0
Bundesliga (Germany),2015/16,FC Koln,17,0.9411764705882353,1.0588235294117647,13.294117647058824,5.352941176470588,1.7647058823529411,17,1.2941176470588236,1.411764705882353,11.176470588235293,4.294117647058823,1.4705882352941178,-0.3529411764705883,2.1176470588235308
Bundesliga (Germany),2015/16,Hamburg,17,1.1764705882352942,1.3529411764705883,12.0,4.176470588235294,2.3529411764705883,17,1.1764705882352942,1.3529411764705883,9.941176470588236,3.823529411764706,1.9411764705882353,0.0,2.0588235294117645
Bundesliga (Germany),2015/16,Hannover,17,0.8823529411764706,1.7647058823529411,11.0,3.764705882352941,1.7647058823529411,17,0.9411764705882353,1.8823529411764706,11.352941176470589,3.6470588235294117,2.1176470588235294,-0.05882352941176472,-0.35294117647058876
Bundesliga (Germany),2015/16,Hertha,17,1.411764705882353,0.8823529411764706,10.882352941176471,4.176470588235294,1.4705882352941178,17,1.0588235294117647,1.588235294117647,8.588235294117647,3.3529411764705883,2.411764705882353,0.3529411764705883,2.2941176470588243
Bundesliga (Germany),2015/16,Hoffenheim,17,1.2941176470588236,1.4705882352941178,11.529411764705882,4.117647058823529,1.6470588235294117,17,1.0,1.7058823529411764,10.764705882352942,3.764705882352941,1.6470588235294117,0.2941176470588236,0.7647058823529402
Bundesliga (Germany),2015/16,Ingolstadt,17,1.2941176470588236,1.0588235294117647,12.764705882352942,3.5294117647058822,1.8235294117647058,17,0.6470588235294118,1.411764705882353,12.058823529411764,4.0,2.823529411764706,0.6470588235294118,0.7058823529411775
Bundesliga (Germany),2015/16,Leverkusen,17,1.8235294117647058,1.0,15.117647058823529,5.529411764705882,1.7058823529411764,17,1.4705882352941178,1.3529411764705883,13.411764705882353,5.352941176470588,2.1176470588235294,0.3529411764705881,1.7058823529411757
Bundesliga (Germany),2015/16,M'gladbach,17,2.4705882352941178,1.0588235294117647,15.352941176470589,6.705882352941177,1.411764705882353,17,1.4705882352941178,1.8823529411764706,11.352941176470589,4.529411764705882,1.2352941176470589,1.0,4.0
Bundesliga (Germany),2015/16,Mainz,17,1.3529411764705883,1.0588235294117647,12.294117647058824,4.647058823529412,1.411764705882353,17,1.3529411764705883,1.411764705882353,10.235294117647058,4.176470588235294,1.7058823529411764,0.0,2.0588235294117663
Bundesliga (Germany),2015/16,Schalke 04,17,1.6470588235294117,1.411764705882353,17.11764705882353,5.235294117647059,1.8823529411764706,17,1.3529411764705883,1.4705882352941178,11.529411764705882,4.352941176470588,1.8823529411764706,0.2941176470588234,5.588235294117647
Bundesliga (Germany),2015/16,Stuttgart,17,1.2941176470588236,1.8823529411764706,16.529411764705884,5.764705882352941,2.176470588235294,17,1.6470588235294117,2.5294117647058822,12.764705882352942,5.294117647058823,1.588235294117647,-0.3529411764705881,3.764705882352942
Bundesliga (Germany),2015/16,Werder Bremen,17,1.588235294117647,1.7647058823529411,14.176470588235293,4.764705882352941,2.1176470588235294,17,1.3529411764705883,2.0588235294117645,12.470588235294118,4.117647058823529,2.411764705882353,0.23529411764705865,1.7058823529411757
Bundesliga (Germany),2015/16,Wolfsburg,17,1.8823529411764706,1.0,15.352941176470589,6.235294117647059,1.3529411764705883,17,0.8823529411764706,1.8823529411764706,13.411764705882353,5.176470588235294,1.8823529411764706,1.0,1.9411764705882355
Bundesliga (Germany),2016/17,Augsburg,17,1.2941176470588236,1.4705882352941178,11.352941176470589,4.176470588235294,2.1176470588235294,17,0.7647058823529411,1.5294117647058822,10.411764705882353,3.2941176470588234,1.7647058823529411,0.5294117647058825,0.9411764705882355
Bundesliga (Germany),2016/17,Bayern Munich,17,3.235294117647059,0.5294117647058824,19.647058823529413,7.647058823529412,0.7647058823529411,17,2.0,0.7647058823529411,16.88235294117647,5.823529411764706,2.0,1.2352941176470589,2.764705882352942
Bundesliga (Germany),2016/17,Darmstadt,17,1.0588235294117647,1.4705882352941178,10.470588235294118,3.0588235294117645,1.8235294117647058,17,0.5882352941176471,2.235294117647059,9.235294117647058,2.4705882352941178,2.1176470588235294,0.47058823529411764,1.2352941176470598
Bundesliga (Germany),2016/17,Dortmund,17,2.411764705882353,0.7058823529411765,17.529411764705884,6.882352941176471,1.588235294117647,17,1.8235294117647058,1.6470588235294117,13.882352941176471,5.117647058823529,1.6470588235294117,0.588235294117647,3.647058823529413
Bundesliga (Germany),2016/17,Ein Frankfurt,17,1.411764705882353,1.0588235294117647,13.058823529411764,4.176470588235294,2.588235294117647,17,0.7058823529411765,1.4705882352941178,9.294117647058824,3.1176470588235294,2.235294117647059,0.7058823529411765,3.7647058823529402
Bundesliga (Germany),2016/17,FC Koln,17,1.7058823529411764,1.0,11.823529411764707,3.9411764705882355,1.7058823529411764,17,1.2941176470588236,1.4705882352941178,9.352941176470589,3.0588235294117645,2.5294117647058822,0.4117647058823528,2.4705882352941178
Bundesliga (Germany),2016/17,Freiburg,17,1.3529411764705883,1.411764705882353,11.411764705882353,3.9411764705882355,1.6470588235294117,17,1.1176470588235294,2.1176470588235294,12.294117647058824,4.588235294117647,1.6470588235294117,0.23529411764705888,-0.882352941176471
Bundesliga (Germany),2016/17,Hamburg,17,1.2352941176470589,1.4705882352941178,10.529411764705882,3.8823529411764706,2.1176470588235294,17,0.7058823529411765,2.1176470588235294,10.588235294117647,2.764705882352941,2.176470588235294,0.5294117647058824,-0.0588235294117645
Bundesliga (Germany),2016/17,Hertha,17,1.6470588235294117,1.1176470588235294,11.882352941176471,4.294117647058823,1.7058823529411764,17,0.8823529411764706,1.6470588235294117,8.411764705882353,3.1176470588235294,2.0,0.7647058823529411,3.4705882352941178
Bundesliga (Germany),2016/17,Hoffenheim,17,2.0588235294117645,0.8235294117647058,15.235294117647058,5.470588235294118,1.6470588235294117,17,1.7058823529411764,1.3529411764705883,14.058823529411764,5.176470588235294,2.0588235294117645,0.3529411764705881,1.1764705882352935
Bundesliga (Germany),2016/17,Ingolstadt,17,1.2352941176470589,1.7647058823529411,14.764705882352942,5.0588235294117645,1.8235294117647058,17,0.8823529411764706,1.588235294117647,12.117647058823529,4.470588235294118,2.235294117647059,0.3529411764705883,2.647058823529413
Bundesliga (Germany),2016/17,Leverkusen,17,1.588235294117647,1.6470588235294117,12.647058823529411,5.117647058823529,1.0,17,1.5294117647058822,1.588235294117647,13.529411764705882,5.294117647058823,1.9411764705882353,0.05882352941176472,-0.882352941176471
Bundesliga (Germany),2016/17,M'gladbach,17,1.5294117647058822,1.0588235294117647,14.764705882352942,5.235294117647059,1.3529411764705883,17,1.1176470588235294,1.8235294117647058,9.352941176470589,3.3529411764705883,1.3529411764705883,0.4117647058823528,5.411764705882353
Bundesliga (Germany),2016/17,Mainz,17,1.7647058823529411,1.5294117647058822,13.705882352941176,5.0,2.235294117647059,17,0.8235294117647058,1.7058823529411764,10.647058823529411,3.9411764705882355,1.7058823529411764,0.9411764705882353,3.0588235294117645
Bundesliga (Germany),2016/17,RB Leipzig,17,2.0588235294117645,0.9411764705882353,14.764705882352942,5.647058823529412,1.4705882352941178,17,1.8235294117647058,1.3529411764705883,11.235294117647058,4.529411764705882,2.411764705882353,0.23529411764705865,3.529411764705884
Bundesliga (Germany),2016/17,Schalke 04,17,1.7058823529411764,0.8823529411764706,14.235294117647058,4.0588235294117645,1.588235294117647,17,0.9411764705882353,1.4705882352941178,11.764705882352942,4.0,2.4705882352941178,0.7647058823529411,2.470588235294116
Bundesliga (Germany),2016/17,Werder Bremen,17,1.6470588235294117,1.411764705882353,12.058823529411764,4.705882352941177,1.588235294117647,17,1.9411764705882353,2.3529411764705883,10.117647058823529,4.352941176470588,2.3529411764705883,-0.2941176470588236,1.9411764705882355
Bundesliga (Germany),2016/17,Wolfsburg,17,0.8823529411764706,1.4705882352941178,13.0,4.176470588235294,1.7647058823529411,17,1.1176470588235294,1.588235294117647,12.058823529411764,4.235294117647059,2.0588235294117645,-0.23529411764705888,0.9411764705882355
Bundesliga (Germany),2017/18,Augsburg,17,1.411764705882353,1.411764705882353,13.764705882352942,4.9411764705882355,1.9411764705882353,17,1.1176470588235294,1.2941176470588236,11.705882352941176,3.6470588235294117,2.0588235294117645,0.2941176470588236,2.0588235294117663
Bundesliga (Germany),2017/18,Bayern Munich,17,3.2941176470588234,0.8823529411764706,19.41176470588235,8.117647058823529,0.8235294117647058,17,2.1176470588235294,0.7647058823529411,15.235294117647058,5.764705882352941,1.6470588235294117,1.176470588235294,4.1764705882352935
Bundesliga (Germany),2017/18,Dortmund,17,2.3529411764705883,1.2352941176470589,15.470588235294118,5.823529411764706,1.2352941176470589,17,1.411764705882353,1.5294117647058822,13.294117647058824,4.882352941176471,1.1764705882352942,0.9411764705882353,2.1764705882352935
Bundesliga (Germany),2017/18,Ein Frankfurt,17,1.5294117647058822,1.1176470588235294,13.176470588235293,5.176470588235294,2.176470588235294,17,1.1176470588235294,1.5294117647058822,9.705882352941176,3.4705882352941178,2.0588235294117645,0.4117647058823528,3.4705882352941178
Bundesliga (Germany),2017/18,FC Koln,17,1.1764705882352942,1.7647058823529411,13.0,4.647058823529412,1.8823529411764706,17,0.8823529411764706,2.3529411764705883,9.647058823529411,2.235294117647059,2.0,0.2941176470588236,3.3529411764705888
Bundesliga (Germany),2017/18,Freiburg,17,1.0,1.0,12.823529411764707,3.588235294117647,1.7647058823529411,17,0.8823529411764706,2.2941176470588234,9.294117647058824,3.2941176470588234,1.411764705882353,0.11764705882352944,3.5294117647058822
Bundesliga (Germany),2017/18,Hamburg,17,1.0,1.1176470588235294,13.823529411764707,4.9411764705882355,2.0,17,0.7058823529411765,2.0,9.588235294117647,3.1176470588235294,1.5294117647058822,0.2941176470588235,4.23529411764706
Bundesliga (Germany),2017/18,Hannover,17,1.6470588235294117,1.4705882352941178,14.117647058823529,4.411764705882353,1.588235294117647,17,0.9411764705882353,1.7058823529411764,11.411764705882353,4.176470588235294,2.1176470588235294,0.7058823529411764,2.7058823529411757
Bundesliga (Germany),2017/18,Hertha,17,1.3529411764705883,1.588235294117647,9.588235294117647,3.9411764705882355,1.0,17,1.1764705882352942,1.1176470588235294,9.117647058823529,3.9411764705882355,1.7647058823529411,0.17647058823529416,0.47058823529411775
Bundesliga (Germany),2017/18,Hoffenheim,17,2.235294117647059,0.9411764705882353,14.411764705882353,5.647058823529412,1.6470588235294117,17,1.6470588235294117,1.8823529411764706,13.411764705882353,4.9411764705882355,2.3529411764705883,0.5882352941176472,1.0
Bundesliga (Germany),2017/18,Leverkusen,17,1.7058823529411764,1.1176470588235294,16.294117647058822,5.705882352941177,1.8235294117647058,17,1.7058823529411764,1.4705882352941178,13.647058823529411,4.411764705882353,1.588235294117647,0.0,2.6470588235294112
Bundesliga (Germany),2017/18,M'gladbach,17,1.6470588235294117,1.1764705882352942,15.352941176470589,5.0588235294117645,1.2352941176470589,17,1.1176470588235294,1.8823529411764706,11.352941176470589,4.117647058823529,1.5294117647058822,0.5294117647058822,4.0
Bundesliga (Germany),2017/18,Mainz,17,1.2941176470588236,1.2352941176470589,14.176470588235293,4.529411764705882,1.3529411764705883,17,0.9411764705882353,1.8235294117647058,10.294117647058824,4.0588235294117645,2.3529411764705883,0.3529411764705883,3.8823529411764692
Bundesliga (Germany),2017/18,RB Leipzig,17,2.0,1.5294117647058822,16.294117647058822,6.0,0.8235294117647058,17,1.3529411764705883,1.588235294117647,12.294117647058824,4.352941176470588,2.0,0.6470588235294117,3.9999999999999982
Bundesliga (Germany),2017/18,Schalke 04,17,1.588235294117647,0.8823529411764706,12.0,5.0588235294117645,1.588235294117647,17,1.5294117647058822,1.2941176470588236,11.764705882352942,4.647058823529412,2.0588235294117645,0.05882352941176472,0.235294117647058
Bundesliga (Germany),2017/18,Stuttgart,17,1.0588235294117647,0.5294117647058824,11.588235294117647,3.823529411764706,1.7647058823529411,17,1.0588235294117647,1.588235294117647,10.058823529411764,3.764705882352941,1.7058823529411764,0.0,1.5294117647058822
Bundesliga (Germany),2017/18,Werder Bremen,17,1.1764705882352942,1.0,14.0,4.647058823529412,1.5294117647058822,17,1.0,1.3529411764705883,11.470588235294118,4.352941176470588,1.7058823529411764,0.17647058823529416,2.5294117647058822
Bundesliga (Germany),2017/18,Wolfsburg,17,1.3529411764705883,1.4705882352941178,12.823529411764707,4.235294117647059,1.8823529411764706,17,0.7647058823529411,1.3529411764705883,8.058823529411764,2.6470588235294117,1.7647058823529411,0.5882352941176472,4.764705882352942
Bundesliga (Germany),2018/19,Augsburg,17,2.0,1.9411764705882353,14.764705882352942,5.823529411764706,1.2352941176470589,17,1.0,2.235294117647059,12.176470588235293,3.8823529411764706,2.0,1.0,2.5882352941176485
Bundesliga (Germany),2018/19,Bayern Munich,17,2.8823529411764706,0.8235294117647058,19.235294117647058,7.411764705882353,1.0588235294117647,17,2.2941176470588234,1.0588235294117647,18.176470588235293,7.588235294117647,1.5294117647058822,0.5882352941176472,1.0588235294117645
Bundesliga (Germany),2018/19,Dortmund,17,3.0588235294117645,1.4705882352941178,13.764705882352942,6.0588235294117645,0.9411764705882353,17,1.7058823529411764,1.1176470588235294,12.764705882352942,4.764705882352941,1.411764705882353,1.352941176470588,1.0
Bundesliga (Germany),2018/19,Ein Frankfurt,17,1.8823529411764706,1.2352941176470589,13.470588235294118,5.117647058823529,1.588235294117647,17,1.6470588235294117,1.588235294117647,10.823529411764707,3.8823529411764706,1.9411764705882353,0.23529411764705888,2.6470588235294112
Bundesliga (Germany),2018/19,Fortuna Dusseldorf,17,1.588235294117647,1.6470588235294117,12.470588235294118,4.647058823529412,1.7058823529411764,17,1.2941176470588236,2.176470588235294,12.352941176470589,4.9411764705882355,2.235294117647059,0.2941176470588234,0.117647058823529
Bundesliga (Germany),2018/19,Freiburg,17,1.8823529411764706,1.588235294117647,14.117647058823529,5.705882352941177,1.4705882352941178,17,0.8235294117647058,2.0,10.705882352941176,3.8823529411764706,1.8235294117647058,1.0588235294117647,3.4117647058823533
Bundesliga (Germany),2018/19,Hannover,17,0.8823529411764706,1.5294117647058822,11.941176470588236,3.6470588235294117,1.6470588235294117,17,0.9411764705882353,2.6470588235294117,10.411764705882353,3.5294117647058822,2.1176470588235294,-0.05882352941176472,1.5294117647058822
Bundesliga (Germany),2018/19,Hertha,17,1.5294117647058822,1.588235294117647,12.0,4.529411764705882,1.9411764705882353,17,1.3529411764705883,1.7647058823529411,11.588235294117647,4.235294117647059,2.0,0.17647058823529393,0.41176470588235325
Bundesliga (Germany),2018/19,Hoffenheim,17,1.6470588235294117,1.1764705882352942,19.705882352941178,6.294117647058823,1.7058823529411764,17,2.4705882352941178,1.8823529411764706,15.941176470588236,6.9411764705882355,2.3529411764705883,-0.8235294117647061,3.764705882352942
Bundesliga (Germany),2018/19,Leverkusen,17,1.8823529411764706,1.4705882352941178,16.764705882352942,6.176470588235294,1.3529411764705883,17,2.176470588235294,1.588235294117647,13.588235294117647,5.411764705882353,1.588235294117647,-0.2941176470588234,3.1764705882352953
Bundesliga (Germany),2018/19,M'gladbach,17,1.8235294117647058,1.2941176470588236,15.411764705882353,5.0588235294117645,1.0588235294117647,17,1.411764705882353,1.1764705882352942,11.470588235294118,4.235294117647059,1.4705882352941178,0.4117647058823528,3.9411764705882355
Bundesliga (Germany),2018/19,Mainz,17,1.8235294117647058,1.2941176470588236,16.470588235294116,4.823529411764706,1.9411764705882353,17,0.8823529411764706,2.0588235294117645,12.647058823529411,4.0588235294117645,1.411764705882353,0.9411764705882353,3.8235294117647047
Bundesliga (Germany),2018/19,Nurnberg,17,0.9411764705882353,1.2941176470588236,11.588235294117647,3.235294117647059,1.8235294117647058,17,0.5882352941176471,2.7058823529411766,9.294117647058824,2.8823529411764706,1.6470588235294117,0.3529411764705882,2.2941176470588225
Bundesliga (Germany),2018/19,RB Leipzig,17,2.0,0.5294117647058824,15.882352941176471,5.647058823529412,1.7647058823529411,17,1.7058823529411764,1.1764705882352942,13.058823529411764,5.0588235294117645,1.8235294117647058,0.2941176470588236,2.8235294117647065
Bundesliga (Germany),2018/19,Schalke 04,17,0.9411764705882353,1.6470588235294117,13.352941176470589,3.7058823529411766,1.8823529411764706,17,1.2352941176470589,1.588235294117647,11.235294117647058,4.117647058823529,2.411764705882353,-0.2941176470588236,2.1176470588235308
Bundesliga (Germany),2018/19,Stuttgart,17,1.2941176470588236,1.588235294117647,13.176470588235293,3.9411764705882355,1.8235294117647058,17,0.5882352941176471,2.5294117647058822,10.647058823529411,2.764705882352941,2.0588235294117645,0.7058823529411765,2.5294117647058822
Bundesliga (Germany),2018/19,Werder Bremen,17,2.0588235294117645,1.5294117647058822,15.176470588235293,5.117647058823529,1.411764705882353,17,1.3529411764705883,1.3529411764705883,12.294117647058824,5.235294117647059,2.3529411764705883,0.7058823529411762,2.8823529411764692
Bundesliga (Germany),2018/19,Wolfsburg,17,2.1176470588235294,1.3529411764705883,13.411764705882353,5.411764705882353,1.3529411764705883,17,1.5294117647058822,1.588235294117647,11.411764705882353,4.352941176470588,2.2941176470588234,0.5882352941176472,2.0
Bundesliga (Germany),2019/20,Augsburg,17,1.6470588235294117,1.7058823529411764,11.411764705882353,4.176470588235294,2.235294117647059,17,1.0,2.0,10.235294117647058,3.764705882352941,1.7647058823529411,0.6470588235294117,1.1764705882352953
Bundesliga (Germany),2019/20,Bayern Munich,17,3.1176470588235294,0.8823529411764706,19.88235294117647,8.117647058823529,1.3529411764705883,17,2.764705882352941,1.0,16.88235294117647,7.0,1.8235294117647058,0.3529411764705883,3.0
Bundesliga (Germany),2019/20,Dortmund,17,2.7058823529411766,1.0,15.470588235294118,6.470588235294118,1.1176470588235294,17,2.235294117647059,1.411764705882353,10.941176470588236,5.0588235294117645,1.7647058823529411,0.47058823529411775,4.529411764705882
Bundesliga (Germany),2019/20,Ein Frankfurt,17,2.1176470588235294,1.588235294117647,16.647058823529413,6.352941176470588,2.2941176470588234,17,1.3529411764705883,1.9411764705882353,12.705882352941176,3.823529411764706,1.9411764705882353,0.7647058823529411,3.9411764705882373
Bundesliga (Germany),2019/20,FC Koln,17,1.6470588235294117,1.588235294117647,12.235294117647058,5.0,2.235294117647059,17,1.3529411764705883,2.4705882352941178,12.117647058823529,3.9411764705882355,2.411764705882353,0.2941176470588234,0.117647058823529
Bundesliga (Germany),2019/20,Fortuna Dusseldorf,17,1.0588235294117647,1.6470588235294117,12.647058823529411,3.8823529411764706,2.0,17,1.0588235294117647,2.2941176470588234,12.0,3.4705882352941178,2.588235294117647,0.0,0.6470588235294112
Bundesliga (Germany),2019/20,Freiburg,17,1.3529411764705883,1.0,13.823529411764707,4.764705882352941,1.2352941176470589,17,1.4705882352941178,1.7647058823529411,12.117647058823529,4.117647058823529,1.2941176470588236,-0.11764705882352944,1.7058823529411775
Bundesliga (Germany),2019/20,Hertha,17,1.3529411764705883,1.8823529411764706,10.823529411764707,3.235294117647059,2.588235294117647,17,1.4705882352941178,1.588235294117647,10.117647058823529,4.0588235294117645,2.0,-0.11764705882352944,0.7058823529411775
Bundesliga (Germany),2019/20,Hoffenheim,17,1.5294117647058822,2.176470588235294,14.352941176470589,5.352941176470588,1.6470588235294117,17,1.588235294117647,0.9411764705882353,12.470588235294118,4.411764705882353,2.235294117647059,-0.05882352941176472,1.882352941176471
Bundesliga (Germany),2019/20,Leverkusen,17,1.8823529411764706,1.2941176470588236,16.11764705882353,5.705882352941177,1.6470588235294117,17,1.7058823529411764,1.2941176470588236,13.117647058823529,5.9411764705882355,1.9411764705882353,0.17647058823529416,3.0
Bundesliga (Germany),2019/20,M'gladbach,17,2.3529411764705883,1.2352941176470589,15.117647058823529,6.647058823529412,2.411764705882353,17,1.5294117647058822,1.1176470588235294,12.882352941176471,5.0588235294117645,2.235294117647059,0.8235294117647061,2.235294117647058
Bundesliga (Germany),2019/20,Mainz,17,1.0588235294117647,1.7058823529411764,14.647058823529411,4.352941176470588,2.0588235294117645,17,1.5294117647058822,2.1176470588235294,12.117647058823529,4.235294117647059,2.3529411764705883,-0.47058823529411753,2.5294117647058822
Bundesliga (Germany),2019/20,Paderborn,17,1.2352941176470589,2.7058823529411766,13.529411764705882,4.117647058823529,2.823529411764706,17,0.9411764705882353,1.6470588235294117,11.882352941176471,3.6470588235294117,2.176470588235294,0.2941176470588236,1.6470588235294112
Bundesliga (Germany),2019/20,RB Leipzig,17,2.235294117647059,1.2352941176470589,16.058823529411764,6.647058823529412,1.3529411764705883,17,2.5294117647058822,0.9411764705882353,16.11764705882353,6.235294117647059,1.7647058823529411,-0.2941176470588234,-0.0588235294117645
Bundesliga (Germany),2019/20,Schalke 04,17,1.1764705882352942,1.588235294117647,12.352941176470589,3.9411764705882355,2.0,17,1.0588235294117647,1.8235294117647058,10.0,3.5294117647058822,1.8235294117647058,0.11764705882352944,2.3529411764705888
Bundesliga (Germany),2019/20,Union Berlin,17,1.411764705882353,1.1764705882352942,12.823529411764707,4.764705882352941,1.7058823529411764,17,1.0,2.235294117647059,11.058823529411764,3.4705882352941178,2.411764705882353,0.41176470588235303,1.764705882352942
Bundesliga (Germany),2019/20,Werder Bremen,17,0.8823529411764706,2.1176470588235294,13.823529411764707,4.529411764705882,1.7058823529411764,17,1.588235294117647,1.9411764705882353,11.235294117647058,3.9411764705882355,3.0,-0.7058823529411764,2.5882352941176485
Bundesliga (Germany),2019/20,Wolfsburg,17,1.1176470588235294,1.3529411764705883,15.470588235294118,4.9411764705882355,1.4705882352941178,17,1.7058823529411764,1.3529411764705883,12.294117647058824,4.529411764705882,2.7058823529411766,-0.588235294117647,3.1764705882352935
Bundesliga (Germany),2020/21,Augsburg,17,1.2352941176470589,1.4705882352941178,9.941176470588236,3.3529411764705883,2.3529411764705883,17,0.8823529411764706,1.7058823529411764,10.117647058823529,3.823529411764706,1.8235294117647058,0.3529411764705883,-0.1764705882352935
Bundesliga (Germany),2020/21,Bayern Munich,17,3.764705882352941,1.2352941176470589,18.88235294117647,8.058823529411764,1.3529411764705883,17,2.0588235294117645,1.3529411764705883,16.294117647058822,6.117647058823529,1.2941176470588236,1.7058823529411766,2.5882352941176485
Bundesliga (Germany),2020/21,Bielefeld,17,0.7647058823529411,1.3529411764705883,9.588235294117647,3.176470588235294,1.411764705882353,17,0.7647058823529411,1.7058823529411764,9.117647058823529,2.8823529411764706,1.588235294117647,0.0,0.47058823529411775
Bundesliga (Germany),2020/21,Dortmund,17,2.3529411764705883,1.1764705882352942,14.882352941176471,5.9411764705882355,1.1176470588235294,17,2.0588235294117645,1.5294117647058822,14.176470588235293,5.764705882352941,1.5294117647058822,0.2941176470588238,0.7058823529411775
Bundesliga (Germany),2020/21,Ein Frankfurt,17,2.176470588235294,1.1764705882352942,13.705882352941176,5.764705882352941,2.235294117647059,17,1.8823529411764706,1.9411764705882353,13.235294117647058,4.882352941176471,2.588235294117647,0.2941176470588234,0.47058823529411775
Bundesliga (Germany),2020/21,FC Koln,17,1.1764705882352942,1.8235294117647058,11.529411764705882,3.5294117647058822,1.588235294117647,17,0.8235294117647058,1.7058823529411764,9.470588235294118,3.1176470588235294,2.0,0.3529411764705883,2.0588235294117645
Bundesliga (Germany),2020/21,Freiburg,17,1.9411764705882353,1.3529411764705883,13.235294117647058,5.0588235294117645,1.7058823529411764,17,1.1176470588235294,1.7058823529411764,9.117647058823529,3.764705882352941,2.0,0.8235294117647058,4.117647058823529
Bundesliga (Germany),2020/21,Hertha,17,1.2352941176470589,1.5294117647058822,13.117647058823529,5.529411764705882,2.0,17,1.1764705882352942,1.5294117647058822,9.647058823529411,3.764705882352941,1.9411764705882353,0.05882352941176472,3.4705882352941178
Bundesliga (Germany),2020/21,Hoffenheim,17,1.8823529411764706,1.411764705882353,11.823529411764707,5.0588235294117645,1.411764705882353,17,1.1764705882352942,1.7647058823529411,13.058823529411764,4.705882352941177,2.3529411764705883,0.7058823529411764,-1.235294117647058
Bundesliga (Germany),2020/21,Leverkusen,17,2.0,1.2941176470588236,14.058823529411764,5.823529411764706,1.8235294117647058,17,1.1176470588235294,1.0,11.823529411764707,4.588235294117647,1.588235294117647,0.8823529411764706,2.235294117647058
Bundesliga (Germany),2020/21,M'gladbach,17,1.8823529411764706,1.1176470588235294,13.117647058823529,5.0,1.588235294117647,17,1.8823529411764706,2.176470588235294,13.470588235294118,5.411764705882353,2.0,0.0,-0.35294117647058876
Bundesliga (Germany),2020/21,Mainz,17,0.9411764705882353,1.5294117647058822,10.529411764705882,4.117647058823529,2.0588235294117645,17,1.3529411764705883,1.7647058823529411,11.588235294117647,4.294117647058823,1.6470588235294117,-0.41176470588235303,-1.0588235294117645
Bundesliga (Germany),2020/21,RB Leipzig,17,1.7058823529411764,0.7647058823529411,17.11764705882353,6.352941176470588,1.7058823529411764,17,1.8235294117647058,1.1176470588235294,14.058823529411764,5.9411764705882355,1.6470588235294117,-0.11764705882352944,3.0588235294117645
Bundesliga (Germany),2020/21,Schalke 04,17,0.8235294117647058,2.0,10.235294117647058,3.4705882352941178,2.176470588235294,17,0.6470588235294118,3.0588235294117645,7.705882352941177,1.9411764705882353,2.176470588235294,0.17647058823529405,2.5294117647058814
Bundesliga (Germany),2020/21,Stuttgart,17,1.588235294117647,1.5294117647058822,13.176470588235293,4.235294117647059,1.7647058823529411,17,1.7058823529411764,1.7058823529411764,13.470588235294118,5.294117647058823,2.0588235294117645,-0.11764705882352944,-0.29411764705882426
Bundesliga (Germany),2020/21,Union Berlin,17,1.8823529411764706,1.0588235294117647,12.764705882352942,4.9411764705882355,1.5294117647058822,17,1.0588235294117647,1.4705882352941178,10.588235294117647,3.6470588235294117,1.8235294117647058,0.8235294117647058,2.1764705882352953
Bundesliga (Germany),2020/21,Werder Bremen,17,0.9411764705882353,1.6470588235294117,11.882352941176471,4.0,1.7647058823529411,17,1.1764705882352942,1.7058823529411764,9.294117647058824,3.764705882352941,2.176470588235294,-0.23529411764705888,2.5882352941176467
Bundesliga (Germany),2020/21,Wolfsburg,17,1.8823529411764706,0.9411764705882353,13.764705882352942,4.9411764705882355,1.8823529411764706,17,1.7058823529411764,1.2352941176470589,14.117647058823529,5.176470588235294,1.5294117647058822,0.17647058823529416,-0.352941176470587
Bundesliga (Germany),2021/22,Augsburg,17,1.4705882352941178,1.5294117647058822,12.176470588235293,4.411764705882353,1.7647058823529411,17,0.8235294117647058,1.7647058823529411,10.176470588235293,3.5294117647058822,2.588235294117647,0.6470588235294119,2.0
Bundesliga (Germany),2021/22,Bayern Munich,17,2.823529411764706,0.8823529411764706,20.176470588235293,8.0,1.0,17,2.8823529411764706,1.2941176470588236,19.529411764705884,8.235294117647058,1.1176470588235294,-0.0588235294117645,0.6470588235294095
Bundesliga (Germany),2021/22,Bielefeld,17,0.8823529411764706,1.3529411764705883,10.823529411764707,3.823529411764706,2.0588235294117645,17,0.7058823529411765,1.7647058823529411,10.235294117647058,3.176470588235294,1.1764705882352942,0.17647058823529405,0.5882352941176485
Bundesliga (Germany),2021/22,Bochum,17,1.2352941176470589,1.0,13.764705882352942,5.0,1.1764705882352942,17,1.0,2.0588235294117645,10.352941176470589,3.4705882352941178,2.0588235294117645,0.23529411764705888,3.4117647058823533
Bundesliga (Germany),2021/22,Dortmund,17,3.0588235294117645,1.6470588235294117,14.470588235294118,5.823529411764706,1.5294117647058822,17,1.9411764705882353,1.411764705882353,11.941176470588236,4.647058823529412,2.176470588235294,1.1176470588235292,2.5294117647058822
Bundesliga (Germany),2021/22,Ein Frankfurt,17,1.1764705882352942,1.2941176470588236,15.058823529411764,4.529411764705882,1.411764705882353,17,1.4705882352941178,1.588235294117647,11.352941176470589,3.764705882352941,2.176470588235294,-0.2941176470588236,3.7058823529411757
Bundesliga (Germany),2021/22,FC Koln,17,1.588235294117647,1.2352941176470589,14.411764705882353,5.117647058823529,1.7647058823529411,17,1.4705882352941178,1.6470588235294117,12.882352941176471,4.117647058823529,2.235294117647059,0.11764705882352922,1.5294117647058822
Bundesliga (Germany),2021/22,Freiburg,17,1.8823529411764706,1.4705882352941178,14.882352941176471,5.411764705882353,1.0,17,1.5294117647058822,1.2352941176470589,11.882352941176471,4.470588235294118,1.0,0.3529411764705883,3.0
Bundesliga (Germany),2021/22,Greuther Furth,17,0.8823529411764706,1.9411764705882353,11.058823529411764,3.823529411764706,1.8235294117647058,17,0.7647058823529411,2.8823529411764706,7.235294117647059,2.6470588235294117,1.7647058823529411,0.11764705882352944,3.8235294117647056
Bundesliga (Germany),2021/22,Hertha,17,1.411764705882353,1.9411764705882353,11.411764705882353,3.8823529411764706,1.8823529411764706,17,0.7647058823529411,2.235294117647059,9.647058823529411,3.588235294117647,1.7647058823529411,0.6470588235294119,1.764705882352942
Bundesliga (Germany),2021/22,Hoffenheim,17,2.0,1.411764705882353,14.647058823529411,5.176470588235294,2.0,17,1.411764705882353,2.1176470588235294,11.705882352941176,4.0,2.411764705882353,0.588235294117647,2.9411764705882355
Bundesliga (Germany),2021/22,Leverkusen,17,2.2941176470588234,1.3529411764705883,14.529411764705882,6.117647058823529,2.0,17,2.411764705882353,1.411764705882353,12.176470588235293,5.352941176470588,1.8823529411764706,-0.11764705882352944,2.3529411764705888
Bundesliga (Germany),2021/22,M'gladbach,17,1.9411764705882353,1.588235294117647,16.705882352941178,6.235294117647059,2.1176470588235294,17,1.2352941176470589,2.0,12.352941176470589,4.764705882352941,1.8235294117647058,0.7058823529411764,4.352941176470589
Bundesliga (Germany),2021/22,Mainz,17,1.9411764705882353,0.6470588235294118,14.294117647058824,4.9411764705882355,1.4705882352941178,17,1.0,2.0,12.823529411764707,4.294117647058823,2.176470588235294,0.9411764705882353,1.4705882352941178
Bundesliga (Germany),2021/22,RB Leipzig,17,2.5294117647058822,1.0,13.941176470588236,6.176470588235294,1.3529411764705883,17,1.7058823529411764,1.1764705882352942,11.647058823529411,4.705882352941177,1.5294117647058822,0.8235294117647058,2.2941176470588243
Bundesliga (Germany),2021/22,Stuttgart,17,1.6470588235294117,1.8823529411764706,15.764705882352942,6.294117647058823,1.2941176470588236,17,0.7647058823529411,1.588235294117647,10.529411764705882,3.411764705882353,2.4705882352941178,0.8823529411764706,5.23529411764706
Bundesliga (Germany),2021/22,Union Berlin,17,1.4705882352941178,1.0,11.823529411764707,4.529411764705882,1.8823529411764706,17,1.4705882352941178,1.588235294117647,11.823529411764707,4.882352941176471,1.8235294117647058,0.0,0.0
Bundesliga (Germany),2021/22,Wolfsburg,17,1.4705882352941178,1.2352941176470589,13.411764705882353,4.823529411764706,1.9411764705882353,17,1.0588235294117647,1.9411764705882353,11.294117647058824,3.7058823529411766,1.588235294117647,0.41176470588235303,2.117647058823529
Bundesliga (Germany),2022/23,Augsburg,17,0.9411764705882353,1.411764705882353,10.588235294117647,3.176470588235294,2.7058823529411766,17,1.5294117647058822,2.2941176470588234,10.647058823529411,3.411764705882353,2.9411764705882355,-0.588235294117647,-0.0588235294117645
Bundesliga (Germany),2022/23,Bayern Munich,17,3.1176470588235294,1.0,21.647058823529413,9.529411764705882,1.2941176470588236,17,2.2941176470588234,1.2352941176470589,15.588235294117647,5.705882352941177,1.588235294117647,0.8235294117647061,6.058823529411766
Bundesliga (Germany),2022/23,Bochum,17,1.6470588235294117,1.8823529411764706,12.470588235294118,5.0,2.0588235294117645,17,0.7058823529411765,2.3529411764705883,10.588235294117647,3.2941176470588234,1.7058823529411764,0.9411764705882352,1.882352941176471
Bundesliga (Germany),2022/23,Dortmund,17,3.235294117647059,1.0,16.705882352941178,7.0588235294117645,1.9411764705882353,17,1.6470588235294117,1.588235294117647,16.352941176470587,6.647058823529412,1.9411764705882353,1.5882352941176472,0.35294117647059053
Bundesliga (Germany),2022/23,Ein Frankfurt,17,2.0588235294117645,1.0588235294117647,13.294117647058824,5.117647058823529,1.8823529411764706,17,1.3529411764705883,2.0,10.764705882352942,3.588235294117647,2.3529411764705883,0.7058823529411762,2.5294117647058822
Bundesliga (Germany),2022/23,FC Koln,17,1.6470588235294117,1.1764705882352942,14.235294117647058,6.0,2.0588235294117645,17,1.2352941176470589,2.0,9.941176470588236,3.3529411764705883,2.3529411764705883,0.4117647058823528,4.2941176470588225
Bundesliga (Germany),2022/23,Freiburg,17,1.6470588235294117,0.7647058823529411,14.176470588235293,6.294117647058823,1.6470588235294117,17,1.3529411764705883,1.8235294117647058,10.529411764705882,4.294117647058823,2.0588235294117645,0.2941176470588234,3.6470588235294112
Bundesliga (Germany),2022/23,Hertha,17,1.411764705882353,1.588235294117647,11.705882352941176,4.176470588235294,2.176470588235294,17,1.0588235294117647,2.4705882352941178,10.588235294117647,3.7058823529411766,2.6470588235294117,0.3529411764705883,1.117647058823529
Bundesliga (Germany),2022/23,Hoffenheim,17,1.6470588235294117,1.7058823529411764,14.470588235294118,5.647058823529412,2.0588235294117645,17,1.1764705882352942,1.6470588235294117,9.647058823529411,3.1176470588235294,2.6470588235294117,0.47058823529411753,4.8235294117647065
Bundesliga (Germany),2022/23,Leverkusen,17,2.0588235294117645,1.3529411764705883,14.411764705882353,6.235294117647059,1.9411764705882353,17,1.2941176470588236,1.5294117647058822,10.764705882352942,4.0,2.5294117647058822,0.7647058823529409,3.6470588235294112
Bundesliga (Germany),2022/23,M'gladbach,17,1.9411764705882353,1.0588235294117647,14.647058823529411,6.235294117647059,1.7058823529411764,17,1.1176470588235294,2.176470588235294,9.0,4.235294117647059,1.9411764705882353,0.8235294117647058,5.647058823529411
Bundesliga (Germany),2022/23,Mainz,17,1.8235294117647058,1.4705882352941178,13.176470588235293,5.352941176470588,1.6470588235294117,17,1.3529411764705883,1.7647058823529411,11.411764705882353,4.117647058823529,2.411764705882353,0.47058823529411753,1.7647058823529402
Bundesliga (Germany),2022/23,RB Leipzig,17,2.235294117647059,1.0588235294117647,13.529411764705882,5.705882352941177,1.7647058823529411,17,1.5294117647058822,1.3529411764705883,16.235294117647058,6.0,2.235294117647059,0.7058823529411766,-2.7058823529411757
Bundesliga (Germany),2022/23,Schalke 04,17,1.3529411764705883,2.1176470588235294,13.352941176470589,4.470588235294118,2.1176470588235294,17,0.7058823529411765,2.0588235294117645,10.823529411764707,3.2941176470588234,1.8823529411764706,0.6470588235294118,2.5294117647058822
Bundesliga (Germany),2022/23,Stuttgart,17,1.3529411764705883,1.2941176470588236,15.294117647058824,4.352941176470588,2.1176470588235294,17,1.2941176470588236,2.0588235294117645,11.705882352941176,4.470588235294118,2.1176470588235294,0.05882352941176472,3.5882352941176485
Bundesliga (Germany),2022/23,Union Berlin,17,1.7647058823529411,0.6470588235294118,12.823529411764707,4.117647058823529,1.588235294117647,17,1.2352941176470589,1.588235294117647,9.588235294117647,3.3529411764705883,2.235294117647059,0.5294117647058822,3.2352941176470598
Bundesliga (Germany),2022/23,Werder Bremen,17,1.5294117647058822,1.6470588235294117,11.235294117647058,4.764705882352941,2.1176470588235294,17,1.4705882352941178,2.1176470588235294,9.647058823529411,3.7058823529411766,2.3529411764705883,0.0588235294117645,1.5882352941176467
Bundesliga (Germany),2022/23,Wolfsburg,17,2.0,1.4705882352941178,14.647058823529411,5.529411764705882,1.8235294117647058,17,1.3529411764705883,1.3529411764705883,8.941176470588236,3.3529411764705883,1.9411764705882353,0.6470588235294117,5.705882352941176
Bundesliga (Germany),2023/24,Augsburg,17,1.5294117647058822,1.5294117647058822,12.823529411764707,4.176470588235294,2.2941176470588234,17,1.411764705882353,2.0,12.647058823529411,4.0588235294117645,1.8823529411764706,0.11764705882352922,0.17647058823529527
Bundesliga (Germany),2023/24,Bayern Munich,17,3.1176470588235294,0.7058823529411765,19.705882352941178,8.235294117647058,0.7647058823529411,17,2.411764705882353,1.9411764705882353,17.176470588235293,6.411764705882353,2.0,0.7058823529411766,2.529411764705884
Bundesliga (Germany),2023/24,Bochum,17,1.5294117647058822,1.7058823529411764,17.352941176470587,5.823529411764706,3.1176470588235294,17,0.9411764705882353,2.6470588235294117,12.235294117647058,3.764705882352941,2.588235294117647,0.588235294117647,5.117647058823529
Bundesliga (Germany),2023/24,Darmstadt,17,0.8823529411764706,2.588235294117647,12.823529411764707,4.176470588235294,2.1176470588235294,17,0.8823529411764706,2.4705882352941178,10.823529411764707,2.6470588235294117,2.764705882352941,0.0,2.0
Bundesliga (Germany),2023/24,Dortmund,17,2.176470588235294,1.2941176470588236,17.058823529411764,6.529411764705882,1.3529411764705883,17,1.8235294117647058,1.2352941176470589,12.058823529411764,4.764705882352941,2.0588235294117645,0.3529411764705881,5.0
Bundesliga (Germany),2023/24,Ein Frankfurt,17,1.7058823529411764,1.2352941176470589,13.823529411764707,5.0,1.9411764705882353,17,1.2941176470588236,1.7058823529411764,9.294117647058824,3.764705882352941,2.176470588235294,0.4117647058823528,4.529411764705882
Bundesliga (Germany),2023/24,FC Koln,17,0.8823529411764706,1.6470588235294117,14.588235294117647,4.705882352941177,1.7647058823529411,17,0.7647058823529411,1.8823529411764706,10.529411764705882,4.176470588235294,2.3529411764705883,0.11764705882352944,4.0588235294117645
Bundesliga (Germany),2023/24,Freiburg,17,1.6470588235294117,1.7647058823529411,14.470588235294118,4.764705882352941,2.0,17,1.0,1.6470588235294117,8.764705882352942,3.588235294117647,1.7647058823529411,0.6470588235294117,5.705882352941176
Bundesliga (Germany),2023/24,Heidenheim,17,1.7647058823529411,1.5294117647058822,13.470588235294118,4.294117647058823,1.7058823529411764,17,1.1764705882352942,1.7058823529411764,9.235294117647058,2.7058823529411766,1.4705882352941178,0.588235294117647,4.23529411764706
Bundesliga (Germany),2023/24,Hoffenheim,17,1.8235294117647058,1.8235294117647058,15.823529411764707,5.882352941176471,2.588235294117647,17,2.0588235294117645,2.0588235294117645,11.411764705882353,4.411764705882353,2.4705882352941178,-0.23529411764705865,4.411764705882353
Bundesliga (Germany),2023/24,Leverkusen,17,2.764705882352941,0.6470588235294118,19.529411764705884,8.235294117647058,1.6470588235294117,17,2.4705882352941178,0.7647058823529411,16.529411764705884,6.0,1.8235294117647058,0.2941176470588234,3.0
Bundesliga (Germany),2023/24,M'gladbach,17,1.588235294117647,1.5294117647058822,14.352941176470589,4.647058823529412,1.588235294117647,17,1.7058823529411764,2.411764705882353,11.823529411764707,4.705882352941177,2.2941176470588234,-0.11764705882352944,2.5294117647058822
Bundesliga (Germany),2023/24,Mainz,17,1.3529411764705883,1.0588235294117647,15.823529411764707,5.0,2.764705882352941,17,0.9411764705882353,1.9411764705882353,11.823529411764707,3.8823529411764706,3.0588235294117645,0.41176470588235303,4.0
Bundesliga (Germany),2023/24,RB Leipzig,17,2.3529411764705883,0.7058823529411765,18.11764705882353,7.411764705882353,1.411764705882353,17,2.176470588235294,1.588235294117647,13.176470588235293,5.764705882352941,2.176470588235294,0.17647058823529438,4.9411764705882355
Bundesliga (Germany),2023/24,Stuttgart,17,2.9411764705882355,0.8823529411764706,17.294117647058822,8.235294117647058,1.0588235294117647,17,1.6470588235294117,1.411764705882353,13.470588235294118,4.647058823529412,2.235294117647059,1.2941176470588238,3.8235294117647047
Bundesliga (Germany),2023/24,Union Berlin,17,1.2941176470588236,1.7647058823529411,12.529411764705882,4.470588235294118,1.8235294117647058,17,0.6470588235294118,1.6470588235294117,11.235294117647058,4.0,2.1176470588235294,0.6470588235294118,1.2941176470588243
Bundesliga (Germany),2023/24,Werder Bremen,17,1.7058823529411764,1.5294117647058822,12.294117647058824,4.117647058823529,2.1176470588235294,17,1.1176470588235294,1.6470588235294117,11.176470588235293,3.9411764705882355,2.176470588235294,0.588235294117647,1.1176470588235308
Bundesliga (Germany),2023/24,Wolfsburg,17,1.4705882352941178,1.4705882352941178,12.823529411764707,4.882352941176471,2.5294117647058822,17,0.9411764705882353,1.8235294117647058,11.117647058823529,4.411764705882353,2.5294117647058822,0.5294117647058825,1.7058823529411775
Bundesliga (Germany),2024/25,Augsburg,17,1.0588235294117647,1.1764705882352942,14.117647058823529,4.705882352941177,2.2941176470588234,17,1.0,1.8235294117647058,9.176470588235293,2.4705882352941178,2.235294117647059,0.05882352941176472,4.9411764705882355
Bundesliga (Germany),2024/25,Bayern Munich,17,3.1176470588235294,0.9411764705882353,21.235294117647058,9.0,1.1764705882352942,17,2.7058823529411766,0.9411764705882353,16.41176470588235,6.823529411764706,1.6470588235294117,0.4117647058823528,4.8235294117647065
Bundesliga (Germany),2024/25,Bochum,17,0.9411764705882353,1.9411764705882353,14.529411764705882,4.411764705882353,1.8823529411764706,16,0.9375,2.125,11.0625,3.875,2.25,0.003676470588235281,3.4669117647058822
Bundesliga (Germany),2024/25,Dortmund,17,2.588235294117647,1.1176470588235294,15.294117647058824,5.411764705882353,1.9411764705882353,17,1.588235294117647,1.8823529411764706,12.882352941176471,4.294117647058823,2.0,1.0000000000000002,2.4117647058823533
Bundesliga (Germany),2024/25,Ein Frankfurt,17,2.411764705882353,1.2941176470588236,16.0,5.823529411764706,1.2352941176470589,17,1.588235294117647,1.411764705882353,12.117647058823529,4.9411764705882355,2.0,0.8235294117647058,3.882352941176471
Bundesliga (Germany),2024/25,Freiburg,17,1.8823529411764706,1.5294117647058822,12.352941176470589,4.470588235294118,2.0,17,1.0,1.588235294117647,11.411764705882353,4.0,1.2352941176470589,0.8823529411764706,0.9411764705882355
Bundesliga (Germany),2024/25,Heidenheim,17,0.7647058823529411,1.9411764705882353,12.882352941176471,3.9411764705882355,1.1764705882352942,17,1.411764705882353,1.8235294117647058,11.0,3.9411764705882355,2.5294117647058822,-0.6470588235294119,1.882352941176471
Bundesliga (Germany),2024/25,Hoffenheim,17,1.4705882352941178,2.1176470588235294,14.058823529411764,4.9411764705882355,1.7058823529411764,17,1.2352941176470589,1.8823529411764706,11.823529411764707,4.117647058823529,2.176470588235294,0.23529411764705888,2.235294117647058
Bundesliga (Germany),2024/25,Holstein Kiel,17,1.411764705882353,2.411764705882353,11.176470588235293,4.235294117647059,2.176470588235294,17,1.4705882352941178,2.2941176470588234,10.411764705882353,4.0588235294117645,2.3529411764705883,-0.05882352941176472,0.7647058823529402
Bundesliga (Germany),2024/25,Leverkusen,17,2.1176470588235294,1.2941176470588236,17.529411764705884,6.529411764705882,1.7647058823529411,17,2.1176470588235294,1.2352941176470589,12.294117647058824,4.764705882352941,1.7647058823529411,0.0,5.23529411764706
Bundesliga (Germany),2024/25,M'gladbach,17,1.7058823529411764,1.5294117647058822,12.647058823529411,4.705882352941177,1.588235294117647,17,1.5294117647058822,1.8235294117647058,11.588235294117647,5.0,1.5294117647058822,0.17647058823529416,1.0588235294117645
Bundesliga (Germany),2024/25,Mainz,17,1.411764705882353,1.0588235294117647,13.117647058823529,4.764705882352941,2.2941176470588234,17,1.8235294117647058,1.4705882352941178,11.294117647058824,4.0588235294117645,2.0588235294117645,-0.4117647058823528,1.8235294117647047
Bundesliga (Germany),2024/25,RB Leipzig,17,1.9411764705882353,1.3529411764705883,12.764705882352942,5.352941176470588,1.588235294117647,17,1.1764705882352942,1.4705882352941178,11.176470588235293,3.588235294117647,2.3529411764705883,0.7647058823529411,1.5882352941176485
Bundesliga (Germany),2024/25,St Pauli,17,0.5882352941176471,1.1176470588235294,11.705882352941176,3.411764705882353,1.1764705882352942,17,1.0588235294117647,1.2941176470588236,10.352941176470589,3.2941176470588234,2.0,-0.47058823529411764,1.352941176470587
Bundesliga (Germany),2024/25,Stuttgart,17,2.0588235294117645,1.588235294117647,16.235294117647058,6.352941176470588,2.3529411764705883,17,1.7058823529411764,1.5294117647058822,11.235294117647058,4.529411764705882,1.8823529411764706,0.3529411764705881,5.0
Bundesliga (Germany),2024/25,Union Berlin,16,1.125,1.3125,12.8125,3.8125,2.25,17,1.0,1.6470588235294117,11.117647058823529,3.4705882352941178,2.0,0.125,1.694852941176471
Bundesliga (Germany),2024/25,Werder Bremen,17,1.2352941176470589,1.5294117647058822,13.529411764705882,3.9411764705882355,2.235294117647059,17,1.9411764705882353,1.8235294117647058,11.294117647058824,4.705882352941177,2.1176470588235294,-0.7058823529411764,2.235294117647058
Bundesliga (Germany),2024/25,Wolfsburg,17,1.588235294117647,1.7647058823529411,13.470588235294118,4.529411764705882,1.8823529411764706,17,1.7058823529411764,1.411764705882353,12.117647058823529,3.9411764705882355,2.588235294117647,-0.11764705882352944,1.3529411764705888
Bundesliga (Germany),2025/26,Augsburg,17,1.4705882352941178,1.6470588235294117,13.176470588235293,5.0588235294117645,2.5294117647058822,17,1.1764705882352942,1.9411764705882353,13.176470588235293,4.176470588235294,2.2941176470588234,0.2941176470588236,0.0
Bundesliga (Germany),2025/26,Bayern Munich,17,4.0,1.1176470588235294,21.529411764705884,8.882352941176471,1.3529411764705883,17,3.176470588235294,1.0,16.823529411764707,8.117647058823529,2.0588235294117645,0.8235294117647061,4.7058823529411775
Bundesliga (Germany),2025/26,Dortmund,17,2.3529411764705883,0.9411764705882353,14.823529411764707,5.411764705882353,1.588235294117647,17,1.7647058823529411,1.0588235294117647,11.352941176470589,4.176470588235294,2.1176470588235294,0.5882352941176472,3.4705882352941178
Bundesliga (Germany),2025/26,Ein Frankfurt,17,1.7058823529411764,1.588235294117647,13.176470588235293,5.294117647058823,1.7647058823529411,17,1.8823529411764706,2.235294117647059,10.882352941176471,3.9411764705882355,1.8823529411764706,-0.17647058823529416,2.2941176470588225
Bundesliga (Germany),2025/26,FC Koln,17,1.7647058823529411,1.7647058823529411,15.0,5.411764705882353,1.8235294117647058,17,1.1176470588235294,1.9411764705882353,11.764705882352942,3.764705882352941,1.9411764705882353,0.6470588235294117,3.235294117647058
Bundesliga (Germany),2025/26,Freiburg,17,1.9411764705882353,1.2941176470588236,14.235294117647058,5.117647058823529,1.6470588235294117,17,1.0588235294117647,2.0588235294117645,10.235294117647058,3.2941176470588234,1.4705882352941178,0.8823529411764706,4.0
Bundesliga (Germany),2025/26,Hamburg,17,1.4705882352941178,1.2941176470588236,13.294117647058824,4.705882352941177,2.1176470588235294,17,0.8823529411764706,1.8823529411764706,11.294117647058824,4.411764705882353,2.411764705882353,0.5882352941176472,2.0
Bundesliga (Germany),2025/26,Heidenheim,17,1.3529411764705883,2.176470588235294,11.588235294117647,3.9411764705882355,1.1176470588235294,17,1.0588235294117647,2.0588235294117645,11.294117647058824,3.2941176470588234,1.7058823529411764,0.2941176470588236,0.2941176470588225
Bundesliga (Germany),2025/26,Hoffenheim,17,2.0588235294117645,1.2352941176470589,16.176470588235293,5.9411764705882355,1.8235294117647058,17,1.7647058823529411,1.8235294117647058,12.0,4.411764705882353,2.4705882352941178,0.2941176470588234,4.1764705882352935
Bundesliga (Germany),2025/26,Leverkusen,17,2.235294117647059,1.1176470588235294,18.58823529411765,6.529411764705882,1.8823529411764706,17,1.7647058823529411,1.6470588235294117,11.705882352941176,3.823529411764706,2.235294117647059,0.47058823529411775,6.882352941176473
Bundesliga (Germany),2025/26,M'gladbach,17,1.411764705882353,1.411764705882353,11.588235294117647,4.529411764705882,1.9411764705882353,17,1.0588235294117647,1.7058823529411764,11.705882352941176,3.823529411764706,1.588235294117647,0.3529411764705883,-0.117647058823529
Bundesliga (Germany),2025/26,Mainz,17,1.2352941176470589,1.4705882352941178,13.588235294117647,4.117647058823529,1.7647058823529411,17,1.3529411764705883,1.6470588235294117,10.588235294117647,4.176470588235294,2.3529411764705883,-0.11764705882352944,3.0
Bundesliga (Germany),2025/26,RB Leipzig,17,2.3529411764705883,1.1764705882352942,17.294117647058822,7.294117647058823,1.3529411764705883,17,1.5294117647058822,1.588235294117647,14.294117647058824,4.705882352941177,1.7058823529411764,0.8235294117647061,2.9999999999999982
Bundesliga (Germany),2025/26,St Pauli,17,1.0,1.8235294117647058,10.705882352941176,4.176470588235294,1.7647058823529411,17,0.7058823529411765,1.7058823529411764,9.823529411764707,2.5294117647058822,1.411764705882353,0.2941176470588235,0.8823529411764692
Bundesliga (Germany),2025/26,Stuttgart,17,1.7647058823529411,0.9411764705882353,16.705882352941178,6.176470588235294,1.8823529411764706,17,2.411764705882353,1.9411764705882353,13.764705882352942,6.0,1.8235294117647058,-0.6470588235294117,2.9411764705882355
Bundesliga (Germany),2025/26,Union Berlin,17,1.5294117647058822,1.5294117647058822,13.235294117647058,4.352941176470588,2.5294117647058822,17,1.0588235294117647,1.8823529411764706,11.764705882352942,3.4705882352941178,1.6470588235294117,0.47058823529411753,1.470588235294116
Bundesliga (Germany),2025/26,Werder Bremen,17,1.1176470588235294,1.8235294117647058,15.294117647058824,4.647058823529412,2.235294117647059,17,1.0588235294117647,1.7058823529411764,10.764705882352942,3.588235294117647,2.2941176470588234,0.05882352941176472,4.529411764705882
Bundesliga (Germany),2025/26,Wolfsburg,17,1.2352941176470589,1.8823529411764706,13.647058823529411,4.705882352941177,2.0,17,1.411764705882353,2.176470588235294,10.235294117647058,3.764705882352941,2.0,-0.17647058823529416,3.4117647058823533
La Liga (Spain),2005/06,Alaves,19,1.0526315789473684,1.263157894736842,12.736842105263158,4.631578947368421,2.3684210526315788,19,0.7894736842105263,1.5789473684210527,8.736842105263158,3.3157894736842106,2.263157894736842,0.26315789473684204,4.0
La Liga (Spain),2005/06,Ath Bilbao,19,1.0,0.9473684210526315,13.210526315789474,3.8421052631578947,2.1578947368421053,19,1.105263157894737,1.4736842105263157,10.263157894736842,2.9473684210526314,2.6842105263157894,-0.10526315789473695,2.947368421052632
La Liga (Spain),2005/06,Ath Madrid,19,1.105263157894737,0.9473684210526315,15.894736842105264,5.2105263157894735,3.0526315789473686,19,1.263157894736842,1.0,12.473684210526315,4.315789473684211,3.0,-0.1578947368421051,3.4210526315789487
La Liga (Spain),2005/06,Barcelona,19,2.3684210526315788,0.7894736842105263,19.68421052631579,7.315789473684211,1.8421052631578947,19,1.8421052631578947,1.0526315789473684,15.210526315789474,5.842105263157895,1.894736842105263,0.5263157894736841,4.473684210526317
La Liga (Spain),2005/06,Betis,19,1.0,1.0,13.210526315789474,4.368421052631579,2.6842105263157894,19,0.7894736842105263,1.6842105263157894,13.105263157894736,3.6315789473684212,2.736842105263158,0.21052631578947367,0.10526315789473806
La Liga (Spain),2005/06,Cadiz,19,1.1578947368421053,1.3157894736842106,11.263157894736842,3.6315789473684212,2.4210526315789473,19,0.7368421052631579,1.4210526315789473,7.842105263157895,3.1578947368421053,2.263157894736842,0.42105263157894746,3.421052631578948
La Liga (Spain),2005/06,Celta,19,1.3157894736842106,0.6842105263157895,13.210526315789474,4.578947368421052,2.1578947368421053,19,1.0526315789473684,1.0526315789473684,10.368421052631579,4.157894736842105,1.9473684210526316,0.26315789473684226,2.8421052631578956
La Liga (Spain),2005/06,Espanol,19,1.368421052631579,1.263157894736842,10.842105263157896,3.789473684210526,2.526315789473684,19,0.5263157894736842,1.6842105263157894,11.157894736842104,3.8421052631578947,3.0526315789473686,0.8421052631578948,-0.31578947368420884
La Liga (Spain),2005/06,Getafe,19,1.6842105263157894,1.263157894736842,15.0,5.315789473684211,1.894736842105263,19,1.1578947368421053,1.3157894736842106,13.157894736842104,4.842105263157895,3.0526315789473686,0.5263157894736841,1.8421052631578956
La Liga (Spain),2005/06,La Coruna,19,1.0,1.1578947368421053,15.210526315789474,4.631578947368421,2.6842105263157894,19,1.4736842105263157,1.2105263157894737,11.578947368421053,3.3684210526315788,3.473684210526316,-0.4736842105263157,3.6315789473684212
La Liga (Spain),2005/06,Malaga,19,0.8421052631578947,1.3157894736842106,12.263157894736842,4.052631578947368,2.8421052631578947,19,1.0526315789473684,2.263157894736842,10.631578947368421,3.210526315789474,3.0526315789473686,-0.21052631578947367,1.6315789473684212
La Liga (Spain),2005/06,Mallorca,19,1.105263157894737,1.105263157894737,12.157894736842104,4.684210526315789,2.263157894736842,19,0.8421052631578947,1.5789473684210527,10.473684210526315,2.8421052631578947,2.6842105263157894,0.26315789473684226,1.6842105263157894
La Liga (Spain),2005/06,Osasuna,19,1.4736842105263157,1.0526315789473684,15.368421052631579,4.842105263157895,2.5789473684210527,19,1.105263157894737,1.2105263157894737,9.789473684210526,3.1052631578947367,3.5789473684210527,0.36842105263157876,5.578947368421053
La Liga (Spain),2005/06,Real Madrid,19,2.1052631578947367,1.105263157894737,16.36842105263158,6.157894736842105,2.789473684210526,19,1.5789473684210527,1.0,13.31578947368421,5.157894736842105,2.8947368421052633,0.5263157894736841,3.052631578947368
La Liga (Spain),2005/06,Santander,19,0.9473684210526315,1.368421052631579,11.842105263157896,4.2631578947368425,3.0,19,0.9473684210526315,1.2105263157894737,8.421052631578947,3.0526315789473686,3.6842105263157894,0.0,3.4210526315789487
La Liga (Spain),2005/06,Sevilla,19,1.5263157894736843,0.7894736842105263,15.894736842105264,5.2631578947368425,3.1578947368421053,19,1.3157894736842106,1.263157894736842,12.736842105263158,4.473684210526316,2.1052631578947367,0.21052631578947367,3.157894736842106
La Liga (Spain),2005/06,Sociedad,19,1.631578947368421,1.4210526315789473,13.157894736842104,5.0,1.9473684210526316,19,0.8947368421052632,2.0,10.105263157894736,3.4210526315789473,2.3684210526315788,0.7368421052631579,3.052631578947368
La Liga (Spain),2005/06,Valencia,19,1.7894736842105263,0.8421052631578947,14.631578947368421,5.526315789473684,1.9473684210526316,19,1.263157894736842,0.8947368421052632,10.736842105263158,4.526315789473684,2.473684210526316,0.5263157894736843,3.8947368421052637
La Liga (Spain),2005/06,Villarreal,19,1.4736842105263157,0.9473684210526315,13.263157894736842,4.894736842105263,2.210526315789474,19,1.1578947368421053,1.105263157894737,10.421052631578947,4.368421052631579,3.4210526315789473,0.3157894736842104,2.8421052631578956
La Liga (Spain),2005/06,Zaragoza,19,1.368421052631579,1.368421052631579,15.0,5.526315789473684,2.210526315789474,19,1.0526315789473684,1.3157894736842106,11.105263157894736,4.105263157894737,3.1578947368421053,0.3157894736842106,3.8947368421052637
La Liga (Spain),2006/07,Ath Bilbao,19,1.0,1.4736842105263157,11.736842105263158,3.736842105263158,2.1578947368421053,19,1.3157894736842106,1.7894736842105263,10.210526315789474,3.6315789473684212,2.3157894736842106,-0.3157894736842106,1.5263157894736832
La Liga (Spain),2006/07,Ath Madrid,19,1.0526315789473684,1.0526315789473684,17.105263157894736,5.315789473684211,2.3684210526315788,19,1.368421052631579,1.0,13.0,4.7368421052631575,3.3157894736842106,-0.3157894736842106,4.105263157894736
La Liga (Spain),2006/07,Barcelona,19,2.1578947368421053,0.631578947368421,15.789473684210526,6.315789473684211,1.736842105263158,19,1.9473684210526316,1.105263157894737,13.157894736842104,5.315789473684211,2.3684210526315788,0.21052631578947367,2.6315789473684212
La Liga (Spain),2006/07,Betis,19,0.8947368421052632,1.1578947368421053,12.31578947368421,4.157894736842105,2.4210526315789473,19,1.0,1.4210526315789473,11.0,3.3684210526315788,2.526315789473684,-0.10526315789473684,1.3157894736842106
La Liga (Spain),2006/07,Celta,19,1.105263157894737,1.631578947368421,14.157894736842104,4.7368421052631575,2.0,19,1.0,1.4736842105263157,11.105263157894736,3.9473684210526314,2.6842105263157894,0.10526315789473695,3.052631578947368
La Liga (Spain),2006/07,Espanol,19,1.368421052631579,1.4210526315789473,12.631578947368421,4.052631578947368,2.263157894736842,19,1.0526315789473684,1.368421052631579,8.736842105263158,3.4210526315789473,2.8947368421052633,0.3157894736842106,3.8947368421052637
La Liga (Spain),2006/07,Getafe,19,1.105263157894737,0.5789473684210527,13.052631578947368,4.157894736842105,1.894736842105263,19,0.9473684210526315,1.1578947368421053,10.31578947368421,3.473684210526316,2.789473684210526,0.15789473684210542,2.7368421052631575
La Liga (Spain),2006/07,Gimnastic,19,1.2105263157894737,1.894736842105263,11.263157894736842,3.8421052631578947,2.263157894736842,19,0.5789473684210527,1.736842105263158,8.789473684210526,2.210526315789474,2.4210526315789473,0.631578947368421,2.473684210526317
La Liga (Spain),2006/07,La Coruna,19,1.0,0.8421052631578947,13.631578947368421,3.526315789473684,3.210526315789474,19,0.6842105263157895,1.5263157894736843,11.052631578947368,3.4210526315789473,2.3157894736842106,0.3157894736842105,2.578947368421053
La Liga (Spain),2006/07,Levante,19,1.1578947368421053,1.3157894736842106,12.526315789473685,4.0,2.3684210526315788,19,0.7894736842105263,1.4736842105263157,10.31578947368421,3.0,3.3157894736842106,0.368421052631579,2.2105263157894743
La Liga (Spain),2006/07,Mallorca,19,1.1578947368421053,1.0,13.842105263157896,4.578947368421052,2.1578947368421053,19,1.0,1.4736842105263157,12.263157894736842,3.789473684210526,2.526315789473684,0.1578947368421053,1.578947368421053
La Liga (Spain),2006/07,Osasuna,19,1.368421052631579,1.263157894736842,14.578947368421053,5.052631578947368,2.8421052631578947,19,1.3157894736842106,1.3157894736842106,9.894736842105264,3.1052631578947367,3.0526315789473686,0.05263157894736836,4.684210526315789
La Liga (Spain),2006/07,Real Madrid,19,1.6842105263157894,0.9473684210526315,15.578947368421053,5.7368421052631575,2.8421052631578947,19,1.7894736842105263,1.1578947368421053,10.789473684210526,4.0,3.0526315789473686,-0.10526315789473695,4.789473684210527
La Liga (Spain),2006/07,Recreativo,19,1.4210526315789473,1.2105263157894737,12.210526315789474,5.421052631578948,1.368421052631579,19,1.4210526315789473,1.5263157894736843,10.894736842105264,4.105263157894737,1.736842105263158,0.0,1.3157894736842106
La Liga (Spain),2006/07,Santander,19,1.3157894736842106,1.3157894736842106,12.368421052631579,4.421052631578948,2.789473684210526,19,0.8947368421052632,1.2105263157894737,10.210526315789474,3.263157894736842,3.0526315789473686,0.42105263157894746,2.1578947368421044
La Liga (Spain),2006/07,Sevilla,19,2.1578947368421053,0.6842105263157895,15.631578947368421,6.842105263157895,1.9473684210526316,19,1.2105263157894737,1.1578947368421053,10.68421052631579,3.6315789473684212,3.1052631578947367,0.9473684210526316,4.947368421052632
La Liga (Spain),2006/07,Sociedad,19,1.0526315789473684,1.263157894736842,10.105263157894736,3.4210526315789473,1.8421052631578947,19,0.631578947368421,1.2105263157894737,8.789473684210526,2.6842105263157894,2.6315789473684212,0.42105263157894735,1.3157894736842106
La Liga (Spain),2006/07,Valencia,19,2.1052631578947367,0.8421052631578947,13.263157894736842,4.894736842105263,2.5789473684210527,19,0.8947368421052632,1.368421052631579,9.894736842105264,3.473684210526316,2.6315789473684212,1.2105263157894735,3.3684210526315788
La Liga (Spain),2006/07,Villarreal,19,1.2105263157894737,0.9473684210526315,10.947368421052632,4.105263157894737,2.210526315789474,19,1.3157894736842106,1.368421052631579,11.473684210526315,4.526315789473684,2.473684210526316,-0.10526315789473695,-0.5263157894736832
La Liga (Spain),2006/07,Zaragoza,19,1.736842105263158,0.8421052631578947,14.789473684210526,6.052631578947368,2.0,19,1.1578947368421053,1.4210526315789473,10.789473684210526,3.4210526315789473,3.526315789473684,0.5789473684210527,4.0
La Liga (Spain),2007/08,Almeria,19,0.9473684210526315,0.7368421052631579,12.421052631578947,3.8421052631578947,2.8421052631578947,19,1.263157894736842,1.631578947368421,10.526315789473685,4.157894736842105,2.4210526315789473,-0.3157894736842105,1.894736842105262
La Liga (Spain),2007/08,Ath Bilbao,19,1.1578947368421053,0.7368421052631579,12.947368421052632,3.9473684210526314,3.1052631578947367,19,0.9473684210526315,1.5263157894736843,10.263157894736842,3.6315789473684212,2.6842105263157894,0.21052631578947378,2.6842105263157894
La Liga (Spain),2007/08,Ath Madrid,19,2.3684210526315788,1.368421052631579,15.210526315789474,6.315789473684211,2.9473684210526314,19,1.105263157894737,1.105263157894737,12.0,4.368421052631579,2.9473684210526314,1.2631578947368418,3.2105263157894743
La Liga (Spain),2007/08,Barcelona,19,2.4210526315789473,0.631578947368421,16.94736842105263,7.2631578947368425,1.894736842105263,19,1.5789473684210527,1.631578947368421,12.68421052631579,4.7894736842105265,2.0526315789473686,0.8421052631578947,4.263157894736841
La Liga (Spain),2007/08,Betis,19,1.4210526315789473,1.368421052631579,13.210526315789474,4.368421052631579,2.4210526315789473,19,0.9473684210526315,1.3157894736842106,9.68421052631579,3.526315789473684,2.8421052631578947,0.4736842105263158,3.526315789473685
La Liga (Spain),2007/08,Espanol,19,1.105263157894737,1.2105263157894737,12.210526315789474,4.368421052631579,2.4210526315789473,19,1.1578947368421053,1.5789473684210527,10.842105263157896,4.052631578947368,2.9473684210526314,-0.05263157894736836,1.3684210526315788
La Liga (Spain),2007/08,Getafe,19,1.263157894736842,1.1578947368421053,14.368421052631579,4.842105263157895,2.210526315789474,19,1.0526315789473684,1.368421052631579,12.68421052631579,4.2631578947368425,2.0526315789473686,0.21052631578947367,1.6842105263157894
La Liga (Spain),2007/08,La Coruna,19,1.263157894736842,1.2105263157894737,14.263157894736842,4.315789473684211,1.368421052631579,19,1.1578947368421053,1.263157894736842,10.368421052631579,3.0526315789473686,2.4210526315789473,0.10526315789473673,3.8947368421052637
La Liga (Spain),2007/08,Levante,19,1.1578947368421053,1.7894736842105263,11.105263157894736,3.789473684210526,2.3157894736842106,19,0.5789473684210527,2.1578947368421053,10.631578947368421,3.8421052631578947,2.6315789473684212,0.5789473684210527,0.47368421052631504
La Liga (Spain),2007/08,Mallorca,19,1.8421052631578947,1.1578947368421053,13.473684210526315,4.7368421052631575,2.1052631578947367,19,1.7894736842105263,1.6842105263157894,11.631578947368421,4.368421052631579,2.210526315789474,0.05263157894736836,1.8421052631578938
La Liga (Spain),2007/08,Murcia,19,1.105263157894737,1.368421052631579,10.631578947368421,3.8947368421052633,2.6315789473684212,19,0.7894736842105263,2.0526315789473686,10.052631578947368,3.1052631578947367,3.0,0.3157894736842106,0.5789473684210531
La Liga (Spain),2007/08,Osasuna,19,1.3157894736842106,1.105263157894737,14.157894736842104,5.0,2.6842105263157894,19,0.631578947368421,1.2105263157894737,9.736842105263158,3.1578947368421053,2.8421052631578947,0.6842105263157896,4.421052631578947
La Liga (Spain),2007/08,Real Madrid,19,2.789473684210526,0.9473684210526315,17.473684210526315,7.526315789473684,2.263157894736842,19,1.631578947368421,0.9473684210526315,11.736842105263158,4.631578947368421,2.4210526315789473,1.157894736842105,5.7368421052631575
La Liga (Spain),2007/08,Recreativo,19,1.263157894736842,1.3157894736842106,13.157894736842104,5.0,3.1052631578947367,19,0.8421052631578947,1.8421052631578947,10.052631578947368,2.6842105263157894,2.789473684210526,0.42105263157894735,3.1052631578947363
La Liga (Spain),2007/08,Santander,19,1.263157894736842,0.9473684210526315,13.68421052631579,4.631578947368421,1.736842105263158,19,0.9473684210526315,1.2105263157894737,10.578947368421053,3.210526315789474,2.736842105263158,0.3157894736842105,3.1052631578947363
La Liga (Spain),2007/08,Sevilla,19,2.4210526315789473,1.0526315789473684,17.157894736842106,6.526315789473684,2.3684210526315788,19,1.5263157894736843,1.5263157894736843,12.578947368421053,4.0,2.6842105263157894,0.894736842105263,4.578947368421053
La Liga (Spain),2007/08,Valencia,19,1.263157894736842,1.631578947368421,12.052631578947368,5.052631578947368,1.894736842105263,19,1.263157894736842,1.631578947368421,7.947368421052632,3.6315789473684212,2.736842105263158,0.0,4.105263157894736
La Liga (Spain),2007/08,Valladolid,19,1.0,0.9473684210526315,12.68421052631579,4.526315789473684,1.7894736842105263,19,1.2105263157894737,2.0526315789473686,12.578947368421053,3.6842105263157894,2.3157894736842106,-0.21052631578947367,0.10526315789473628
La Liga (Spain),2007/08,Villarreal,19,1.736842105263158,0.7894736842105263,13.421052631578947,5.684210526315789,1.7894736842105263,19,1.5789473684210527,1.3157894736842106,9.789473684210526,3.4210526315789473,2.5789473684210527,0.1578947368421053,3.6315789473684212
La Liga (Spain),2007/08,Zaragoza,19,1.894736842105263,1.263157894736842,16.210526315789473,5.526315789473684,2.6315789473684212,19,0.7368421052631579,1.9473684210526316,10.421052631578947,3.473684210526316,2.8421052631578947,1.1578947368421053,5.789473684210526
La Liga (Spain),2008/09,Almeria,19,1.4210526315789473,1.0526315789473684,12.210526315789474,4.631578947368421,2.6315789473684212,19,0.9473684210526315,2.1578947368421053,9.68421052631579,3.0,2.3157894736842106,0.4736842105263158,2.526315789473685
La Liga (Spain),2008/09,Ath Bilbao,19,1.4736842105263157,1.5263157894736843,13.789473684210526,5.368421052631579,3.1052631578947367,19,1.0,1.736842105263158,11.052631578947368,3.8947368421052633,2.4210526315789473,0.4736842105263157,2.7368421052631575
La Liga (Spain),2008/09,Ath Madrid,19,2.473684210526316,1.2105263157894737,17.31578947368421,6.368421052631579,2.8421052631578947,19,1.736842105263158,1.7894736842105263,12.157894736842104,4.631578947368421,2.8421052631578947,0.736842105263158,5.157894736842104
La Liga (Spain),2008/09,Barcelona,19,3.210526315789474,0.7368421052631579,19.157894736842106,7.473684210526316,1.894736842105263,19,2.3157894736842106,1.105263157894737,18.05263157894737,7.052631578947368,1.8421052631578947,0.8947368421052633,1.1052631578947363
La Liga (Spain),2008/09,Betis,19,1.263157894736842,1.3157894736842106,15.526315789473685,5.052631578947368,2.1052631578947367,19,1.4210526315789473,1.736842105263158,13.736842105263158,4.894736842105263,2.9473684210526314,-0.1578947368421053,1.7894736842105274
La Liga (Spain),2008/09,Espanol,19,1.4736842105263157,1.1578947368421053,12.368421052631579,4.315789473684211,2.3157894736842106,19,0.9473684210526315,1.4210526315789473,9.842105263157896,4.0,2.9473684210526314,0.5263157894736842,2.526315789473683
La Liga (Spain),2008/09,Getafe,19,1.4210526315789473,1.2105263157894737,17.05263157894737,5.684210526315789,3.0526315789473686,19,1.2105263157894737,1.736842105263158,13.473684210526315,4.7368421052631575,3.210526315789474,0.21052631578947367,3.578947368421055
La Liga (Spain),2008/09,La Coruna,19,1.5789473684210527,0.9473684210526315,15.473684210526315,5.2105263157894735,2.0526315789473686,19,0.9473684210526315,1.5263157894736843,10.31578947368421,3.4210526315789473,2.210526315789474,0.6315789473684211,5.157894736842104
La Liga (Spain),2008/09,Malaga,19,1.4736842105263157,1.2105263157894737,12.052631578947368,5.2631578947368425,2.6315789473684212,19,1.4210526315789473,1.894736842105263,11.263157894736842,4.105263157894737,2.4210526315789473,0.05263157894736836,0.7894736842105257
La Liga (Spain),2008/09,Mallorca,19,1.736842105263158,1.263157894736842,15.789473684210526,6.315789473684211,2.5789473684210527,19,1.0526315789473684,1.894736842105263,13.736842105263158,5.052631578947368,3.1578947368421053,0.6842105263157896,2.052631578947368
La Liga (Spain),2008/09,Numancia,19,1.2105263157894737,1.1578947368421053,11.947368421052632,3.789473684210526,2.5789473684210527,19,0.7894736842105263,2.473684210526316,10.263157894736842,3.210526315789474,2.526315789473684,0.42105263157894735,1.6842105263157894
La Liga (Spain),2008/09,Osasuna,19,1.4210526315789473,1.1578947368421053,12.736842105263158,4.315789473684211,2.6842105263157894,19,0.7368421052631579,1.3157894736842106,9.736842105263158,3.0,2.6315789473684212,0.6842105263157895,3.0
La Liga (Spain),2008/09,Real Madrid,19,2.5789473684210527,1.5263157894736843,18.473684210526315,7.157894736842105,2.8421052631578947,19,1.7894736842105263,1.2105263157894737,14.473684210526315,5.7894736842105265,3.0,0.7894736842105263,4.0
La Liga (Spain),2008/09,Recreativo,19,0.8947368421052632,1.5263157894736843,11.368421052631579,3.5789473684210527,2.3684210526315788,19,0.8947368421052632,1.4736842105263157,9.894736842105264,3.4210526315789473,2.4210526315789473,0.0,1.473684210526315
La Liga (Spain),2008/09,Santander,19,1.4736842105263157,1.1578947368421053,13.421052631578947,4.105263157894737,2.6315789473684212,19,1.105263157894737,1.368421052631579,9.842105263157896,3.1052631578947367,4.0,0.36842105263157876,3.5789473684210513
La Liga (Spain),2008/09,Sevilla,19,1.4736842105263157,1.0526315789473684,16.157894736842106,6.0,2.3157894736842106,19,1.368421052631579,1.0,12.578947368421053,4.105263157894737,2.736842105263158,0.10526315789473673,3.578947368421053
La Liga (Spain),2008/09,Sp Gijon,19,1.263157894736842,1.9473684210526316,14.421052631578947,5.421052631578948,3.4210526315789473,19,1.2105263157894737,2.210526315789474,10.578947368421053,3.526315789473684,2.8421052631578947,0.05263157894736836,3.842105263157894
La Liga (Spain),2008/09,Valencia,19,2.473684210526316,1.368421052631579,17.0,6.368421052631579,2.6842105263157894,19,1.105263157894737,1.4736842105263157,10.894736842105264,3.210526315789474,3.0,1.368421052631579,6.105263157894736
La Liga (Spain),2008/09,Valladolid,19,1.1578947368421053,0.8947368421052632,13.105263157894736,5.315789473684211,1.6842105263157894,19,1.263157894736842,2.1578947368421053,11.526315789473685,3.3157894736842106,2.3157894736842106,-0.10526315789473673,1.5789473684210513
La Liga (Spain),2008/09,Villarreal,19,1.736842105263158,1.3157894736842106,13.842105263157896,6.421052631578948,2.6842105263157894,19,1.4736842105263157,1.5263157894736843,11.789473684210526,4.7894736842105265,2.1578947368421053,0.26315789473684226,2.05263157894737
La Liga (Spain),2009/10,Almeria,19,1.3157894736842106,1.2105263157894737,12.31578947368421,3.736842105263158,2.263157894736842,19,0.9473684210526315,1.6842105263157894,10.842105263157896,3.789473684210526,2.5789473684210527,0.3684210526315791,1.473684210526315
La Liga (Spain),2009/10,Ath Bilbao,19,1.7894736842105263,1.263157894736842,14.736842105263158,5.105263157894737,1.736842105263158,19,0.8421052631578947,1.5263157894736843,10.68421052631579,4.315789473684211,3.0526315789473686,0.9473684210526316,4.052631578947368
La Liga (Spain),2009/10,Ath Madrid,19,1.9473684210526316,1.263157894736842,17.105263157894736,6.7894736842105265,2.210526315789474,19,1.0526315789473684,1.9473684210526316,11.947368421052632,3.9473684210526314,2.263157894736842,0.8947368421052633,5.157894736842104
La Liga (Spain),2009/10,Barcelona,19,3.0,0.5789473684210527,16.789473684210527,7.631578947368421,1.4736842105263157,19,2.1578947368421053,0.6842105263157895,14.473684210526315,5.684210526315789,2.3684210526315788,0.8421052631578947,2.3157894736842124
La Liga (Spain),2009/10,Espanol,19,1.0526315789473684,0.8947368421052632,14.105263157894736,4.473684210526316,2.5789473684210527,19,0.47368421052631576,1.5263157894736843,10.157894736842104,2.473684210526316,3.0526315789473686,0.5789473684210527,3.947368421052632
La Liga (Spain),2009/10,Getafe,19,1.7894736842105263,1.1578947368421053,16.210526315789473,5.7368421052631575,2.210526315789474,19,1.263157894736842,1.368421052631579,12.631578947368421,5.2631578947368425,3.526315789473684,0.5263157894736843,3.5789473684210513
La Liga (Spain),2009/10,La Coruna,19,1.1578947368421053,1.105263157894737,11.473684210526315,3.736842105263158,1.5263157894736843,19,0.6842105263157895,1.4736842105263157,9.263157894736842,2.8947368421052633,1.8421052631578947,0.4736842105263158,2.2105263157894726
La Liga (Spain),2009/10,Malaga,19,1.105263157894737,1.105263157894737,13.105263157894736,4.052631578947368,3.1578947368421053,19,1.105263157894737,1.4210526315789473,10.947368421052632,3.736842105263158,3.6842105263157894,0.0,2.1578947368421044
La Liga (Spain),2009/10,Mallorca,19,2.210526315789474,0.7894736842105263,14.157894736842104,6.0,2.473684210526316,19,0.8947368421052632,1.5263157894736843,11.421052631578947,3.8421052631578947,2.473684210526316,1.3157894736842106,2.7368421052631575
La Liga (Spain),2009/10,Osasuna,19,1.105263157894737,0.8421052631578947,12.0,4.105263157894737,2.0,19,0.8421052631578947,1.5789473684210527,10.263157894736842,3.526315789473684,2.210526315789474,0.26315789473684226,1.7368421052631575
La Liga (Spain),2009/10,Real Madrid,19,3.1578947368421053,0.9473684210526315,24.31578947368421,9.631578947368421,1.8421052631578947,19,2.210526315789474,0.8947368421052632,18.63157894736842,7.526315789473684,2.789473684210526,0.9473684210526314,5.684210526315788
La Liga (Spain),2009/10,Santander,19,0.8947368421052632,1.6842105263157894,11.421052631578947,3.9473684210526314,2.6842105263157894,19,1.3157894736842106,1.4210526315789473,9.736842105263158,3.3157894736842106,2.526315789473684,-0.42105263157894746,1.6842105263157894
La Liga (Spain),2009/10,Sevilla,19,1.736842105263158,0.9473684210526315,16.63157894736842,5.842105263157895,2.3684210526315788,19,1.6842105263157894,1.631578947368421,9.894736842105264,4.052631578947368,2.6315789473684212,0.052631578947368585,6.7368421052631575
La Liga (Spain),2009/10,Sp Gijon,19,1.0526315789473684,0.9473684210526315,13.31578947368421,4.7368421052631575,2.6315789473684212,19,0.8421052631578947,1.736842105263158,8.421052631578947,3.3157894736842106,2.4210526315789473,0.21052631578947367,4.894736842105264
La Liga (Spain),2009/10,Tenerife,19,1.368421052631579,1.5263157894736843,16.0,5.473684210526316,2.1052631578947367,19,0.7368421052631579,2.3684210526315788,12.368421052631579,3.473684210526316,2.4210526315789473,0.6315789473684211,3.6315789473684212
La Liga (Spain),2009/10,Valencia,19,1.7894736842105263,0.631578947368421,16.68421052631579,6.684210526315789,2.473684210526316,19,1.3157894736842106,1.4736842105263157,11.947368421052632,4.368421052631579,3.1052631578947367,0.4736842105263157,4.736842105263159
La Liga (Spain),2009/10,Valladolid,19,1.2105263157894737,1.6842105263157894,14.631578947368421,4.421052631578948,2.8947368421052633,19,0.7368421052631579,1.5789473684210527,12.052631578947368,3.473684210526316,2.1578947368421053,0.4736842105263158,2.578947368421053
La Liga (Spain),2009/10,Villarreal,19,1.8421052631578947,0.9473684210526315,13.263157894736842,5.578947368421052,1.8421052631578947,19,1.2105263157894737,2.0526315789473686,12.105263157894736,5.7368421052631575,2.8421052631578947,0.631578947368421,1.1578947368421062
La Liga (Spain),2009/10,Xerez,19,1.0526315789473684,1.5263157894736843,10.157894736842104,3.526315789473684,2.1052631578947367,19,0.9473684210526315,1.9473684210526316,9.0,3.0,2.9473684210526314,0.10526315789473684,1.1578947368421044
La Liga (Spain),2009/10,Zaragoza,19,1.4210526315789473,1.2105263157894737,15.421052631578947,4.7368421052631575,3.210526315789474,19,1.0,2.1578947368421053,10.105263157894736,3.526315789473684,3.210526315789474,0.42105263157894735,5.315789473684211
La Liga (Spain),2010/11,Almeria,19,1.2105263157894737,1.8421052631578947,13.842105263157896,4.473684210526316,2.3684210526315788,19,0.6842105263157895,1.8421052631578947,10.157894736842104,3.3157894736842106,2.526315789473684,0.5263157894736842,3.684210526315791
La Liga (Spain),2010/11,Ath Bilbao,19,1.6842105263157894,1.0526315789473684,14.473684210526315,5.315789473684211,2.5789473684210527,19,1.4210526315789473,1.8421052631578947,11.947368421052632,4.842105263157895,2.4210526315789473,0.26315789473684204,2.526315789473683
La Liga (Spain),2010/11,Ath Madrid,19,1.8421052631578947,1.0526315789473684,16.63157894736842,6.947368421052632,2.526315789473684,19,1.4210526315789473,1.736842105263158,13.31578947368421,4.368421052631579,2.8947368421052633,0.42105263157894735,3.3157894736842106
La Liga (Spain),2010/11,Barcelona,19,2.4210526315789473,0.5263157894736842,16.210526315789473,7.157894736842105,1.8421052631578947,19,2.5789473684210527,0.5789473684210527,14.894736842105264,7.2631578947368425,1.894736842105263,-0.1578947368421053,1.3157894736842088
La Liga (Spain),2010/11,Espanol,19,1.736842105263158,1.1578947368421053,12.894736842105264,5.052631578947368,2.4210526315789473,19,0.6842105263157895,1.736842105263158,11.263157894736842,4.0,3.1052631578947367,1.0526315789473686,1.6315789473684212
La Liga (Spain),2010/11,Getafe,19,1.736842105263158,1.368421052631579,15.526315789473685,5.368421052631579,2.6315789473684212,19,0.8421052631578947,1.7894736842105263,12.0,3.736842105263158,3.0,0.8947368421052633,3.526315789473685
La Liga (Spain),2010/11,Hercules,19,1.4210526315789473,1.4210526315789473,12.31578947368421,4.7368421052631575,1.9473684210526316,19,0.47368421052631576,1.736842105263158,8.421052631578947,3.3684210526315788,2.8947368421052633,0.9473684210526316,3.8947368421052637
La Liga (Spain),2010/11,La Coruna,19,1.1578947368421053,1.0,13.421052631578947,4.421052631578948,2.0,19,0.47368421052631576,1.4736842105263157,8.368421052631579,2.8947368421052633,2.473684210526316,0.6842105263157896,5.052631578947368
La Liga (Spain),2010/11,Levante,19,1.3157894736842106,1.0526315789473684,11.578947368421053,3.8421052631578947,3.210526315789474,19,0.8421052631578947,1.6842105263157894,8.842105263157896,2.526315789473684,3.3684210526315788,0.47368421052631593,2.7368421052631575
La Liga (Spain),2010/11,Malaga,19,1.5263157894736843,1.5263157894736843,13.473684210526315,4.684210526315789,2.263157894736842,19,1.3157894736842106,2.0526315789473686,9.789473684210526,3.789473684210526,2.736842105263158,0.21052631578947367,3.6842105263157894
La Liga (Spain),2010/11,Mallorca,19,1.3157894736842106,1.0,13.736842105263158,5.368421052631579,2.0,19,0.8421052631578947,1.9473684210526316,11.947368421052632,4.368421052631579,2.473684210526316,0.47368421052631593,1.7894736842105257
La Liga (Spain),2010/11,Osasuna,19,1.4736842105263157,0.7368421052631579,14.157894736842104,4.894736842105263,2.9473684210526314,19,0.8947368421052632,1.6842105263157894,11.105263157894736,3.6842105263157894,2.6315789473684212,0.5789473684210525,3.052631578947368
La Liga (Spain),2010/11,Real Madrid,19,3.210526315789474,0.631578947368421,20.36842105263158,8.842105263157896,2.1052631578947367,19,2.1578947368421053,1.105263157894737,17.42105263157895,6.894736842105263,2.6842105263157894,1.0526315789473686,2.94736842105263
La Liga (Spain),2010/11,Santander,19,1.3157894736842106,1.105263157894737,13.105263157894736,5.315789473684211,2.5789473684210527,19,0.8421052631578947,1.8421052631578947,11.157894736842104,3.9473684210526314,1.894736842105263,0.47368421052631593,1.9473684210526319
La Liga (Spain),2010/11,Sevilla,19,1.8421052631578947,1.4210526315789473,15.473684210526315,6.315789473684211,2.3157894736842106,19,1.4210526315789473,1.7894736842105263,11.789473684210526,4.578947368421052,2.736842105263158,0.42105263157894735,3.6842105263157894
La Liga (Spain),2010/11,Sociedad,19,1.4210526315789473,1.105263157894737,12.578947368421053,4.315789473684211,1.8421052631578947,19,1.1578947368421053,2.3684210526315788,9.947368421052632,3.0,2.1052631578947367,0.26315789473684204,2.6315789473684212
La Liga (Spain),2010/11,Sp Gijon,19,1.2105263157894737,0.8421052631578947,12.526315789473685,5.052631578947368,3.0526315789473686,19,0.631578947368421,1.368421052631579,10.210526315789474,2.9473684210526314,2.263157894736842,0.5789473684210527,2.3157894736842106
La Liga (Spain),2010/11,Valencia,19,1.7894736842105263,1.105263157894737,14.842105263157896,5.842105263157895,2.526315789473684,19,1.5789473684210527,1.2105263157894737,11.157894736842104,4.368421052631579,2.8947368421052633,0.21052631578947367,3.684210526315791
La Liga (Spain),2010/11,Villarreal,19,1.736842105263158,0.7368421052631579,15.31578947368421,6.421052631578948,2.3157894736842106,19,1.105263157894737,1.5789473684210527,12.263157894736842,4.473684210526316,2.3684210526315788,0.631578947368421,3.052631578947368
La Liga (Spain),2010/11,Zaragoza,19,1.368421052631579,1.4210526315789473,15.631578947368421,5.2631578947368425,3.1578947368421053,19,0.7368421052631579,1.368421052631579,11.947368421052632,4.052631578947368,2.8947368421052633,0.6315789473684211,3.6842105263157894
La Liga (Spain),2011/12,Ath Bilbao,19,1.5263157894736843,1.105263157894737,13.631578947368421,4.684210526315789,2.5789473684210527,19,1.0526315789473684,1.631578947368421,10.631578947368421,3.789473684210526,2.789473684210526,0.47368421052631593,3.0
La Liga (Spain),2011/12,Ath Madrid,19,1.894736842105263,0.8947368421052632,17.210526315789473,6.105263157894737,2.9473684210526314,19,0.8947368421052632,1.5263157894736843,13.263157894736842,5.105263157894737,3.736842105263158,0.9999999999999999,3.94736842105263
La Liga (Spain),2011/12,Barcelona,19,3.8421052631578947,0.5789473684210527,17.94736842105263,8.473684210526315,1.736842105263158,19,2.1578947368421053,0.9473684210526315,14.842105263157896,6.631578947368421,2.0,1.6842105263157894,3.1052631578947345
La Liga (Spain),2011/12,Betis,19,1.4736842105263157,1.3157894736842106,15.210526315789474,4.631578947368421,2.3157894736842106,19,1.0,1.631578947368421,11.947368421052632,4.2105263157894735,2.736842105263158,0.4736842105263157,3.2631578947368425
La Liga (Spain),2011/12,Espanol,19,1.631578947368421,1.263157894736842,14.68421052631579,5.526315789473684,3.4210526315789473,19,0.7894736842105263,1.6842105263157894,11.526315789473685,3.473684210526316,3.210526315789474,0.8421052631578947,3.1578947368421044
La Liga (Spain),2011/12,Getafe,19,1.263157894736842,1.0,11.105263157894736,3.5789473684210527,3.6315789473684212,19,0.8421052631578947,1.6842105263157894,8.526315789473685,2.526315789473684,2.9473684210526314,0.42105263157894735,2.5789473684210513
La Liga (Spain),2011/12,Granada,19,1.1578947368421053,1.0526315789473684,13.0,4.526315789473684,2.9473684210526314,19,0.6842105263157895,1.894736842105263,12.894736842105264,4.315789473684211,2.6315789473684212,0.4736842105263158,0.10526315789473628
La Liga (Spain),2011/12,Levante,19,1.736842105263158,1.0,11.263157894736842,4.2105263157894735,2.9473684210526314,19,1.105263157894737,1.631578947368421,9.421052631578947,3.3684210526315788,3.1052631578947367,0.631578947368421,1.8421052631578956
La Liga (Spain),2011/12,Malaga,19,1.8421052631578947,1.105263157894737,17.42105263157895,6.7894736842105265,2.0,19,1.0,1.6842105263157894,10.68421052631579,4.2105263157894735,1.7894736842105263,0.8421052631578947,6.736842105263159
La Liga (Spain),2011/12,Mallorca,19,1.105263157894737,0.7894736842105263,12.263157894736842,3.789473684210526,3.210526315789474,19,1.105263157894737,1.631578947368421,10.736842105263158,3.8421052631578947,3.0526315789473686,0.0,1.526315789473685
La Liga (Spain),2011/12,Osasuna,19,1.368421052631579,1.0,13.894736842105264,5.2631578947368425,2.6315789473684212,19,0.9473684210526315,2.210526315789474,10.631578947368421,3.473684210526316,2.473684210526316,0.42105263157894746,3.2631578947368425
La Liga (Spain),2011/12,Real Madrid,19,3.6842105263157894,1.0,21.526315789473685,8.789473684210526,1.7894736842105263,19,2.6842105263157894,0.6842105263157895,16.842105263157894,6.947368421052632,2.8947368421052633,1.0,4.684210526315791
La Liga (Spain),2011/12,Santander,19,0.5789473684210527,1.263157894736842,10.31578947368421,3.263157894736842,2.9473684210526314,19,0.8947368421052632,2.0526315789473686,8.421052631578947,2.8947368421052633,3.1052631578947367,-0.3157894736842105,1.8947368421052637
La Liga (Spain),2011/12,Sevilla,19,1.6842105263157894,1.3157894736842106,17.42105263157895,6.368421052631579,2.4210526315789473,19,0.8421052631578947,1.1578947368421053,13.526315789473685,4.368421052631579,3.3684210526315788,0.8421052631578947,3.8947368421052637
La Liga (Spain),2011/12,Sociedad,19,1.5263157894736843,0.8947368421052632,13.578947368421053,4.315789473684211,2.0526315789473686,19,0.8947368421052632,1.8421052631578947,11.526315789473685,3.473684210526316,2.1052631578947367,0.6315789473684211,2.052631578947368
La Liga (Spain),2011/12,Sp Gijon,19,1.263157894736842,1.368421052631579,14.578947368421053,4.7894736842105265,2.9473684210526314,19,0.9473684210526315,2.263157894736842,9.68421052631579,2.9473684210526314,3.210526315789474,0.3157894736842105,4.894736842105264
La Liga (Spain),2011/12,Valencia,19,2.1052631578947367,1.0526315789473684,16.36842105263158,6.368421052631579,2.6842105263157894,19,1.0,1.263157894736842,10.526315789473685,3.1052631578947367,4.0,1.1052631578947367,5.842105263157894
La Liga (Spain),2011/12,Vallecano,19,1.5263157894736843,1.368421052631579,14.421052631578947,5.7368421052631575,2.789473684210526,19,1.263157894736842,2.473684210526316,11.421052631578947,4.2631578947368425,3.736842105263158,0.26315789473684226,3.0
La Liga (Spain),2011/12,Villarreal,19,1.368421052631579,1.0526315789473684,13.842105263157896,5.473684210526316,2.1578947368421053,19,0.6842105263157895,1.736842105263158,10.0,3.6842105263157894,2.6842105263157894,0.6842105263157895,3.8421052631578956
La Liga (Spain),2011/12,Zaragoza,19,1.0,1.263157894736842,12.631578947368421,4.052631578947368,3.0,19,0.8947368421052632,1.9473684210526316,10.31578947368421,3.473684210526316,3.263157894736842,0.10526315789473684,2.3157894736842106
La Liga (Spain),2012/13,Ath Bilbao,19,1.1578947368421053,1.4210526315789473,14.473684210526315,4.7368421052631575,2.6842105263157894,19,1.1578947368421053,2.0,10.68421052631579,3.473684210526316,3.263157894736842,0.0,3.7894736842105257
La Liga (Spain),2012/13,Ath Madrid,19,2.210526315789474,0.631578947368421,13.947368421052632,5.421052631578948,2.3684210526315788,19,1.2105263157894737,1.0,12.736842105263158,4.421052631578948,2.6842105263157894,1.0000000000000002,1.2105263157894743
La Liga (Spain),2012/13,Barcelona,19,3.3157894736842106,0.7894736842105263,15.68421052631579,7.052631578947368,0.8421052631578947,19,2.736842105263158,1.3157894736842106,11.894736842105264,5.684210526315789,2.0526315789473686,0.5789473684210527,3.7894736842105257
La Liga (Spain),2012/13,Betis,19,1.4736842105263157,0.9473684210526315,13.894736842105264,4.052631578947368,3.210526315789474,19,1.5263157894736843,2.0,9.578947368421053,4.105263157894737,2.736842105263158,-0.052631578947368585,4.315789473684211
La Liga (Spain),2012/13,Celta,19,1.2105263157894737,1.105263157894737,13.578947368421053,4.2631578947368425,2.6315789473684212,19,0.7368421052631579,1.631578947368421,10.473684210526315,3.3684210526315788,2.526315789473684,0.4736842105263158,3.105263157894738
La Liga (Spain),2012/13,Espanol,19,1.3157894736842106,1.4736842105263157,11.31578947368421,3.8947368421052633,2.9473684210526314,19,0.9473684210526315,1.263157894736842,10.0,3.263157894736842,4.631578947368421,0.3684210526315791,1.3157894736842106
La Liga (Spain),2012/13,Getafe,19,1.3157894736842106,1.2105263157894737,13.0,4.631578947368421,2.5789473684210527,19,0.9473684210526315,1.7894736842105263,11.526315789473685,4.0,3.1578947368421053,0.3684210526315791,1.473684210526315
La Liga (Spain),2012/13,Granada,19,1.105263157894737,1.105263157894737,13.473684210526315,4.631578947368421,3.0,19,0.8421052631578947,1.736842105263158,10.947368421052632,3.1052631578947367,2.263157894736842,0.26315789473684226,2.526315789473683
La Liga (Spain),2012/13,La Coruna,19,1.2105263157894737,1.368421052631579,14.31578947368421,4.684210526315789,2.789473684210526,19,1.263157894736842,2.3157894736842106,13.31578947368421,4.631578947368421,2.3684210526315788,-0.05263157894736836,1.0
La Liga (Spain),2012/13,Levante,19,1.3157894736842106,1.368421052631579,12.894736842105264,4.421052631578948,2.4210526315789473,19,0.7894736842105263,1.631578947368421,8.052631578947368,2.526315789473684,3.210526315789474,0.5263157894736843,4.842105263157896
La Liga (Spain),2012/13,Malaga,19,1.736842105263158,0.9473684210526315,13.263157894736842,5.473684210526316,2.263157894736842,19,1.0526315789473684,1.6842105263157894,9.68421052631579,3.3157894736842106,2.473684210526316,0.6842105263157896,3.578947368421053
La Liga (Spain),2012/13,Mallorca,19,1.368421052631579,1.5789473684210527,14.052631578947368,4.7894736842105265,2.736842105263158,19,0.8947368421052632,2.210526315789474,11.263157894736842,4.157894736842105,2.4210526315789473,0.4736842105263158,2.7894736842105257
La Liga (Spain),2012/13,Osasuna,19,0.7894736842105263,0.7368421052631579,14.894736842105264,4.473684210526316,3.0526315789473686,19,0.9473684210526315,1.894736842105263,11.894736842105264,4.157894736842105,2.736842105263158,-0.1578947368421052,3.0
La Liga (Spain),2012/13,Real Madrid,19,3.526315789473684,1.105263157894737,22.0,9.68421052631579,1.894736842105263,19,1.894736842105263,1.105263157894737,15.052631578947368,6.052631578947368,2.789473684210526,1.631578947368421,6.947368421052632
La Liga (Spain),2012/13,Sevilla,19,2.1578947368421053,1.105263157894737,17.05263157894737,6.052631578947368,2.3157894736842106,19,0.8947368421052632,1.736842105263158,11.842105263157896,4.2105263157894735,2.526315789473684,1.263157894736842,5.210526315789474
La Liga (Spain),2012/13,Sociedad,19,2.1578947368421053,1.1578947368421053,15.894736842105264,6.2105263157894735,2.263157894736842,19,1.5263157894736843,1.4210526315789473,13.0,4.7894736842105265,2.5789473684210527,0.631578947368421,2.8947368421052637
La Liga (Spain),2012/13,Valencia,19,2.210526315789474,1.3157894736842106,15.052631578947368,5.473684210526316,2.8947368421052633,19,1.3157894736842106,1.5263157894736843,14.736842105263158,4.842105263157895,3.4210526315789473,0.8947368421052633,0.3157894736842106
La Liga (Spain),2012/13,Valladolid,19,1.5263157894736843,1.368421052631579,11.0,4.631578947368421,1.9473684210526316,19,1.0526315789473684,1.6842105263157894,9.368421052631579,3.473684210526316,2.1052631578947367,0.47368421052631593,1.6315789473684212
La Liga (Spain),2012/13,Vallecano,19,1.4210526315789473,1.5263157894736843,16.36842105263158,5.315789473684211,3.1578947368421053,19,1.2105263157894737,1.9473684210526316,13.157894736842104,4.315789473684211,4.052631578947368,0.21052631578947367,3.2105263157894743
La Liga (Spain),2012/13,Zaragoza,19,1.2105263157894737,1.4210526315789473,12.736842105263158,4.315789473684211,3.263157894736842,19,0.7368421052631579,1.8421052631578947,11.473684210526315,3.3684210526315788,3.1578947368421053,0.4736842105263158,1.2631578947368425
La Liga (Spain),2013/14,Almeria,19,1.368421052631579,1.631578947368421,11.263157894736842,4.473684210526316,2.526315789473684,19,0.8947368421052632,2.1052631578947367,9.631578947368421,3.210526315789474,2.473684210526316,0.4736842105263158,1.6315789473684212
La Liga (Spain),2013/14,Ath Bilbao,19,2.210526315789474,0.9473684210526315,16.0,6.2631578947368425,1.894736842105263,19,1.263157894736842,1.105263157894737,10.842105263157896,3.6842105263157894,2.1052631578947367,0.9473684210526319,5.157894736842104
La Liga (Spain),2013/14,Ath Madrid,19,2.5789473684210527,0.5263157894736842,14.421052631578947,5.894736842105263,2.1578947368421053,19,1.4736842105263157,0.8421052631578947,12.052631578947368,4.7368421052631575,2.9473684210526314,1.105263157894737,2.3684210526315788
La Liga (Spain),2013/14,Barcelona,19,3.3684210526315788,0.7894736842105263,18.05263157894737,7.7894736842105265,1.4736842105263157,19,1.894736842105263,0.9473684210526315,15.789473684210526,6.2105263157894735,2.3157894736842106,1.4736842105263157,2.2631578947368443
La Liga (Spain),2013/14,Betis,19,1.0,1.631578947368421,15.421052631578947,4.842105263157895,2.6842105263157894,19,0.8947368421052632,2.473684210526316,10.947368421052632,3.6842105263157894,2.736842105263158,0.10526315789473684,4.473684210526315
La Liga (Spain),2013/14,Celta,19,1.2105263157894737,1.2105263157894737,13.578947368421053,4.7894736842105265,2.0,19,1.368421052631579,1.631578947368421,12.421052631578947,4.2105263157894735,2.1052631578947367,-0.1578947368421053,1.1578947368421062
La Liga (Spain),2013/14,Elche,19,0.6842105263157895,0.631578947368421,11.105263157894736,2.8421052631578947,3.1052631578947367,19,0.8947368421052632,2.0,10.105263157894736,3.736842105263158,2.6842105263157894,-0.21052631578947367,1.0
La Liga (Spain),2013/14,Espanol,19,1.2105263157894737,1.1578947368421053,11.0,3.473684210526316,2.526315789473684,19,0.9473684210526315,1.5263157894736843,10.842105263157896,3.6842105263157894,2.3157894736842106,0.26315789473684215,0.15789473684210442
La Liga (Spain),2013/14,Getafe,19,1.0526315789473684,1.263157894736842,12.263157894736842,3.5789473684210527,3.210526315789474,19,0.7894736842105263,1.5789473684210527,10.31578947368421,3.4210526315789473,3.0,0.26315789473684204,1.9473684210526319
La Liga (Spain),2013/14,Granada,19,0.9473684210526315,1.1578947368421053,12.894736842105264,4.2105263157894735,2.473684210526316,19,0.7368421052631579,1.7894736842105263,9.842105263157896,2.5789473684210527,2.6315789473684212,0.21052631578947367,3.052631578947368
La Liga (Spain),2013/14,Levante,19,1.0,0.8421052631578947,10.789473684210526,3.6315789473684212,2.6315789473684212,19,0.8421052631578947,1.4210526315789473,8.368421052631579,2.9473684210526314,3.1052631578947367,0.1578947368421053,2.421052631578947
La Liga (Spain),2013/14,Malaga,19,1.263157894736842,1.105263157894737,13.789473684210526,4.684210526315789,2.1578947368421053,19,0.7894736842105263,1.3157894736842106,11.105263157894736,3.526315789473684,3.736842105263158,0.4736842105263157,2.6842105263157894
La Liga (Spain),2013/14,Osasuna,19,1.0526315789473684,1.3157894736842106,13.421052631578947,4.368421052631579,2.1052631578947367,19,0.631578947368421,1.9473684210526316,9.368421052631579,2.6842105263157894,2.3684210526315788,0.42105263157894735,4.052631578947368
La Liga (Spain),2013/14,Real Madrid,19,3.3157894736842106,0.8947368421052632,20.736842105263158,9.052631578947368,1.4736842105263157,19,2.1578947368421053,1.105263157894737,18.36842105263158,6.7894736842105265,2.4210526315789473,1.1578947368421053,2.3684210526315788
La Liga (Spain),2013/14,Sevilla,19,2.1052631578947367,1.105263157894737,15.736842105263158,4.947368421052632,2.526315789473684,19,1.5263157894736843,1.631578947368421,10.526315789473685,3.6315789473684212,3.3157894736842106,0.5789473684210524,5.210526315789473
La Liga (Spain),2013/14,Sociedad,19,2.0,1.0,14.473684210526315,5.421052631578948,1.7894736842105263,19,1.263157894736842,1.894736842105263,12.0,4.631578947368421,2.1578947368421053,0.736842105263158,2.473684210526315
La Liga (Spain),2013/14,Valencia,19,1.8421052631578947,1.263157894736842,15.368421052631579,5.526315789473684,2.210526315789474,19,0.8421052631578947,1.5263157894736843,12.210526315789474,3.736842105263158,2.6315789473684212,1.0,3.1578947368421044
La Liga (Spain),2013/14,Valladolid,19,1.0526315789473684,0.8947368421052632,11.368421052631579,3.6842105263157894,2.6842105263157894,19,0.9473684210526315,2.263157894736842,8.263157894736842,2.9473684210526314,2.6315789473684212,0.10526315789473684,3.1052631578947363
La Liga (Spain),2013/14,Vallecano,19,1.4736842105263157,1.894736842105263,15.052631578947368,5.2105263157894735,2.789473684210526,19,0.9473684210526315,2.3157894736842106,13.210526315789474,4.052631578947368,2.3684210526315788,0.5263157894736842,1.8421052631578938
La Liga (Spain),2013/14,Villarreal,19,1.894736842105263,1.105263157894737,13.105263157894736,5.105263157894737,1.8421052631578947,19,1.263157894736842,1.2105263157894737,9.842105263157896,3.3157894736842106,1.894736842105263,0.631578947368421,3.2631578947368407
La Liga (Spain),2014/15,Almeria,19,1.0526315789473684,1.4736842105263157,11.578947368421053,3.5789473684210527,3.0526315789473686,19,0.7894736842105263,1.894736842105263,9.210526315789474,2.6842105263157894,2.473684210526316,0.26315789473684204,2.3684210526315788
La Liga (Spain),2014/15,Ath Bilbao,19,1.4736842105263157,1.0526315789473684,13.0,4.368421052631579,2.526315789473684,19,0.7368421052631579,1.105263157894737,10.210526315789474,3.3684210526315788,2.526315789473684,0.7368421052631579,2.7894736842105257
La Liga (Spain),2014/15,Ath Madrid,19,2.210526315789474,0.5789473684210527,13.0,5.368421052631579,2.3684210526315788,19,1.3157894736842106,0.9473684210526315,10.052631578947368,4.473684210526316,3.3684210526315788,0.8947368421052633,2.947368421052632
La Liga (Spain),2014/15,Barcelona,19,3.3684210526315788,0.5789473684210527,17.05263157894737,8.578947368421053,1.631578947368421,19,2.4210526315789473,0.5263157894736842,15.894736842105264,5.7894736842105265,1.8421052631578947,0.9473684210526314,1.1578947368421062
La Liga (Spain),2014/15,Celta,19,1.5789473684210527,1.1578947368421053,15.368421052631579,5.157894736842105,2.526315789473684,19,0.8947368421052632,1.1578947368421053,10.736842105263158,3.5789473684210527,3.526315789473684,0.6842105263157895,4.631578947368421
La Liga (Spain),2014/15,Cordoba,19,0.631578947368421,1.736842105263158,11.68421052631579,3.210526315789474,2.0526315789473686,19,0.5263157894736842,1.8421052631578947,9.105263157894736,3.210526315789474,2.8421052631578947,0.10526315789473684,2.578947368421053
La Liga (Spain),2014/15,Eibar,19,1.0526315789473684,1.5263157894736843,11.31578947368421,3.9473684210526314,2.8947368421052633,19,0.7368421052631579,1.368421052631579,7.473684210526316,2.5789473684210527,2.526315789473684,0.3157894736842105,3.8421052631578947
La Liga (Spain),2014/15,Elche,19,1.0,1.631578947368421,12.157894736842104,3.6842105263157894,2.8421052631578947,19,0.8421052631578947,1.631578947368421,9.31578947368421,3.1052631578947367,2.526315789473684,0.1578947368421053,2.842105263157894
La Liga (Spain),2014/15,Espanol,19,1.2105263157894737,1.0,10.842105263157896,3.9473684210526314,2.9473684210526314,19,1.263157894736842,1.6842105263157894,9.210526315789474,3.4210526315789473,3.1578947368421053,-0.05263157894736836,1.6315789473684212
La Liga (Spain),2014/15,Getafe,19,0.8421052631578947,1.1578947368421053,12.210526315789474,3.9473684210526314,2.526315789473684,19,0.8947368421052632,2.210526315789474,9.894736842105264,3.6315789473684212,2.3684210526315788,-0.052631578947368474,2.3157894736842106
La Liga (Spain),2014/15,Granada,19,0.6842105263157895,0.8947368421052632,12.210526315789474,3.473684210526316,2.789473684210526,19,0.8421052631578947,2.473684210526316,9.0,3.210526315789474,3.0526315789473686,-0.1578947368421052,3.2105263157894743
La Liga (Spain),2014/15,La Coruna,19,1.1578947368421053,1.5789473684210527,11.263157894736842,3.6315789473684212,2.526315789473684,19,0.6842105263157895,1.5789473684210527,9.631578947368421,3.263157894736842,2.8947368421052633,0.4736842105263158,1.6315789473684212
La Liga (Spain),2014/15,Levante,19,1.0526315789473684,1.5789473684210527,10.789473684210526,3.0526315789473686,2.789473684210526,19,0.7368421052631579,1.9473684210526316,10.421052631578947,2.3157894736842106,2.8421052631578947,0.3157894736842105,0.36842105263157876
La Liga (Spain),2014/15,Malaga,19,1.368421052631579,1.0526315789473684,14.578947368421053,5.684210526315789,2.8947368421052633,19,0.8421052631578947,1.4736842105263157,9.473684210526315,3.0,2.4210526315789473,0.5263157894736843,5.105263157894738
La Liga (Spain),2014/15,Real Madrid,19,3.4210526315789473,0.7894736842105263,20.157894736842106,8.421052631578947,1.9473684210526316,19,2.789473684210526,1.2105263157894737,16.05263157894737,6.421052631578948,2.526315789473684,0.6315789473684212,4.105263157894736
La Liga (Spain),2014/15,Sevilla,19,2.0,0.6842105263157895,13.31578947368421,5.0,2.9473684210526314,19,1.736842105263158,1.6842105263157894,10.631578947368421,4.526315789473684,3.1052631578947367,0.26315789473684204,2.6842105263157894
La Liga (Spain),2014/15,Sociedad,19,1.5263157894736843,1.105263157894737,12.31578947368421,3.6842105263157894,2.1052631578947367,19,0.7894736842105263,1.5789473684210527,10.157894736842104,3.263157894736842,2.526315789473684,0.736842105263158,2.157894736842106
La Liga (Spain),2014/15,Valencia,19,2.210526315789474,0.5263157894736842,13.368421052631579,5.0,2.3684210526315788,19,1.4736842105263157,1.1578947368421053,9.736842105263158,3.3684210526315788,2.9473684210526314,0.7368421052631582,3.6315789473684212
La Liga (Spain),2014/15,Vallecano,19,1.368421052631579,1.368421052631579,13.578947368421053,4.842105263157895,2.8421052631578947,19,1.0526315789473684,2.210526315789474,12.368421052631579,4.2105263157894735,2.736842105263158,0.3157894736842106,1.2105263157894743
La Liga (Spain),2014/15,Villarreal,19,1.5263157894736843,0.8947368421052632,15.473684210526315,5.368421052631579,1.5263157894736843,19,1.0,1.0526315789473684,11.263157894736842,4.0,3.4210526315789473,0.5263157894736843,4.210526315789473
La Liga (Spain),2015/16,Ath Bilbao,19,1.8421052631578947,0.8947368421052632,12.526315789473685,4.578947368421052,1.894736842105263,19,1.2105263157894737,1.4736842105263157,11.368421052631579,4.0,2.473684210526316,0.631578947368421,1.1578947368421062
La Liga (Spain),2015/16,Ath Madrid,19,1.736842105263158,0.3684210526315789,14.157894736842104,4.631578947368421,2.3684210526315788,19,1.5789473684210527,0.5789473684210527,11.105263157894736,4.105263157894737,2.263157894736842,0.1578947368421053,3.052631578947368
La Liga (Spain),2015/16,Barcelona,19,3.526315789473684,0.7368421052631579,17.105263157894736,7.631578947368421,1.368421052631579,19,2.3684210526315788,0.7894736842105263,14.68421052631579,6.421052631578948,2.1052631578947367,1.1578947368421053,2.421052631578947
La Liga (Spain),2015/16,Betis,19,0.8947368421052632,1.2105263157894737,12.368421052631579,3.6315789473684212,3.0526315789473686,19,0.8947368421052632,1.5263157894736843,8.263157894736842,2.9473684210526314,2.4210526315789473,0.0,4.105263157894736
La Liga (Spain),2015/16,Celta,19,1.5263157894736843,1.3157894736842106,14.052631578947368,4.7894736842105265,2.263157894736842,19,1.1578947368421053,1.7894736842105263,9.31578947368421,3.3684210526315788,3.473684210526316,0.368421052631579,4.7368421052631575
La Liga (Spain),2015/16,Eibar,19,1.368421052631579,1.1578947368421053,12.210526315789474,4.421052631578948,2.5789473684210527,19,1.2105263157894737,2.0526315789473686,9.842105263157896,3.6315789473684212,2.8421052631578947,0.1578947368421053,2.3684210526315788
La Liga (Spain),2015/16,Espanol,19,1.1578947368421053,1.4736842105263157,10.68421052631579,4.368421052631579,2.9473684210526314,19,0.9473684210526315,2.4210526315789473,9.736842105263158,3.210526315789474,3.3684210526315788,0.21052631578947378,0.9473684210526319
La Liga (Spain),2015/16,Getafe,19,1.2105263157894737,1.0526315789473684,12.789473684210526,4.7368421052631575,3.1052631578947367,19,0.7368421052631579,2.473684210526316,9.947368421052632,2.8421052631578947,3.3157894736842106,0.4736842105263158,2.842105263157894
La Liga (Spain),2015/16,Granada,19,1.368421052631579,1.631578947368421,12.31578947368421,3.5789473684210527,3.263157894736842,19,1.0526315789473684,2.0,10.263157894736842,3.263157894736842,3.736842105263158,0.3157894736842106,2.052631578947368
La Liga (Spain),2015/16,La Coruna,19,1.3157894736842106,1.7894736842105263,13.789473684210526,4.631578947368421,2.1578947368421053,19,1.0526315789473684,1.4210526315789473,9.947368421052632,3.5789473684210527,2.0526315789473686,0.26315789473684226,3.842105263157894
La Liga (Spain),2015/16,Las Palmas,19,1.3157894736842106,0.8947368421052632,11.105263157894736,4.052631578947368,2.6842105263157894,19,1.0526315789473684,1.894736842105263,10.947368421052632,4.578947368421052,2.3157894736842106,0.26315789473684226,0.15789473684210442
La Liga (Spain),2015/16,Levante,19,1.2105263157894737,1.368421052631579,11.947368421052632,4.052631578947368,3.263157894736842,19,0.7368421052631579,2.3157894736842106,10.842105263157896,3.473684210526316,3.3684210526315788,0.4736842105263158,1.1052631578947363
La Liga (Spain),2015/16,Malaga,19,1.368421052631579,0.7894736842105263,13.526315789473685,5.315789473684211,2.5789473684210527,19,0.631578947368421,1.0526315789473684,10.052631578947368,3.4210526315789473,2.8421052631578947,0.736842105263158,3.473684210526317
La Liga (Spain),2015/16,Real Madrid,19,3.6842105263157894,0.8421052631578947,19.842105263157894,9.052631578947368,1.5263157894736843,19,2.1052631578947367,0.9473684210526315,17.526315789473685,6.2105263157894735,2.0526315789473686,1.5789473684210527,2.315789473684209
La Liga (Spain),2015/16,Sevilla,19,2.0,1.105263157894737,14.0,5.894736842105263,2.4210526315789473,19,0.6842105263157895,1.5263157894736843,10.210526315789474,3.6842105263157894,2.5789473684210527,1.3157894736842106,3.7894736842105257
La Liga (Spain),2015/16,Sociedad,19,1.1578947368421053,1.0526315789473684,13.210526315789474,4.105263157894737,2.526315789473684,19,1.2105263157894737,1.4736842105263157,10.842105263157896,4.157894736842105,2.9473684210526314,-0.05263157894736836,2.3684210526315788
La Liga (Spain),2015/16,Sp Gijon,19,1.4736842105263157,1.4736842105263157,11.947368421052632,4.421052631578948,2.526315789473684,19,0.631578947368421,1.7894736842105263,7.578947368421052,2.0,2.6315789473684212,0.8421052631578947,4.36842105263158
La Liga (Spain),2015/16,Valencia,19,1.3157894736842106,1.2105263157894737,12.263157894736842,4.157894736842105,1.7894736842105263,19,1.105263157894737,1.3157894736842106,8.578947368421053,3.1052631578947367,3.526315789473684,0.21052631578947367,3.6842105263157894
La Liga (Spain),2015/16,Vallecano,19,1.5263157894736843,1.5263157894736843,14.0,5.2631578947368425,2.9473684210526314,19,1.2105263157894737,2.3157894736842106,12.368421052631579,4.157894736842105,2.736842105263158,0.3157894736842106,1.6315789473684212
La Liga (Spain),2015/16,Villarreal,19,1.368421052631579,0.631578947368421,10.894736842105264,3.9473684210526314,2.6315789473684212,19,0.9473684210526315,1.2105263157894737,7.105263157894737,3.0,2.4210526315789473,0.42105263157894746,3.7894736842105265
La Liga (Spain),2016/17,Alaves,19,1.0,1.105263157894737,11.578947368421053,3.5789473684210527,3.0526315789473686,19,1.1578947368421053,1.1578947368421053,8.894736842105264,3.3684210526315788,2.8947368421052633,-0.1578947368421053,2.6842105263157894
La Liga (Spain),2016/17,Ath Bilbao,19,1.894736842105263,0.9473684210526315,13.421052631578947,5.7368421052631575,2.1052631578947367,19,0.8947368421052632,1.3157894736842106,11.736842105263158,4.052631578947368,2.473684210526316,0.9999999999999999,1.6842105263157894
La Liga (Spain),2016/17,Ath Madrid,19,2.1052631578947367,0.7368421052631579,16.263157894736842,5.947368421052632,1.6842105263157894,19,1.5789473684210527,0.6842105263157895,10.157894736842104,4.473684210526316,2.526315789473684,0.5263157894736841,6.105263157894738
La Liga (Spain),2016/17,Barcelona,19,3.3684210526315788,0.8947368421052632,19.42105263157895,7.7368421052631575,1.5789473684210527,19,2.736842105263158,1.0526315789473684,14.68421052631579,6.368421052631579,2.263157894736842,0.6315789473684208,4.736842105263159
La Liga (Spain),2016/17,Betis,19,1.1578947368421053,1.263157894736842,13.31578947368421,4.052631578947368,2.6315789473684212,19,1.0,2.1052631578947367,9.842105263157896,3.9473684210526314,2.736842105263158,0.1578947368421053,3.473684210526315
La Liga (Spain),2016/17,Celta,19,1.5789473684210527,1.6842105263157894,11.210526315789474,4.2105263157894735,2.4210526315789473,19,1.2105263157894737,1.9473684210526316,10.105263157894736,3.5789473684210527,2.736842105263158,0.368421052631579,1.105263157894738
La Liga (Spain),2016/17,Eibar,19,1.5263157894736843,1.105263157894737,12.68421052631579,4.631578947368421,1.7894736842105263,19,1.4210526315789473,1.5789473684210527,10.947368421052632,4.684210526315789,3.0,0.10526315789473695,1.7368421052631575
La Liga (Spain),2016/17,Espanol,19,1.4736842105263157,1.263157894736842,11.157894736842104,4.105263157894737,1.8421052631578947,19,1.105263157894737,1.368421052631579,6.894736842105263,2.6842105263157894,2.3684210526315788,0.36842105263157876,4.263157894736842
La Liga (Spain),2016/17,Granada,19,0.8947368421052632,1.6842105263157894,11.68421052631579,3.9473684210526314,2.6315789473684212,19,0.6842105263157895,2.6315789473684212,8.31578947368421,2.5789473684210527,3.1052631578947367,0.21052631578947367,3.3684210526315788
La Liga (Spain),2016/17,La Coruna,19,1.4210526315789473,1.2105263157894737,13.421052631578947,4.7368421052631575,2.1052631578947367,19,0.8421052631578947,2.0,10.842105263157896,2.8947368421052633,2.736842105263158,0.5789473684210527,2.5789473684210513
La Liga (Spain),2016/17,Las Palmas,19,1.736842105263158,1.3157894736842106,12.68421052631579,5.842105263157895,2.4210526315789473,19,1.0526315789473684,2.5789473684210527,10.31578947368421,3.736842105263158,2.736842105263158,0.6842105263157896,2.3684210526315788
La Liga (Spain),2016/17,Leganes,19,1.1578947368421053,1.2105263157894737,11.631578947368421,3.736842105263158,2.6842105263157894,19,0.7368421052631579,1.6842105263157894,10.105263157894736,3.210526315789474,2.8421052631578947,0.42105263157894746,1.526315789473685
La Liga (Spain),2016/17,Malaga,19,1.6842105263157894,1.3157894736842106,14.894736842105264,5.157894736842105,2.6315789473684212,19,0.8947368421052632,1.5789473684210527,10.947368421052632,3.6842105263157894,3.0526315789473686,0.7894736842105262,3.947368421052632
La Liga (Spain),2016/17,Osasuna,19,1.2105263157894737,2.0526315789473686,11.894736842105264,4.473684210526316,2.8947368421052633,19,0.8947368421052632,2.8947368421052633,8.578947368421053,3.0526315789473686,2.263157894736842,0.3157894736842105,3.3157894736842106
La Liga (Spain),2016/17,Real Madrid,19,2.526315789473684,1.0526315789473684,18.263157894736842,7.0,2.263157894736842,19,3.0526315789473686,1.105263157894737,16.526315789473685,6.947368421052632,1.5263157894736843,-0.5263157894736845,1.7368421052631575
La Liga (Spain),2016/17,Sevilla,19,2.0526315789473686,0.8421052631578947,14.473684210526315,6.052631578947368,2.6842105263157894,19,1.5789473684210527,1.736842105263158,11.105263157894736,4.368421052631579,2.8421052631578947,0.47368421052631593,3.3684210526315788
La Liga (Spain),2016/17,Sociedad,19,1.5789473684210527,1.263157894736842,14.473684210526315,4.7894736842105265,1.9473684210526316,19,1.5263157894736843,1.5263157894736843,11.157894736842104,4.0,2.210526315789474,0.05263157894736836,3.3157894736842106
La Liga (Spain),2016/17,Sp Gijon,19,1.368421052631579,2.0,11.526315789473685,4.2631578947368425,2.8421052631578947,19,0.8421052631578947,1.7894736842105263,8.210526315789474,2.8421052631578947,3.0526315789473686,0.5263157894736843,3.3157894736842106
La Liga (Spain),2016/17,Valencia,19,1.6842105263157894,1.6842105263157894,13.894736842105264,5.473684210526316,2.736842105263158,19,1.263157894736842,1.736842105263158,9.631578947368421,3.4210526315789473,2.9473684210526314,0.42105263157894735,4.2631578947368425
La Liga (Spain),2016/17,Villarreal,19,1.8421052631578947,0.9473684210526315,13.578947368421053,5.315789473684211,2.0,19,1.105263157894737,0.7894736842105263,8.789473684210526,3.5789473684210527,2.6842105263157894,0.7368421052631577,4.789473684210527
La Liga (Spain),2017/18,Alaves,19,1.105263157894737,1.2105263157894737,11.578947368421053,3.6315789473684212,3.4210526315789473,19,1.0,1.4210526315789473,8.578947368421053,3.473684210526316,2.3157894736842106,0.10526315789473695,3.0
La Liga (Spain),2017/18,Ath Bilbao,19,1.0,0.8421052631578947,12.0,4.0,1.9473684210526316,19,1.1578947368421053,1.736842105263158,10.631578947368421,4.105263157894737,2.9473684210526314,-0.1578947368421053,1.3684210526315788
La Liga (Spain),2017/18,Ath Madrid,19,1.5789473684210527,0.42105263157894735,11.947368421052632,4.473684210526316,2.6315789473684212,19,1.4736842105263157,0.7368421052631579,9.31578947368421,3.8947368421052633,2.4210526315789473,0.10526315789473695,2.6315789473684212
La Liga (Spain),2017/18,Barcelona,19,2.789473684210526,0.5789473684210527,15.894736842105264,7.368421052631579,1.5789473684210527,19,2.4210526315789473,0.9473684210526315,14.631578947368421,6.947368421052632,1.9473684210526316,0.36842105263157876,1.2631578947368425
La Liga (Spain),2017/18,Betis,19,1.8421052631578947,1.631578947368421,12.736842105263158,5.0,1.8421052631578947,19,1.3157894736842106,1.5789473684210527,9.105263157894736,3.6842105263157894,3.0,0.5263157894736841,3.6315789473684212
La Liga (Spain),2017/18,Celta,19,1.7894736842105263,1.2105263157894737,13.631578947368421,5.421052631578948,2.1578947368421053,19,1.3157894736842106,1.9473684210526316,9.68421052631579,3.1578947368421053,2.3684210526315788,0.4736842105263157,3.947368421052632
La Liga (Spain),2017/18,Eibar,19,1.368421052631579,1.0,13.736842105263158,4.105263157894737,2.0526315789473686,19,0.9473684210526315,1.631578947368421,11.31578947368421,3.3684210526315788,2.3684210526315788,0.42105263157894746,2.421052631578947
La Liga (Spain),2017/18,Espanol,19,1.0526315789473684,0.8421052631578947,12.789473684210526,4.157894736842105,1.894736842105263,19,0.8421052631578947,1.368421052631579,8.842105263157896,3.0,2.789473684210526,0.21052631578947367,3.94736842105263
La Liga (Spain),2017/18,Getafe,19,1.368421052631579,0.6842105263157895,11.421052631578947,4.315789473684211,3.3157894736842106,19,0.8421052631578947,1.0526315789473684,8.052631578947368,2.789473684210526,3.6315789473684212,0.5263157894736843,3.3684210526315788
La Liga (Spain),2017/18,Girona,19,1.368421052631579,1.1578947368421053,12.789473684210526,4.0,2.3684210526315788,19,1.263157894736842,1.9473684210526316,10.526315789473685,4.2105263157894735,3.1052631578947367,0.10526315789473695,2.2631578947368407
La Liga (Spain),2017/18,La Coruna,19,1.1578947368421053,1.736842105263158,14.105263157894736,4.2105263157894735,3.0,19,0.8421052631578947,2.263157894736842,10.31578947368421,3.1052631578947367,2.3157894736842106,0.3157894736842106,3.7894736842105257
La Liga (Spain),2017/18,Las Palmas,19,0.7894736842105263,2.0,13.105263157894736,4.052631578947368,1.9473684210526316,19,0.47368421052631576,1.894736842105263,8.473684210526315,2.6842105263157894,2.736842105263158,0.31578947368421056,4.631578947368421
La Liga (Spain),2017/18,Leganes,19,1.0,1.0,11.210526315789474,3.8421052631578947,2.1052631578947367,19,0.7894736842105263,1.6842105263157894,9.631578947368421,3.3684210526315788,3.4210526315789473,0.21052631578947367,1.578947368421053
La Liga (Spain),2017/18,Levante,19,1.3157894736842106,1.4736842105263157,12.157894736842104,3.5789473684210527,2.736842105263158,19,1.0,1.5789473684210527,9.421052631578947,3.0526315789473686,3.0526315789473686,0.3157894736842106,2.7368421052631575
La Liga (Spain),2017/18,Malaga,19,0.7368421052631579,1.4210526315789473,12.052631578947368,3.210526315789474,2.8421052631578947,19,0.5263157894736842,1.7894736842105263,9.105263157894736,2.9473684210526314,2.4210526315789473,0.21052631578947367,2.947368421052632
La Liga (Spain),2017/18,Real Madrid,19,2.8421052631578947,1.0526315789473684,20.842105263157894,8.473684210526315,1.263157894736842,19,2.1052631578947367,1.263157894736842,15.894736842105264,6.315789473684211,2.1578947368421053,0.736842105263158,4.94736842105263
La Liga (Spain),2017/18,Sevilla,19,1.631578947368421,1.1578947368421053,14.421052631578947,5.368421052631579,2.4210526315789473,19,0.9473684210526315,1.894736842105263,12.894736842105264,4.368421052631579,2.8947368421052633,0.6842105263157895,1.5263157894736832
La Liga (Spain),2017/18,Sociedad,19,2.473684210526316,1.5263157894736843,14.473684210526315,4.947368421052632,1.7894736842105263,19,1.0,1.5789473684210527,12.736842105263158,3.9473684210526314,1.368421052631579,1.473684210526316,1.7368421052631575
La Liga (Spain),2017/18,Valencia,19,1.894736842105263,0.8421052631578947,14.947368421052632,5.631578947368421,2.263157894736842,19,1.5263157894736843,1.1578947368421053,10.210526315789474,4.2105263157894735,3.3157894736842106,0.36842105263157876,4.7368421052631575
La Liga (Spain),2017/18,Villarreal,19,1.8421052631578947,1.1578947368421053,14.68421052631579,5.368421052631579,3.210526315789474,19,1.1578947368421053,1.4736842105263157,10.052631578947368,3.473684210526316,2.9473684210526314,0.6842105263157894,4.631578947368421
La Liga (Spain),2018/19,Alaves,19,1.0,1.0,13.0,3.736842105263158,2.6315789473684212,19,1.0526315789473684,1.631578947368421,9.736842105263158,2.736842105263158,2.6842105263157894,-0.05263157894736836,3.2631578947368425
La Liga (Spain),2018/19,Ath Bilbao,19,1.368421052631579,1.0,12.578947368421053,4.421052631578948,3.3157894736842106,19,0.7894736842105263,1.368421052631579,7.7894736842105265,2.8947368421052633,3.0,0.5789473684210527,4.7894736842105265
La Liga (Spain),2018/19,Ath Madrid,19,1.6842105263157894,0.5263157894736842,12.473684210526315,4.526315789473684,2.736842105263158,19,1.2105263157894737,1.0,10.789473684210526,3.8947368421052633,2.6842105263157894,0.4736842105263157,1.6842105263157894
La Liga (Spain),2018/19,Barcelona,19,2.6842105263157894,0.8947368421052632,17.57894736842105,7.842105263157895,1.736842105263158,19,2.0526315789473686,1.0,11.947368421052632,5.526315789473684,2.3157894736842106,0.6315789473684208,5.6315789473684195
La Liga (Spain),2018/19,Betis,19,1.3157894736842106,1.368421052631579,13.578947368421053,4.684210526315789,2.473684210526316,19,1.0,1.368421052631579,9.789473684210526,4.2105263157894735,2.210526315789474,0.3157894736842106,3.7894736842105274
La Liga (Spain),2018/19,Celta,19,1.631578947368421,1.3157894736842106,12.631578947368421,4.578947368421052,2.210526315789474,19,1.1578947368421053,1.9473684210526316,11.0,3.8421052631578947,2.210526315789474,0.4736842105263157,1.6315789473684212
La Liga (Spain),2018/19,Eibar,19,1.631578947368421,1.105263157894737,16.263157894736842,5.421052631578948,2.1052631578947367,19,0.7894736842105263,1.5263157894736843,11.473684210526315,2.8421052631578947,2.263157894736842,0.8421052631578947,4.789473684210527
La Liga (Spain),2018/19,Espanol,19,1.4736842105263157,1.1578947368421053,13.368421052631579,4.894736842105263,2.1052631578947367,19,1.0526315789473684,1.4736842105263157,11.368421052631579,3.5789473684210527,2.736842105263158,0.42105263157894735,2.0
La Liga (Spain),2018/19,Getafe,19,1.4736842105263157,0.6842105263157895,11.789473684210526,4.0,2.3684210526315788,19,1.0526315789473684,1.1578947368421053,9.105263157894736,2.736842105263158,3.526315789473684,0.42105263157894735,2.6842105263157894
La Liga (Spain),2018/19,Girona,19,0.8947368421052632,1.4736842105263157,11.68421052631579,4.157894736842105,2.1052631578947367,19,1.0526315789473684,1.3157894736842106,9.473684210526315,3.6315789473684212,2.263157894736842,-0.1578947368421052,2.2105263157894743
La Liga (Spain),2018/19,Huesca,19,1.263157894736842,1.5789473684210527,14.894736842105264,5.0,3.1578947368421053,19,1.0,1.8421052631578947,10.052631578947368,2.9473684210526314,2.8421052631578947,0.26315789473684204,4.842105263157896
La Liga (Spain),2018/19,Leganes,19,1.0,0.8421052631578947,13.052631578947368,3.789473684210526,2.9473684210526314,19,0.9473684210526315,1.4210526315789473,9.0,3.1578947368421053,2.6315789473684212,0.052631578947368474,4.052631578947368
La Liga (Spain),2018/19,Levante,19,1.7894736842105263,1.7894736842105263,13.736842105263158,5.105263157894737,3.1052631578947367,19,1.3157894736842106,1.6842105263157894,9.578947368421053,3.3684210526315788,2.789473684210526,0.4736842105263157,4.157894736842104
La Liga (Spain),2018/19,Real Madrid,19,1.6842105263157894,0.7894736842105263,17.736842105263158,6.2631578947368425,1.631578947368421,19,1.631578947368421,1.631578947368421,13.526315789473685,5.0,2.736842105263158,0.05263157894736836,4.210526315789473
La Liga (Spain),2018/19,Sevilla,19,2.0526315789473686,1.0526315789473684,15.894736842105264,5.578947368421052,3.1578947368421053,19,1.2105263157894737,1.4210526315789473,12.105263157894736,3.8947368421052633,3.0526315789473686,0.8421052631578949,3.7894736842105274
La Liga (Spain),2018/19,Sociedad,19,1.2105263157894737,1.0526315789473684,13.368421052631579,4.7368421052631575,2.210526315789474,19,1.1578947368421053,1.368421052631579,9.0,2.8421052631578947,2.1052631578947367,0.05263157894736836,4.368421052631579
La Liga (Spain),2018/19,Valencia,19,1.263157894736842,0.631578947368421,14.631578947368421,4.7894736842105265,2.263157894736842,19,1.4210526315789473,1.2105263157894737,10.526315789473685,3.8947368421052633,2.473684210526316,-0.1578947368421053,4.105263157894736
La Liga (Spain),2018/19,Valladolid,19,0.8421052631578947,1.368421052631579,12.263157894736842,3.789473684210526,2.3157894736842106,19,0.8421052631578947,1.3157894736842106,9.473684210526315,3.210526315789474,2.526315789473684,0.0,2.7894736842105274
La Liga (Spain),2018/19,Vallecano,19,1.3157894736842106,1.6842105263157894,12.789473684210526,4.684210526315789,2.789473684210526,19,0.8421052631578947,2.0,11.157894736842104,3.1578947368421053,2.789473684210526,0.47368421052631593,1.6315789473684212
La Liga (Spain),2018/19,Villarreal,19,1.4736842105263157,1.368421052631579,14.157894736842104,4.684210526315789,3.210526315789474,19,1.105263157894737,1.368421052631579,11.789473684210526,4.421052631578948,3.0,0.36842105263157876,2.3684210526315788
La Liga (Spain),2019/20,Alaves,19,1.0526315789473684,1.0,9.368421052631579,3.0526315789473686,3.263157894736842,19,0.7368421052631579,2.1052631578947367,7.2631578947368425,2.473684210526316,2.473684210526316,0.3157894736842105,2.1052631578947363
La Liga (Spain),2019/20,Ath Bilbao,19,1.105263157894737,0.7368421052631579,13.052631578947368,4.421052631578948,2.736842105263158,19,1.0526315789473684,1.263157894736842,8.736842105263158,2.8947368421052633,2.0,0.052631578947368585,4.315789473684211
La Liga (Spain),2019/20,Ath Madrid,19,1.4736842105263157,0.5789473684210527,13.157894736842104,4.2105263157894735,2.1052631578947367,19,1.2105263157894737,0.8421052631578947,10.368421052631579,3.4210526315789473,3.0,0.26315789473684204,2.7894736842105257
La Liga (Spain),2019/20,Barcelona,19,2.736842105263158,0.8421052631578947,14.578947368421053,6.526315789473684,2.4210526315789473,19,1.7894736842105263,1.1578947368421053,11.473684210526315,5.2631578947368425,2.4210526315789473,0.9473684210526316,3.105263157894738
La Liga (Spain),2019/20,Betis,19,1.7894736842105263,1.4210526315789473,14.052631578947368,4.894736842105263,3.0526315789473686,19,0.7368421052631579,1.736842105263158,11.157894736842104,3.526315789473684,2.6315789473684212,1.0526315789473686,2.8947368421052637
La Liga (Spain),2019/20,Celta,19,1.1578947368421053,1.0526315789473684,10.947368421052632,4.052631578947368,2.6842105263157894,19,0.7894736842105263,1.5263157894736843,8.473684210526315,3.526315789473684,2.736842105263158,0.368421052631579,2.473684210526317
La Liga (Spain),2019/20,Eibar,19,1.3157894736842106,1.3157894736842106,12.0,4.157894736842105,2.6842105263157894,19,0.7368421052631579,1.631578947368421,10.31578947368421,3.3157894736842106,2.1052631578947367,0.5789473684210528,1.6842105263157894
La Liga (Spain),2019/20,Espanol,19,0.7894736842105263,1.631578947368421,11.789473684210526,3.526315789473684,2.4210526315789473,19,0.631578947368421,1.4210526315789473,9.894736842105264,2.9473684210526314,3.1052631578947367,0.1578947368421053,1.894736842105262
La Liga (Spain),2019/20,Getafe,19,1.3157894736842106,1.0526315789473684,11.789473684210526,3.8947368421052633,3.4210526315789473,19,0.9473684210526315,0.8947368421052632,9.894736842105264,2.9473684210526314,3.736842105263158,0.3684210526315791,1.894736842105262
La Liga (Spain),2019/20,Granada,19,1.368421052631579,0.8421052631578947,11.31578947368421,3.3684210526315788,2.473684210526316,19,1.368421052631579,1.5263157894736843,9.368421052631579,3.3684210526315788,3.3157894736842106,0.0,1.9473684210526319
La Liga (Spain),2019/20,Leganes,19,0.8947368421052632,1.368421052631579,11.842105263157896,4.105263157894737,3.1578947368421053,19,0.6842105263157895,1.3157894736842106,10.842105263157896,3.789473684210526,3.526315789473684,0.21052631578947367,1.0
La Liga (Spain),2019/20,Levante,19,1.4210526315789473,1.0,11.631578947368421,3.789473684210526,2.1052631578947367,19,1.0526315789473684,1.7894736842105263,10.789473684210526,3.5789473684210527,2.0526315789473686,0.368421052631579,0.8421052631578956
La Liga (Spain),2019/20,Mallorca,19,1.3157894736842106,1.1578947368421053,11.052631578947368,3.6842105263157894,2.8421052631578947,19,0.7894736842105263,2.263157894736842,11.052631578947368,3.1578947368421053,2.0526315789473686,0.5263157894736843,0.0
La Liga (Spain),2019/20,Osasuna,19,1.368421052631579,1.5263157894736843,13.842105263157896,4.7368421052631575,2.8947368421052633,19,1.0526315789473684,1.3157894736842106,10.31578947368421,3.1578947368421053,2.8947368421052633,0.3157894736842106,3.526315789473685
La Liga (Spain),2019/20,Real Madrid,19,2.1052631578947367,0.5789473684210527,16.473684210526315,7.105263157894737,2.1578947368421053,19,1.5789473684210527,0.7368421052631579,13.105263157894736,5.368421052631579,2.1578947368421053,0.5263157894736841,3.3684210526315788
La Liga (Spain),2019/20,Sevilla,19,1.368421052631579,0.7368421052631579,14.368421052631579,4.578947368421052,2.3684210526315788,19,1.4736842105263157,1.0526315789473684,11.473684210526315,4.526315789473684,2.789473684210526,-0.10526315789473673,2.8947368421052637
La Liga (Spain),2019/20,Sociedad,19,1.736842105263158,1.0526315789473684,13.947368421052632,4.578947368421052,1.9473684210526316,19,1.2105263157894737,1.4736842105263157,8.736842105263158,3.1052631578947367,2.263157894736842,0.5263157894736843,5.210526315789474
La Liga (Spain),2019/20,Valencia,19,1.5263157894736843,0.8421052631578947,10.105263157894736,3.9473684210526314,2.0,19,0.8947368421052632,1.9473684210526316,7.578947368421052,2.3684210526315788,2.263157894736842,0.6315789473684211,2.526315789473684
La Liga (Spain),2019/20,Valladolid,19,0.9473684210526315,0.7894736842105263,10.210526315789474,3.0526315789473686,2.1578947368421053,19,0.7368421052631579,1.4736842105263157,9.526315789473685,3.4210526315789473,2.1052631578947367,0.21052631578947367,0.6842105263157894
La Liga (Spain),2019/20,Villarreal,19,1.9473684210526316,1.3157894736842106,13.736842105263158,5.052631578947368,2.0526315789473686,19,1.368421052631579,1.263157894736842,12.368421052631579,4.052631578947368,2.0526315789473686,0.5789473684210527,1.3684210526315788
La Liga (Spain),2020/21,Alaves,19,1.105263157894737,1.3157894736842106,10.526315789473685,3.210526315789474,2.526315789473684,19,0.7894736842105263,1.6842105263157894,7.7368421052631575,2.263157894736842,2.5789473684210527,0.3157894736842106,2.7894736842105274
La Liga (Spain),2020/21,Ath Bilbao,19,1.5263157894736843,1.0,11.736842105263158,4.0,2.3157894736842106,19,0.8947368421052632,1.2105263157894737,9.526315789473685,3.1052631578947367,2.0,0.6315789473684211,2.2105263157894726
La Liga (Spain),2020/21,Ath Madrid,19,2.1578947368421053,0.5789473684210527,13.631578947368421,5.631578947368421,2.0526315789473686,19,1.368421052631579,0.7368421052631579,10.68421052631579,4.2105263157894735,3.1052631578947367,0.7894736842105263,2.947368421052632
La Liga (Spain),2020/21,Barcelona,19,2.3157894736842106,1.0526315789473684,16.210526315789473,6.7894736842105265,1.5263157894736843,19,2.1578947368421053,0.9473684210526315,14.368421052631579,5.894736842105263,2.263157894736842,0.1578947368421053,1.8421052631578938
La Liga (Spain),2020/21,Betis,19,1.4210526315789473,1.105263157894737,11.578947368421053,4.473684210526316,2.210526315789474,19,1.2105263157894737,1.5263157894736843,11.736842105263158,3.9473684210526314,2.6842105263157894,0.21052631578947367,-0.15789473684210442
La Liga (Spain),2020/21,Cadiz,19,0.8947368421052632,1.5789473684210527,8.526315789473685,2.736842105263158,2.1052631578947367,19,1.0,1.4736842105263157,7.526315789473684,2.6315789473684212,2.1052631578947367,-0.10526315789473684,1.0000000000000009
La Liga (Spain),2020/21,Celta,19,1.5789473684210527,1.5789473684210527,10.842105263157896,4.0,2.789473684210526,19,1.3157894736842106,1.4210526315789473,7.947368421052632,3.526315789473684,2.8947368421052633,0.26315789473684204,2.8947368421052637
La Liga (Spain),2020/21,Eibar,19,0.631578947368421,1.105263157894737,13.210526315789474,3.8421052631578947,2.210526315789474,19,0.8947368421052632,1.631578947368421,10.631578947368421,3.3157894736842106,1.4736842105263157,-0.26315789473684215,2.578947368421053
La Liga (Spain),2020/21,Elche,19,0.9473684210526315,1.2105263157894737,6.526315789473684,2.3157894736842106,2.5789473684210527,19,0.8421052631578947,1.6842105263157894,7.578947368421052,2.4210526315789473,2.6315789473684212,0.10526315789473684,-1.0526315789473681
La Liga (Spain),2020/21,Getafe,19,0.7894736842105263,0.6842105263157895,10.473684210526315,3.1052631578947367,3.0526315789473686,19,0.6842105263157895,1.5789473684210527,8.526315789473685,2.526315789473684,3.210526315789474,0.10526315789473684,1.94736842105263
La Liga (Spain),2020/21,Granada,19,1.3157894736842106,1.3157894736842106,10.0,3.3684210526315788,2.5789473684210527,19,1.1578947368421053,2.1052631578947367,8.894736842105264,3.210526315789474,2.5789473684210527,0.1578947368421053,1.1052631578947363
La Liga (Spain),2020/21,Huesca,19,0.8947368421052632,1.105263157894737,11.263157894736842,3.736842105263158,1.7894736842105263,19,0.8947368421052632,1.6842105263157894,10.105263157894736,3.3684210526315788,1.894736842105263,0.0,1.1578947368421062
La Liga (Spain),2020/21,Levante,19,1.4210526315789473,1.5789473684210527,11.473684210526315,4.157894736842105,1.7894736842105263,19,1.0,1.4210526315789473,8.789473684210526,2.736842105263158,1.7894736842105263,0.42105263157894735,2.6842105263157894
La Liga (Spain),2020/21,Osasuna,19,1.105263157894737,1.2105263157894737,9.947368421052632,3.0526315789473686,1.894736842105263,19,0.8421052631578947,1.3157894736842106,9.842105263157896,3.4210526315789473,2.3157894736842106,0.26315789473684226,0.10526315789473628
La Liga (Spain),2020/21,Real Madrid,19,1.736842105263158,0.6842105263157895,15.947368421052632,4.684210526315789,1.1578947368421053,19,1.7894736842105263,0.7894736842105263,12.842105263157896,4.473684210526316,2.0,-0.05263157894736836,3.1052631578947363
La Liga (Spain),2020/21,Sevilla,19,1.4210526315789473,0.5789473684210527,13.052631578947368,4.105263157894737,1.9473684210526316,19,1.368421052631579,1.1578947368421053,11.210526315789474,3.473684210526316,2.1578947368421053,0.05263157894736836,1.8421052631578938
La Liga (Spain),2020/21,Sociedad,19,1.7894736842105263,1.105263157894737,11.473684210526315,4.2631578947368425,2.3157894736842106,19,1.3157894736842106,0.8947368421052632,11.052631578947368,3.8421052631578947,1.9473684210526316,0.4736842105263157,0.4210526315789469
La Liga (Spain),2020/21,Valencia,19,1.7894736842105263,1.2105263157894737,10.421052631578947,3.789473684210526,2.263157894736842,19,0.8421052631578947,1.5789473684210527,10.421052631578947,3.6315789473684212,2.0526315789473686,0.9473684210526316,0.0
La Liga (Spain),2020/21,Valladolid,19,1.0,1.5789473684210527,9.31578947368421,3.526315789473684,2.473684210526316,19,0.7894736842105263,1.4210526315789473,10.0,2.736842105263158,2.4210526315789473,0.21052631578947367,-0.6842105263157894
La Liga (Spain),2020/21,Villarreal,19,1.5263157894736843,1.2105263157894737,12.157894736842104,4.7894736842105265,1.5789473684210527,19,1.631578947368421,1.105263157894737,9.210526315789474,3.789473684210526,1.894736842105263,-0.10526315789473673,2.94736842105263
La Liga (Spain),2021/22,Alaves,19,0.8947368421052632,1.105263157894737,11.894736842105264,3.6842105263157894,2.526315789473684,19,0.7368421052631579,2.3157894736842106,8.210526315789474,2.6315789473684212,2.3157894736842106,0.1578947368421053,3.6842105263157894
La Liga (Spain),2021/22,Ath Bilbao,19,1.5263157894736843,0.9473684210526315,14.052631578947368,5.368421052631579,2.1578947368421053,19,0.7368421052631579,0.9473684210526315,10.473684210526315,3.1578947368421053,2.526315789473684,0.7894736842105264,3.578947368421053
La Liga (Spain),2021/22,Ath Madrid,19,1.736842105263158,0.8421052631578947,13.736842105263158,4.315789473684211,2.8947368421052633,19,1.6842105263157894,1.4210526315789473,10.68421052631579,4.105263157894737,2.5789473684210527,0.052631578947368585,3.052631578947368
La Liga (Spain),2021/22,Barcelona,19,1.9473684210526316,1.0,15.263157894736842,5.631578947368421,2.1578947368421053,19,1.631578947368421,1.0,12.0,4.2631578947368425,2.9473684210526314,0.3157894736842106,3.2631578947368425
La Liga (Spain),2021/22,Betis,19,1.7894736842105263,1.1578947368421053,15.368421052631579,5.578947368421052,2.4210526315789473,19,1.4736842105263157,0.9473684210526315,11.736842105263158,4.421052631578948,2.1578947368421053,0.3157894736842106,3.6315789473684212
La Liga (Spain),2021/22,Cadiz,19,1.0,1.263157894736842,12.210526315789474,3.6315789473684212,2.9473684210526314,19,0.8421052631578947,1.4210526315789473,9.421052631578947,3.0526315789473686,2.6315789473684212,0.1578947368421053,2.7894736842105274
La Liga (Spain),2021/22,Celta,19,1.368421052631579,1.2105263157894737,12.157894736842104,4.0,2.1578947368421053,19,0.8947368421052632,1.0526315789473684,9.421052631578947,3.473684210526316,2.4210526315789473,0.4736842105263158,2.7368421052631575
La Liga (Spain),2021/22,Elche,19,1.263157894736842,1.105263157894737,10.789473684210526,3.4210526315789473,2.6842105263157894,19,0.8421052631578947,1.631578947368421,6.842105263157895,2.263157894736842,2.789473684210526,0.42105263157894735,3.947368421052631
La Liga (Spain),2021/22,Espanol,19,1.3157894736842106,1.0,10.631578947368421,3.473684210526316,2.8421052631578947,19,0.7894736842105263,1.7894736842105263,10.68421052631579,3.5789473684210527,2.3684210526315788,0.5263157894736843,-0.05263157894736814
La Liga (Spain),2021/22,Getafe,19,1.105263157894737,0.7894736842105263,12.368421052631579,3.8947368421052633,3.0526315789473686,19,0.631578947368421,1.368421052631579,9.105263157894736,2.3157894736842106,3.210526315789474,0.47368421052631593,3.2631578947368425
La Liga (Spain),2021/22,Granada,19,1.1578947368421053,1.5263157894736843,12.0,3.526315789473684,2.6315789473684212,19,1.1578947368421053,1.6842105263157894,10.421052631578947,3.6315789473684212,2.8421052631578947,0.0,1.578947368421053
La Liga (Spain),2021/22,Levante,19,1.4736842105263157,1.5789473684210527,12.0,4.473684210526316,2.8947368421052633,19,1.2105263157894737,2.4210526315789473,11.31578947368421,3.9473684210526314,2.789473684210526,0.26315789473684204,0.6842105263157894
La Liga (Spain),2021/22,Mallorca,19,1.0526315789473684,1.3157894736842106,13.052631578947368,4.0,2.6842105263157894,19,0.8421052631578947,2.0,10.31578947368421,3.210526315789474,3.263157894736842,0.21052631578947367,2.7368421052631575
La Liga (Spain),2021/22,Osasuna,19,0.8947368421052632,1.368421052631579,12.68421052631579,3.473684210526316,2.1578947368421053,19,1.0526315789473684,1.3157894736842106,10.157894736842104,3.0,2.263157894736842,-0.1578947368421052,2.526315789473685
La Liga (Spain),2021/22,Real Madrid,19,2.3157894736842106,0.6842105263157895,18.894736842105264,7.2631578947368425,1.7894736842105263,19,1.894736842105263,0.9473684210526315,15.578947368421053,6.368421052631579,2.210526315789474,0.42105263157894757,3.3157894736842106
La Liga (Spain),2021/22,Sevilla,19,1.894736842105263,0.8947368421052632,12.631578947368421,4.368421052631579,2.4210526315789473,19,0.8947368421052632,0.6842105263157895,10.105263157894736,3.3157894736842106,2.6315789473684212,0.9999999999999999,2.526315789473685
La Liga (Spain),2021/22,Sociedad,19,0.8421052631578947,0.47368421052631576,11.473684210526315,4.105263157894737,2.210526315789474,19,1.263157894736842,1.4736842105263157,11.631578947368421,4.157894736842105,1.894736842105263,-0.42105263157894735,-0.1578947368421062
La Liga (Spain),2021/22,Valencia,19,1.368421052631579,1.263157894736842,11.421052631578947,3.789473684210526,3.263157894736842,19,1.1578947368421053,1.5263157894736843,9.736842105263158,3.736842105263158,3.6842105263157894,0.21052631578947367,1.6842105263157894
La Liga (Spain),2021/22,Vallecano,19,1.368421052631579,1.1578947368421053,14.68421052631579,4.473684210526316,2.1578947368421053,19,0.6842105263157895,1.4736842105263157,11.894736842105264,2.9473684210526314,3.0,0.6842105263157895,2.7894736842105257
La Liga (Spain),2021/22,Villarreal,19,2.1052631578947367,0.9473684210526315,13.263157894736842,5.368421052631579,1.894736842105263,19,1.2105263157894737,1.0,10.68421052631579,3.6842105263157894,2.3684210526315788,0.894736842105263,2.578947368421053
La Liga (Spain),2022/23,Almeria,19,1.5263157894736843,1.1578947368421053,12.105263157894736,4.368421052631579,2.5789473684210527,19,1.0526315789473684,2.263157894736842,11.052631578947368,3.9473684210526314,2.473684210526316,0.47368421052631593,1.0526315789473681
La Liga (Spain),2022/23,Ath Bilbao,19,1.1578947368421053,0.7894736842105263,16.473684210526315,4.578947368421052,2.1578947368421053,19,1.3157894736842106,1.4736842105263157,12.421052631578947,4.473684210526316,2.1052631578947367,-0.1578947368421053,4.052631578947368
La Liga (Spain),2022/23,Ath Madrid,19,2.1578947368421053,0.7894736842105263,16.0,5.947368421052632,2.1052631578947367,19,1.5263157894736843,0.9473684210526315,12.31578947368421,4.578947368421052,2.6842105263157894,0.631578947368421,3.6842105263157894
La Liga (Spain),2022/23,Barcelona,19,1.9473684210526316,0.21052631578947367,17.63157894736842,6.2631578947368425,1.6842105263157894,19,1.736842105263158,0.8421052631578947,12.578947368421053,4.052631578947368,2.5789473684210527,0.21052631578947367,5.052631578947368
La Liga (Spain),2022/23,Betis,19,1.368421052631579,0.9473684210526315,11.421052631578947,4.473684210526316,2.0,19,1.0526315789473684,1.2105263157894737,10.578947368421053,3.473684210526316,2.3157894736842106,0.3157894736842106,0.8421052631578938
La Liga (Spain),2022/23,Cadiz,19,1.0,1.2105263157894737,10.947368421052632,3.3684210526315788,3.0,19,0.5789473684210527,1.5789473684210527,9.842105263157896,2.736842105263158,3.0526315789473686,0.42105263157894735,1.1052631578947363
La Liga (Spain),2022/23,Celta,19,1.368421052631579,1.105263157894737,13.947368421052632,5.0,2.0526315789473686,19,0.8947368421052632,1.6842105263157894,11.052631578947368,3.6315789473684212,2.473684210526316,0.4736842105263158,2.8947368421052637
La Liga (Spain),2022/23,Elche,19,0.9473684210526315,1.5263157894736843,13.263157894736842,4.368421052631579,2.3684210526315788,19,0.631578947368421,2.0,8.210526315789474,2.473684210526316,2.8421052631578947,0.3157894736842105,5.052631578947368
La Liga (Spain),2022/23,Espanol,19,1.4210526315789473,1.8421052631578947,13.210526315789474,5.052631578947368,2.4210526315789473,19,1.3157894736842106,1.7894736842105263,8.947368421052632,3.210526315789474,2.736842105263158,0.10526315789473673,4.2631578947368425
La Liga (Spain),2022/23,Getafe,19,1.105263157894737,1.0526315789473684,11.631578947368421,3.8421052631578947,3.3157894736842106,19,0.6842105263157895,1.3157894736842106,7.947368421052632,2.789473684210526,3.3157894736842106,0.42105263157894746,3.6842105263157894
La Liga (Spain),2022/23,Girona,19,1.8421052631578947,1.368421052631579,13.736842105263158,5.315789473684211,2.210526315789474,19,1.2105263157894737,1.5263157894736843,10.210526315789474,3.6315789473684212,2.6842105263157894,0.631578947368421,3.526315789473683
La Liga (Spain),2022/23,Mallorca,19,1.1578947368421053,0.631578947368421,9.368421052631579,3.3684210526315788,3.5789473684210527,19,0.7894736842105263,1.631578947368421,7.894736842105263,2.6315789473684212,2.736842105263158,0.368421052631579,1.473684210526316
La Liga (Spain),2022/23,Osasuna,19,1.263157894736842,1.105263157894737,13.789473684210526,4.526315789473684,2.3157894736842106,19,0.6842105263157895,1.105263157894737,9.68421052631579,2.736842105263158,2.5789473684210527,0.5789473684210525,4.105263157894736
La Liga (Spain),2022/23,Real Madrid,19,2.3157894736842106,0.8421052631578947,18.473684210526315,6.473684210526316,1.631578947368421,19,1.631578947368421,1.0526315789473684,15.578947368421053,5.315789473684211,2.1578947368421053,0.6842105263157896,2.894736842105262
La Liga (Spain),2022/23,Sevilla,19,1.263157894736842,1.3157894736842106,15.0,4.578947368421052,2.8947368421052633,19,1.2105263157894737,1.5263157894736843,9.631578947368421,3.210526315789474,3.3684210526315788,0.05263157894736836,5.368421052631579
La Liga (Spain),2022/23,Sociedad,19,1.368421052631579,0.8421052631578947,12.789473684210526,4.473684210526316,2.4210526315789473,19,1.3157894736842106,1.0,11.894736842105264,5.0,2.3157894736842106,0.05263157894736836,0.8947368421052619
La Liga (Spain),2022/23,Valencia,19,1.4210526315789473,1.0,14.052631578947368,4.526315789473684,2.6842105263157894,19,0.7894736842105263,1.368421052631579,11.578947368421053,3.3157894736842106,2.1052631578947367,0.631578947368421,2.473684210526315
La Liga (Spain),2022/23,Valladolid,19,1.105263157894737,1.3157894736842106,14.157894736842104,4.947368421052632,1.6842105263157894,19,0.631578947368421,2.0,9.31578947368421,2.6842105263157894,3.210526315789474,0.47368421052631593,4.842105263157894
La Liga (Spain),2022/23,Vallecano,19,1.4736842105263157,1.1578947368421053,15.263157894736842,4.684210526315789,2.210526315789474,19,0.8947368421052632,1.631578947368421,11.894736842105264,3.473684210526316,2.526315789473684,0.5789473684210525,3.3684210526315788
La Liga (Spain),2022/23,Villarreal,19,1.894736842105263,0.9473684210526315,15.578947368421053,6.368421052631579,2.526315789473684,19,1.2105263157894737,1.1578947368421053,11.0,3.9473684210526314,2.263157894736842,0.6842105263157894,4.578947368421053
La Liga (Spain),2023/24,Alaves,19,1.2105263157894737,1.0,12.631578947368421,3.736842105263158,2.263157894736842,19,0.6842105263157895,1.4210526315789473,11.842105263157896,4.0,2.1578947368421053,0.5263157894736842,0.7894736842105257
La Liga (Spain),2023/24,Almeria,19,1.1578947368421053,1.894736842105263,15.842105263157896,5.578947368421052,2.1578947368421053,19,1.105263157894737,2.0526315789473686,9.421052631578947,3.1578947368421053,2.6315789473684212,0.05263157894736836,6.421052631578949
La Liga (Spain),2023/24,Ath Bilbao,19,2.210526315789474,0.9473684210526315,14.263157894736842,6.052631578947368,2.0,19,1.0,1.0,10.157894736842104,2.9473684210526314,2.210526315789474,1.210526315789474,4.105263157894738
La Liga (Spain),2023/24,Ath Madrid,19,2.210526315789474,1.1578947368421053,14.105263157894736,5.578947368421052,2.0526315789473686,19,1.4736842105263157,1.105263157894737,11.210526315789474,5.2105263157894735,2.6842105263157894,0.7368421052631582,2.894736842105262
La Liga (Spain),2023/24,Barcelona,19,2.263157894736842,1.105263157894737,17.894736842105264,6.894736842105263,2.3157894736842106,19,1.894736842105263,1.2105263157894737,13.31578947368421,5.368421052631579,2.263157894736842,0.368421052631579,4.578947368421053
La Liga (Spain),2023/24,Betis,19,1.4210526315789473,1.0,15.31578947368421,4.684210526315789,2.3684210526315788,19,1.105263157894737,1.368421052631579,10.421052631578947,3.526315789473684,2.210526315789474,0.3157894736842104,4.894736842105264
La Liga (Spain),2023/24,Cadiz,19,0.8421052631578947,1.0,11.68421052631579,3.526315789473684,3.0526315789473686,19,0.5263157894736842,1.894736842105263,9.263157894736842,2.9473684210526314,2.5789473684210527,0.3157894736842105,2.421052631578947
La Liga (Spain),2023/24,Celta,19,1.105263157894737,1.2105263157894737,14.789473684210526,4.631578947368421,1.9473684210526316,19,1.3157894736842106,1.7894736842105263,10.052631578947368,3.736842105263158,1.4736842105263157,-0.21052631578947367,4.7368421052631575
La Liga (Spain),2023/24,Getafe,19,1.0526315789473684,1.1578947368421053,13.052631578947368,4.421052631578948,3.1052631578947367,19,1.1578947368421053,1.6842105263157894,10.842105263157896,4.052631578947368,4.0,-0.10526315789473695,2.2105263157894726
La Liga (Spain),2023/24,Girona,19,2.789473684210526,1.0526315789473684,12.947368421052632,5.842105263157895,1.631578947368421,19,1.6842105263157894,1.368421052631579,12.473684210526315,4.2631578947368425,2.263157894736842,1.1052631578947367,0.4736842105263168
La Liga (Spain),2023/24,Granada,19,1.263157894736842,1.6842105263157894,12.368421052631579,4.421052631578948,2.3684210526315788,19,0.7368421052631579,2.473684210526316,8.789473684210526,2.526315789473684,2.6842105263157894,0.5263157894736842,3.578947368421053
La Liga (Spain),2023/24,Las Palmas,19,1.0526315789473684,1.0526315789473684,10.578947368421053,3.8947368421052633,2.4210526315789473,19,0.6842105263157895,1.4210526315789473,9.947368421052632,2.6842105263157894,1.894736842105263,0.36842105263157887,0.6315789473684212
La Liga (Spain),2023/24,Mallorca,19,0.8947368421052632,0.8421052631578947,11.578947368421053,3.8421052631578947,2.8947368421052633,19,0.8421052631578947,1.4736842105263157,10.473684210526315,3.4210526315789473,2.526315789473684,0.052631578947368474,1.105263157894738
La Liga (Spain),2023/24,Osasuna,19,1.0,1.368421052631579,12.736842105263158,3.6315789473684212,2.263157894736842,19,1.368421052631579,1.5789473684210527,9.631578947368421,3.210526315789474,1.7894736842105263,-0.368421052631579,3.1052631578947363
La Liga (Spain),2023/24,Real Madrid,19,2.526315789473684,0.47368421052631576,17.842105263157894,7.368421052631579,1.6842105263157894,19,2.0526315789473686,0.8947368421052632,13.526315789473685,5.7368421052631575,1.9473684210526316,0.4736842105263155,4.315789473684209
La Liga (Spain),2023/24,Sevilla,19,1.4210526315789473,1.4210526315789473,14.736842105263158,4.947368421052632,2.8947368421052633,19,1.105263157894737,1.4210526315789473,11.0,3.6315789473684212,2.789473684210526,0.3157894736842104,3.7368421052631575
La Liga (Spain),2023/24,Sociedad,19,1.368421052631579,1.0526315789473684,12.947368421052632,4.7894736842105265,2.263157894736842,19,1.3157894736842106,1.0,11.31578947368421,3.3684210526315788,2.8421052631578947,0.05263157894736836,1.6315789473684212
La Liga (Spain),2023/24,Valencia,19,1.0526315789473684,0.7368421052631579,11.368421052631579,3.8421052631578947,1.631578947368421,19,1.0526315789473684,1.631578947368421,8.473684210526315,3.1578947368421053,1.736842105263158,0.0,2.8947368421052637
La Liga (Spain),2023/24,Vallecano,19,0.9473684210526315,1.368421052631579,15.105263157894736,5.315789473684211,2.6842105263157894,19,0.5789473684210527,1.1578947368421053,10.68421052631579,3.473684210526316,2.8947368421052633,0.36842105263157887,4.421052631578947
La Liga (Spain),2023/24,Villarreal,19,1.894736842105263,1.6842105263157894,15.421052631578947,5.368421052631579,2.473684210526316,19,1.5263157894736843,1.736842105263158,9.210526315789474,3.5789473684210527,3.3157894736842106,0.36842105263157876,6.210526315789473
La Liga (Spain),2024/25,Alaves,19,0.7368421052631579,0.8947368421052632,10.526315789473685,3.526315789473684,2.5789473684210527,19,1.263157894736842,1.631578947368421,10.842105263157896,3.526315789473684,3.0,-0.5263157894736842,-0.3157894736842106
La Liga (Spain),2024/25,Ath Bilbao,19,1.6842105263157894,0.6842105263157895,13.578947368421053,4.7368421052631575,1.736842105263158,19,1.1578947368421053,0.8421052631578947,11.157894736842104,3.3684210526315788,1.631578947368421,0.5263157894736841,2.4210526315789487
La Liga (Spain),2024/25,Ath Madrid,19,2.210526315789474,0.7894736842105263,14.578947368421053,5.947368421052632,1.9473684210526316,19,1.368421052631579,0.7894736842105263,10.052631578947368,3.6842105263157894,2.0526315789473686,0.8421052631578949,4.526315789473685
La Liga (Spain),2024/25,Barcelona,19,2.736842105263158,1.0526315789473684,20.57894736842105,7.473684210526316,1.263157894736842,19,2.6315789473684212,1.0,15.105263157894736,5.684210526315789,2.1052631578947367,0.10526315789473673,5.473684210526315
La Liga (Spain),2024/25,Betis,19,1.6842105263157894,1.105263157894737,15.894736842105264,5.421052631578948,2.0526315789473686,19,1.3157894736842106,1.5263157894736843,11.842105263157896,4.578947368421052,1.8421052631578947,0.36842105263157876,4.052631578947368
La Liga (Spain),2024/25,Celta,19,1.6842105263157894,1.105263157894737,12.263157894736842,5.2105263157894735,2.1052631578947367,19,1.4210526315789473,1.894736842105263,11.263157894736842,4.105263157894737,2.3157894736842106,0.26315789473684204,1.0
La Liga (Spain),2024/25,Espanol,19,1.2105263157894737,1.0526315789473684,10.052631578947368,3.210526315789474,2.1052631578947367,19,0.8947368421052632,1.631578947368421,8.789473684210526,2.3684210526315788,2.4210526315789473,0.3157894736842105,1.2631578947368425
La Liga (Spain),2024/25,Getafe,19,0.7894736842105263,1.0,12.105263157894736,3.4210526315789473,2.6315789473684212,19,1.0,1.0526315789473684,10.736842105263158,3.3157894736842106,3.1052631578947367,-0.21052631578947367,1.3684210526315788
La Liga (Spain),2024/25,Girona,19,1.4210526315789473,1.5789473684210527,11.157894736842104,4.2105263157894735,1.6842105263157894,19,0.8947368421052632,1.5789473684210527,9.736842105263158,3.473684210526316,2.263157894736842,0.5263157894736842,1.421052631578947
La Liga (Spain),2024/25,Las Palmas,19,1.105263157894737,1.5263157894736843,13.052631578947368,4.105263157894737,2.789473684210526,19,1.0,1.6842105263157894,8.526315789473685,3.3157894736842106,2.8421052631578947,0.10526315789473695,4.526315789473683
La Liga (Spain),2024/25,Leganes,19,1.2105263157894737,1.4210526315789473,8.578947368421053,2.8947368421052633,1.9473684210526316,19,0.8421052631578947,1.5263157894736843,9.68421052631579,3.3157894736842106,2.3684210526315788,0.368421052631579,-1.1052631578947363
La Liga (Spain),2024/25,Mallorca,19,1.0526315789473684,1.105263157894737,11.263157894736842,3.4210526315789473,1.7894736842105263,19,0.7894736842105263,1.2105263157894737,9.0,2.5789473684210527,2.4210526315789473,0.26315789473684204,2.2631578947368425
La Liga (Spain),2024/25,Osasuna,19,1.736842105263158,1.2105263157894737,12.368421052631579,4.2105263157894735,2.3684210526315788,19,0.7894736842105263,1.5263157894736843,9.736842105263158,2.6842105263157894,2.1578947368421053,0.9473684210526316,2.6315789473684212
La Liga (Spain),2024/25,Real Madrid,19,2.3684210526315788,1.0,19.210526315789473,7.684210526315789,1.263157894736842,19,1.736842105263158,1.0,14.105263157894736,5.473684210526316,1.736842105263158,0.6315789473684208,5.105263157894736
La Liga (Spain),2024/25,Sevilla,19,0.8947368421052632,1.2105263157894737,13.473684210526315,4.157894736842105,3.0,19,1.3157894736842106,1.6842105263157894,11.368421052631579,4.2105263157894735,2.1052631578947367,-0.42105263157894746,2.1052631578947363
La Liga (Spain),2024/25,Sociedad,19,1.0526315789473684,1.0526315789473684,11.947368421052632,4.315789473684211,2.3157894736842106,19,0.7894736842105263,1.368421052631579,8.421052631578947,2.6842105263157894,2.1578947368421053,0.26315789473684204,3.526315789473685
La Liga (Spain),2024/25,Valencia,19,1.368421052631579,1.0526315789473684,11.368421052631579,4.052631578947368,2.473684210526316,19,0.9473684210526315,1.7894736842105263,8.894736842105264,2.473684210526316,2.0,0.42105263157894746,2.473684210526315
La Liga (Spain),2024/25,Valladolid,19,0.5789473684210527,1.6842105263157894,9.473684210526315,2.5789473684210527,2.5789473684210527,19,0.7894736842105263,3.0526315789473686,8.157894736842104,3.1052631578947367,2.3157894736842106,-0.21052631578947367,1.3157894736842106
La Liga (Spain),2024/25,Vallecano,19,1.263157894736842,1.368421052631579,15.736842105263158,5.578947368421052,2.1578947368421053,19,0.8947368421052632,1.0,11.421052631578947,3.210526315789474,2.8947368421052633,0.36842105263157887,4.315789473684211
La Liga (Spain),2024/25,Villarreal,19,2.263157894736842,1.4210526315789473,15.210526315789474,5.526315789473684,2.3684210526315788,19,1.4736842105263157,1.263157894736842,12.578947368421053,3.8947368421052633,2.736842105263158,0.7894736842105263,2.6315789473684212
La Liga (Spain),2025/26,Alaves,19,1.3157894736842106,1.3157894736842106,12.894736842105264,4.473684210526316,2.210526315789474,19,1.0,1.631578947368421,11.421052631578947,3.5789473684210527,2.789473684210526,0.3157894736842106,1.4736842105263168
La Liga (Spain),2025/26,Ath Bilbao,19,1.1578947368421053,1.105263157894737,15.052631578947368,4.947368421052632,2.210526315789474,19,1.105263157894737,1.9473684210526316,12.421052631578947,4.052631578947368,2.0526315789473686,0.05263157894736836,2.6315789473684212
La Liga (Spain),2025/26,Ath Madrid,19,2.0526315789473686,0.8947368421052632,15.421052631578947,6.2631578947368425,1.894736842105263,19,1.2105263157894737,1.4210526315789473,10.789473684210526,3.8947368421052633,2.263157894736842,0.8421052631578949,4.631578947368421
La Liga (Spain),2025/26,Barcelona,19,3.0,0.5263157894736842,18.36842105263158,7.421052631578948,1.1578947368421053,19,2.0,1.368421052631579,18.05263157894737,6.105263157894737,2.0,1.0,0.31578947368420884
La Liga (Spain),2025/26,Betis,19,1.7894736842105263,1.0,15.894736842105264,5.315789473684211,1.7894736842105263,19,1.3157894736842106,1.5263157894736843,12.526315789473685,4.315789473684211,2.0526315789473686,0.4736842105263157,3.3684210526315788
La Liga (Spain),2025/26,Celta,19,1.5263157894736843,1.4736842105263157,11.473684210526315,4.368421052631579,1.5789473684210527,19,1.263157894736842,1.0526315789473684,8.68421052631579,3.6842105263157894,2.263157894736842,0.26315789473684226,2.7894736842105257
La Liga (Spain),2025/26,Elche,19,1.5789473684210527,1.0,13.368421052631579,4.7368421052631575,1.9473684210526316,19,1.0,2.0,8.210526315789474,2.8947368421052633,2.3157894736842106,0.5789473684210527,5.157894736842104
La Liga (Spain),2025/26,Espanol,19,1.105263157894737,1.263157894736842,13.473684210526315,4.842105263157895,2.1578947368421053,19,1.1578947368421053,1.631578947368421,11.842105263157896,3.473684210526316,2.6315789473684212,-0.05263157894736836,1.6315789473684195
La Liga (Spain),2025/26,Getafe,19,0.9473684210526315,0.8421052631578947,8.947368421052632,2.8947368421052633,2.3684210526315788,19,0.7368421052631579,1.1578947368421053,9.526315789473685,2.6315789473684212,3.473684210526316,0.21052631578947367,-0.5789473684210531
La Liga (Spain),2025/26,Girona,19,1.105263157894737,1.4210526315789473,11.631578947368421,4.105263157894737,2.1578947368421053,19,0.9473684210526315,1.4736842105263157,10.736842105263158,4.157894736842105,2.0,0.15789473684210542,0.8947368421052637
La Liga (Spain),2025/26,Levante,19,1.368421052631579,1.4736842105263157,14.68421052631579,4.052631578947368,2.210526315789474,19,1.105263157894737,1.736842105263158,10.421052631578947,3.736842105263158,2.210526315789474,0.26315789473684204,4.2631578947368425
La Liga (Spain),2025/26,Mallorca,19,1.631578947368421,1.105263157894737,13.0,4.947368421052632,1.9473684210526316,19,0.8421052631578947,1.894736842105263,8.789473684210526,3.3684210526315788,2.3157894736842106,0.7894736842105263,4.210526315789474
La Liga (Spain),2025/26,Osasuna,19,1.631578947368421,1.263157894736842,14.789473684210526,5.2631578947368425,2.3157894736842106,19,0.6842105263157895,1.368421052631579,8.947368421052632,2.736842105263158,2.473684210526316,0.9473684210526315,5.842105263157894
La Liga (Spain),2025/26,Oviedo,19,0.47368421052631576,0.9473684210526315,10.210526315789474,3.1052631578947367,2.1578947368421053,19,0.8947368421052632,2.210526315789474,9.789473684210526,3.1578947368421053,2.1052631578947367,-0.4210526315789474,0.4210526315789487
La Liga (Spain),2025/26,Real Madrid,19,2.3684210526315788,0.8421052631578947,19.0,7.684210526315789,2.0,19,1.6842105263157894,1.0,15.947368421052632,5.631578947368421,1.631578947368421,0.6842105263157894,3.052631578947368
La Liga (Spain),2025/26,Sevilla,19,1.263157894736842,1.3157894736842106,12.052631578947368,3.9473684210526314,3.1578947368421053,19,1.1578947368421053,1.8421052631578947,10.947368421052632,3.263157894736842,2.5789473684210527,0.10526315789473673,1.1052631578947363
La Liga (Spain),2025/26,Sociedad,19,1.9473684210526316,1.631578947368421,13.0,4.947368421052632,2.1052631578947367,19,1.1578947368421053,1.5789473684210527,11.789473684210526,4.2631578947368425,2.526315789473684,0.7894736842105263,1.2105263157894743
La Liga (Spain),2025/26,Valencia,19,1.4210526315789473,1.2105263157894737,13.789473684210526,3.4210526315789473,1.7894736842105263,19,1.0,1.6842105263157894,9.842105263157896,3.0526315789473686,1.9473684210526316,0.42105263157894735,3.94736842105263
La Liga (Spain),2025/26,Vallecano,19,1.263157894736842,0.7894736842105263,16.473684210526315,5.7894736842105265,2.1052631578947367,19,0.8947368421052632,1.5263157894736843,11.421052631578947,3.8421052631578947,3.263157894736842,0.36842105263157887,5.052631578947368
La Liga (Spain),2025/26,Villarreal,19,2.526315789473684,1.0,14.526315789473685,5.842105263157895,1.5789473684210527,19,1.263157894736842,1.4210526315789473,9.421052631578947,3.210526315789474,2.526315789473684,1.263157894736842,5.105263157894738
Ligue 1 (France),2005/06,Ajaccio,19,0.7894736842105263,1.0526315789473684,10.736842105263158,4.0,1.105263157894737,19,0.631578947368421,1.736842105263158,7.7894736842105265,3.263157894736842,2.4210526315789473,0.1578947368421053,2.947368421052631
Ligue 1 (France),2005/06,Auxerre,19,1.736842105263158,0.47368421052631576,10.789473684210526,5.157894736842105,1.0526315789473684,19,0.8947368421052632,1.5789473684210527,8.578947368421053,3.5789473684210527,1.1578947368421053,0.8421052631578948,2.2105263157894726
Ligue 1 (France),2005/06,Bordeaux,19,1.2105263157894737,0.5789473684210527,10.421052631578947,4.631578947368421,2.0,18,1.0555555555555556,0.7777777777777778,8.444444444444445,3.8333333333333335,2.111111111111111,0.1549707602339181,1.9766081871345023
Ligue 1 (France),2005/06,Le Mans,19,1.105263157894737,0.42105263157894735,11.631578947368421,5.684210526315789,1.263157894736842,19,0.631578947368421,1.4736842105263157,8.263157894736842,3.8421052631578947,2.1052631578947367,0.47368421052631593,3.3684210526315788
Ligue 1 (France),2005/06,Lens,19,1.7894736842105263,0.7368421052631579,12.631578947368421,6.157894736842105,1.3157894736842106,19,0.7368421052631579,1.0526315789473684,8.526315789473685,3.4210526315789473,1.9473684210526316,1.0526315789473686,4.105263157894736
Ligue 1 (France),2005/06,Lille,19,1.736842105263158,0.3684210526315789,11.157894736842104,5.315789473684211,1.7894736842105263,19,1.2105263157894737,1.263157894736842,10.052631578947368,4.0,2.263157894736842,0.5263157894736843,1.1052631578947363
Ligue 1 (France),2005/06,Lyon,19,2.1052631578947367,0.9473684210526315,14.368421052631579,6.631578947368421,1.3157894736842106,19,1.736842105263158,0.6842105263157895,9.631578947368421,4.894736842105263,2.0,0.36842105263157876,4.7368421052631575
Ligue 1 (France),2005/06,Marseille,19,1.4736842105263157,0.6842105263157895,14.578947368421053,5.631578947368421,1.3157894736842106,19,0.8421052631578947,1.1578947368421053,9.736842105263158,4.0,2.3684210526315788,0.631578947368421,4.842105263157896
Ligue 1 (France),2005/06,Metz,19,0.6842105263157895,1.263157894736842,10.631578947368421,4.105263157894737,1.4736842105263157,19,0.6842105263157895,1.8421052631578947,7.105263157894737,2.8947368421052633,2.0,0.0,3.526315789473684
Ligue 1 (France),2005/06,Monaco,19,1.2105263157894737,0.7368421052631579,11.157894736842104,4.578947368421052,1.6842105263157894,19,1.0,1.1578947368421053,9.473684210526315,4.157894736842105,2.5789473684210527,0.21052631578947367,1.6842105263157894
Ligue 1 (France),2005/06,Nancy,19,1.0,0.8947368421052632,12.263157894736842,5.0,1.631578947368421,19,0.8421052631578947,1.0526315789473684,7.578947368421052,3.210526315789474,2.263157894736842,0.1578947368421053,4.68421052631579
Ligue 1 (France),2005/06,Nantes,18,1.2222222222222223,0.9444444444444444,11.166666666666666,5.222222222222222,1.1666666666666667,19,0.7894736842105263,1.2105263157894737,7.0,2.5789473684210527,2.210526315789474,0.432748538011696,4.166666666666666
Ligue 1 (France),2005/06,Nice,19,1.1578947368421053,0.631578947368421,10.105263157894736,4.368421052631579,1.736842105263158,19,0.7368421052631579,1.0,7.473684210526316,3.5789473684210527,2.1578947368421053,0.42105263157894746,2.6315789473684204
Ligue 1 (France),2005/06,Paris SG,19,1.7894736842105263,1.0526315789473684,13.736842105263158,6.157894736842105,2.3157894736842106,19,0.5263157894736842,0.9473684210526315,6.7368421052631575,2.9473684210526314,2.1578947368421053,1.263157894736842,7.0
Ligue 1 (France),2005/06,Rennes,19,1.7894736842105263,1.3157894736842106,10.68421052631579,5.894736842105263,1.2105263157894737,19,0.7368421052631579,1.263157894736842,8.31578947368421,3.6315789473684212,2.263157894736842,1.0526315789473686,2.3684210526315788
Ligue 1 (France),2005/06,Sochaux,19,0.8947368421052632,1.0,10.421052631578947,4.894736842105263,1.2105263157894737,19,0.8947368421052632,1.4736842105263157,6.7894736842105265,2.9473684210526314,1.894736842105263,0.0,3.6315789473684204
Ligue 1 (France),2005/06,St Etienne,19,0.9473684210526315,0.7894736842105263,10.947368421052632,4.684210526315789,1.0,19,0.5789473684210527,1.263157894736842,8.947368421052632,3.210526315789474,1.631578947368421,0.36842105263157887,2.0
Ligue 1 (France),2005/06,Strasbourg,19,0.7894736842105263,1.368421052631579,11.421052631578947,5.2105263157894735,1.263157894736842,19,0.9473684210526315,1.5789473684210527,7.421052631578948,3.1578947368421053,1.736842105263158,-0.1578947368421052,3.999999999999999
Ligue 1 (France),2005/06,Toulouse,19,1.105263157894737,0.9473684210526315,9.736842105263158,4.2105263157894735,1.4210526315789473,19,0.7894736842105263,1.5263157894736843,6.7894736842105265,2.736842105263158,1.5789473684210527,0.3157894736842106,2.947368421052631
Ligue 1 (France),2005/06,Troyes,19,1.0526315789473684,0.9473684210526315,9.578947368421053,4.473684210526316,1.631578947368421,19,0.8947368421052632,1.5263157894736843,6.315789473684211,3.1052631578947367,1.894736842105263,0.1578947368421052,3.2631578947368425
Ligue 1 (France),2006/07,Auxerre,19,1.0526315789473684,0.6842105263157895,9.368421052631579,4.368421052631579,1.6842105263157894,19,1.105263157894737,1.4736842105263157,8.631578947368421,4.0,1.4736842105263157,-0.052631578947368585,0.7368421052631575
Ligue 1 (France),2006/07,Bordeaux,19,1.3157894736842106,0.631578947368421,10.473684210526315,4.473684210526316,1.4210526315789473,19,0.7368421052631579,1.2105263157894737,7.631578947368421,3.3684210526315788,2.210526315789474,0.5789473684210528,2.842105263157894
Ligue 1 (France),2006/07,Le Mans,19,1.3157894736842106,0.9473684210526315,11.263157894736842,5.052631578947368,1.368421052631579,19,1.0526315789473684,1.4736842105263157,9.157894736842104,4.157894736842105,2.263157894736842,0.26315789473684226,2.105263157894738
Ligue 1 (France),2006/07,Lens,19,1.4736842105263157,0.8421052631578947,11.263157894736842,4.894736842105263,1.631578947368421,19,1.0,1.3157894736842106,7.473684210526316,3.4210526315789473,2.0,0.4736842105263157,3.7894736842105265
Ligue 1 (France),2006/07,Lille,19,1.368421052631579,0.8421052631578947,11.157894736842104,4.631578947368421,1.6842105263157894,19,1.0,1.4210526315789473,11.210526315789474,4.526315789473684,2.0,0.368421052631579,-0.05263157894736992
Ligue 1 (France),2006/07,Lorient,19,0.8947368421052632,0.6842105263157895,9.263157894736842,3.6842105263157894,0.631578947368421,19,0.8421052631578947,1.4210526315789473,8.31578947368421,3.9473684210526314,1.4210526315789473,0.052631578947368474,0.9473684210526319
Ligue 1 (France),2006/07,Lyon,19,1.6842105263157894,0.7368421052631579,15.105263157894736,6.526315789473684,1.5263157894736843,19,1.6842105263157894,0.6842105263157895,11.842105263157896,5.473684210526316,1.8421052631578947,0.0,3.2631578947368407
Ligue 1 (France),2006/07,Marseille,19,1.8421052631578947,0.8421052631578947,13.210526315789474,5.842105263157895,1.6842105263157894,19,0.9473684210526315,1.1578947368421053,9.68421052631579,3.736842105263158,2.1052631578947367,0.8947368421052632,3.526315789473685
Ligue 1 (France),2006/07,Monaco,19,1.368421052631579,0.9473684210526315,9.789473684210526,4.2631578947368425,1.5263157894736843,19,1.0,1.0526315789473684,7.894736842105263,3.0526315789473686,2.736842105263158,0.368421052631579,1.8947368421052628
Ligue 1 (France),2006/07,Nancy,19,1.368421052631579,1.0,9.105263157894736,4.2105263157894735,1.8421052631578947,19,0.5789473684210527,1.3157894736842106,7.894736842105263,3.3684210526315788,1.9473684210526316,0.7894736842105263,1.2105263157894735
Ligue 1 (France),2006/07,Nantes,19,0.7894736842105263,1.2105263157894737,9.210526315789474,4.421052631578948,1.5263157894736843,19,0.7368421052631579,1.368421052631579,6.947368421052632,2.8947368421052633,2.1578947368421053,0.052631578947368474,2.2631578947368425
Ligue 1 (France),2006/07,Nice,19,1.4210526315789473,1.0,9.894736842105264,4.2105263157894735,1.6842105263157894,19,0.3684210526315789,1.105263157894737,7.368421052631579,3.263157894736842,1.7894736842105263,1.0526315789473684,2.526315789473685
Ligue 1 (France),2006/07,Paris SG,19,1.263157894736842,1.2105263157894737,10.736842105263158,4.421052631578948,1.5789473684210527,19,0.9473684210526315,1.0,8.473684210526315,3.8421052631578947,2.0,0.3157894736842105,2.2631578947368425
Ligue 1 (France),2006/07,Rennes,19,1.263157894736842,0.7894736842105263,11.789473684210526,5.105263157894737,1.631578947368421,19,0.7368421052631579,0.7894736842105263,8.052631578947368,3.6842105263157894,1.5789473684210527,0.5263157894736842,3.7368421052631575
Ligue 1 (France),2006/07,Sedan,19,1.2105263157894737,1.1578947368421053,9.526315789473685,4.315789473684211,1.368421052631579,19,1.2105263157894737,1.894736842105263,8.368421052631579,4.421052631578948,1.631578947368421,0.0,1.1578947368421062
Ligue 1 (France),2006/07,Sochaux,19,1.263157894736842,0.8947368421052632,12.368421052631579,5.0,0.8947368421052632,19,1.1578947368421053,1.631578947368421,7.631578947368421,3.1052631578947367,2.0,0.10526315789473673,4.7368421052631575
Ligue 1 (France),2006/07,St Etienne,19,1.631578947368421,1.263157894736842,10.631578947368421,4.526315789473684,1.368421052631579,19,1.105263157894737,1.368421052631579,9.157894736842104,3.6842105263157894,1.5789473684210527,0.5263157894736841,1.4736842105263168
Ligue 1 (France),2006/07,Toulouse,19,1.368421052631579,0.8947368421052632,9.263157894736842,4.368421052631579,1.4736842105263157,19,0.9473684210526315,1.368421052631579,7.7894736842105265,3.3157894736842106,2.1578947368421053,0.42105263157894746,1.473684210526316
Ligue 1 (France),2006/07,Troyes,19,1.5263157894736843,1.2105263157894737,10.736842105263158,5.368421052631579,2.0,19,0.5263157894736842,1.631578947368421,7.052631578947368,3.210526315789474,1.9473684210526316,1.0,3.6842105263157894
Ligue 1 (France),2006/07,Valenciennes,19,0.9473684210526315,0.8421052631578947,10.157894736842104,4.631578947368421,1.5789473684210527,19,0.9473684210526315,1.6842105263157894,7.578947368421052,3.3157894736842106,2.4210526315789473,0.0,2.578947368421052
Ligue 1 (France),2007/08,Auxerre,19,1.0526315789473684,0.8947368421052632,12.31578947368421,4.0,1.631578947368421,19,0.6842105263157895,1.8421052631578947,12.473684210526315,3.736842105263158,1.4736842105263157,0.36842105263157887,-0.15789473684210442
Ligue 1 (France),2007/08,Bordeaux,19,2.0,0.8947368421052632,12.894736842105264,4.473684210526316,1.5789473684210527,19,1.4210526315789473,1.105263157894737,9.263157894736842,3.3684210526315788,2.210526315789474,0.5789473684210527,3.6315789473684212
Ligue 1 (France),2007/08,Caen,19,1.631578947368421,1.0,14.263157894736842,5.315789473684211,1.4736842105263157,19,0.8947368421052632,1.7894736842105263,9.210526315789474,3.0526315789473686,1.736842105263158,0.7368421052631579,5.052631578947368
Ligue 1 (France),2007/08,Le Mans,19,1.2105263157894737,0.8421052631578947,13.947368421052632,4.2631578947368425,1.263157894736842,19,1.2105263157894737,1.736842105263158,13.368421052631579,4.368421052631579,2.1578947368421053,0.0,0.5789473684210531
Ligue 1 (France),2007/08,Lens,19,1.368421052631579,1.1578947368421053,14.052631578947368,4.473684210526316,1.263157894736842,19,0.8947368421052632,1.5789473684210527,10.105263157894736,3.3157894736842106,1.736842105263158,0.4736842105263158,3.947368421052632
Ligue 1 (France),2007/08,Lille,19,1.5263157894736843,0.9473684210526315,15.052631578947368,5.526315789473684,1.4736842105263157,19,0.8421052631578947,0.7368421052631579,13.526315789473685,4.315789473684211,1.6842105263157894,0.6842105263157896,1.5263157894736832
Ligue 1 (France),2007/08,Lorient,19,0.9473684210526315,0.631578947368421,12.368421052631579,3.5789473684210527,0.7894736842105263,19,0.7368421052631579,1.2105263157894737,8.631578947368421,3.210526315789474,1.2105263157894737,0.21052631578947367,3.7368421052631575
Ligue 1 (France),2007/08,Lyon,19,2.3157894736842106,0.8421052631578947,14.052631578947368,5.842105263157895,1.5789473684210527,19,1.5789473684210527,1.105263157894737,12.526315789473685,4.526315789473684,1.5263157894736843,0.736842105263158,1.5263157894736832
Ligue 1 (France),2007/08,Marseille,19,1.7894736842105263,1.105263157894737,16.157894736842106,5.526315789473684,1.105263157894737,19,1.263157894736842,1.263157894736842,12.263157894736842,3.6315789473684212,1.8421052631578947,0.5263157894736843,3.8947368421052637
Ligue 1 (France),2007/08,Metz,19,0.9473684210526315,1.7894736842105263,13.842105263157896,4.7894736842105265,1.736842105263158,19,0.5263157894736842,1.5789473684210527,9.210526315789474,2.473684210526316,2.1578947368421053,0.42105263157894735,4.631578947368421
Ligue 1 (France),2007/08,Monaco,19,1.1578947368421053,1.263157894736842,13.894736842105264,5.2631578947368425,1.736842105263158,19,0.9473684210526315,1.263157894736842,10.421052631578947,3.210526315789474,2.526315789473684,0.21052631578947378,3.473684210526317
Ligue 1 (France),2007/08,Nancy,19,1.631578947368421,0.5789473684210527,15.157894736842104,4.894736842105263,1.1578947368421053,19,0.6842105263157895,1.0,10.947368421052632,3.736842105263158,2.1578947368421053,0.9473684210526315,4.210526315789473
Ligue 1 (France),2007/08,Nice,19,1.0526315789473684,0.7368421052631579,12.526315789473685,4.526315789473684,2.0,19,0.7894736842105263,0.8421052631578947,10.842105263157896,4.052631578947368,1.5789473684210527,0.26315789473684204,1.6842105263157894
Ligue 1 (France),2007/08,Paris SG,19,1.1578947368421053,1.2105263157894737,14.631578947368421,5.578947368421052,1.3157894736842106,19,0.7894736842105263,1.1578947368421053,9.842105263157896,3.0,1.631578947368421,0.368421052631579,4.789473684210526
Ligue 1 (France),2007/08,Rennes,19,1.4210526315789473,1.0,13.578947368421053,5.105263157894737,1.5263157894736843,19,1.0526315789473684,1.3157894736842106,10.368421052631579,3.526315789473684,1.4736842105263157,0.368421052631579,3.2105263157894743
Ligue 1 (France),2007/08,Sochaux,19,0.6842105263157895,1.105263157894737,17.210526315789473,4.894736842105263,1.8421052631578947,19,1.105263157894737,1.1578947368421053,13.473684210526315,4.894736842105263,2.0526315789473686,-0.42105263157894746,3.7368421052631575
Ligue 1 (France),2007/08,St Etienne,19,1.5789473684210527,0.21052631578947367,17.63157894736842,5.7894736842105265,1.368421052631579,19,0.8947368421052632,1.5789473684210527,13.105263157894736,4.0,2.1578947368421053,0.6842105263157895,4.526315789473685
Ligue 1 (France),2007/08,Strasbourg,19,1.0,1.0526315789473684,13.894736842105264,4.631578947368421,1.368421052631579,19,0.7894736842105263,1.8421052631578947,10.210526315789474,3.1052631578947367,1.5789473684210527,0.21052631578947367,3.6842105263157894
Ligue 1 (France),2007/08,Toulouse,19,0.7368421052631579,0.7894736842105263,12.526315789473685,3.4210526315789473,1.894736842105263,19,1.1578947368421053,1.4210526315789473,9.473684210526315,3.3684210526315788,1.9473684210526316,-0.42105263157894746,3.05263157894737
Ligue 1 (France),2007/08,Valenciennes,19,1.736842105263158,0.6842105263157895,12.263157894736842,4.7894736842105265,1.263157894736842,19,0.47368421052631576,1.4210526315789473,11.263157894736842,2.736842105263158,1.263157894736842,1.2631578947368423,1.0
Ligue 1 (France),2008/09,Auxerre,19,0.9473684210526315,0.631578947368421,13.0,4.421052631578948,1.1578947368421053,19,0.8947368421052632,1.2105263157894737,10.421052631578947,3.473684210526316,1.4736842105263157,0.05263157894736836,2.578947368421053
Ligue 1 (France),2008/09,Bordeaux,19,1.894736842105263,0.631578947368421,16.789473684210527,6.526315789473684,1.3157894736842106,19,1.4736842105263157,1.1578947368421053,13.263157894736842,4.473684210526316,2.1052631578947367,0.42105263157894735,3.526315789473685
Ligue 1 (France),2008/09,Caen,19,1.1578947368421053,0.8947368421052632,13.31578947368421,4.105263157894737,1.736842105263158,19,1.0526315789473684,1.6842105263157894,11.157894736842104,3.5789473684210527,1.8421052631578947,0.10526315789473695,2.157894736842106
Ligue 1 (France),2008/09,Grenoble,19,0.47368421052631576,0.6842105263157895,10.473684210526315,2.473684210526316,1.6842105263157894,19,0.7894736842105263,1.263157894736842,9.052631578947368,2.9473684210526314,1.894736842105263,-0.31578947368421056,1.421052631578947
Ligue 1 (France),2008/09,Le Havre,19,0.8947368421052632,1.7894736842105263,13.31578947368421,4.421052631578948,1.4210526315789473,19,0.6842105263157895,1.736842105263158,10.210526315789474,2.8947368421052633,1.5789473684210527,0.21052631578947367,3.1052631578947363
Ligue 1 (France),2008/09,Le Mans,19,0.9473684210526315,1.105263157894737,12.421052631578947,4.7368421052631575,1.6842105263157894,19,1.3157894736842106,1.736842105263158,9.631578947368421,3.1052631578947367,1.7894736842105263,-0.3684210526315791,2.7894736842105257
Ligue 1 (France),2008/09,Lille,19,1.7894736842105263,1.0526315789473684,16.105263157894736,5.684210526315789,1.5263157894736843,19,0.8947368421052632,1.0,13.842105263157896,5.052631578947368,2.210526315789474,0.8947368421052632,2.2631578947368407
Ligue 1 (France),2008/09,Lorient,19,1.105263157894737,1.0526315789473684,12.157894736842104,3.6842105263157894,1.3157894736842106,19,1.368421052631579,1.4210526315789473,11.526315789473685,3.8947368421052633,1.2105263157894737,-0.26315789473684204,0.6315789473684195
Ligue 1 (France),2008/09,Lyon,19,1.6842105263157894,0.7894736842105263,17.57894736842105,6.368421052631579,1.1578947368421053,19,1.0526315789473684,0.7368421052631579,13.052631578947368,4.473684210526316,1.894736842105263,0.631578947368421,4.526315789473683
Ligue 1 (France),2008/09,Marseille,19,1.8421052631578947,1.1578947368421053,18.57894736842105,5.368421052631579,1.4210526315789473,19,1.6842105263157894,0.6842105263157895,14.736842105263158,4.421052631578948,1.8421052631578947,0.1578947368421053,3.842105263157894
Ligue 1 (France),2008/09,Monaco,19,1.368421052631579,1.2105263157894737,12.0,4.2105263157894735,1.1578947368421053,19,0.7894736842105263,1.1578947368421053,9.736842105263158,3.0526315789473686,2.3157894736842106,0.5789473684210527,2.2631578947368425
Ligue 1 (France),2008/09,Nancy,19,1.0,1.0,13.263157894736842,3.210526315789474,1.5263157894736843,19,1.0,1.4736842105263157,10.105263157894736,2.736842105263158,2.1578947368421053,0.0,3.157894736842106
Ligue 1 (France),2008/09,Nantes,19,1.105263157894737,1.3157894736842106,13.631578947368421,4.105263157894737,1.5789473684210527,19,0.631578947368421,1.5263157894736843,9.842105263157896,2.473684210526316,2.210526315789474,0.47368421052631593,3.7894736842105257
Ligue 1 (France),2008/09,Nice,19,1.1578947368421053,1.0,12.473684210526315,4.7894736842105265,1.631578947368421,19,0.9473684210526315,1.1578947368421053,10.0,2.9473684210526314,2.0526315789473686,0.21052631578947378,2.473684210526315
Ligue 1 (France),2008/09,Paris SG,19,1.5263157894736843,0.8947368421052632,12.526315789473685,4.684210526315789,0.8947368421052632,19,1.0526315789473684,1.105263157894737,11.0,3.789473684210526,1.631578947368421,0.47368421052631593,1.526315789473685
Ligue 1 (France),2008/09,Rennes,19,1.4736842105263157,0.7368421052631579,14.631578947368421,5.157894736842105,1.263157894736842,19,0.7368421052631579,1.0526315789473684,13.578947368421053,3.9473684210526314,2.1052631578947367,0.7368421052631579,1.0526315789473681
Ligue 1 (France),2008/09,Sochaux,19,1.263157894736842,0.8947368421052632,13.947368421052632,4.578947368421052,1.368421052631579,19,0.8421052631578947,1.631578947368421,11.736842105263158,3.6842105263157894,1.7894736842105263,0.42105263157894735,2.2105263157894743
Ligue 1 (France),2008/09,St Etienne,19,1.3157894736842106,1.2105263157894737,17.0,5.421052631578948,1.3157894736842106,19,0.7894736842105263,1.736842105263158,13.0,3.526315789473684,1.8421052631578947,0.5263157894736843,4.0
Ligue 1 (France),2008/09,Toulouse,19,1.368421052631579,0.42105263157894735,12.526315789473685,4.526315789473684,1.5789473684210527,19,1.0,1.0,10.105263157894736,3.8421052631578947,1.631578947368421,0.368421052631579,2.4210526315789487
Ligue 1 (France),2008/09,Valenciennes,19,1.4210526315789473,0.9473684210526315,12.368421052631579,4.421052631578948,2.1052631578947367,19,0.42105263157894735,1.263157894736842,11.368421052631579,2.8947368421052633,1.7894736842105263,1.0,1.0
Ligue 1 (France),2009/10,Auxerre,19,1.263157894736842,0.7368421052631579,11.210526315789474,4.2105263157894735,1.2105263157894737,19,0.9473684210526315,0.7894736842105263,10.105263157894736,3.6315789473684212,1.6842105263157894,0.3157894736842105,1.105263157894738
Ligue 1 (France),2009/10,Bordeaux,19,1.7894736842105263,0.6842105263157895,14.894736842105264,5.2105263157894735,1.4736842105263157,19,1.263157894736842,1.4210526315789473,12.368421052631579,4.315789473684211,1.894736842105263,0.5263157894736843,2.526315789473685
Ligue 1 (France),2009/10,Boulogne,19,1.0,1.631578947368421,9.631578947368421,3.3157894736842106,1.894736842105263,19,0.631578947368421,1.631578947368421,9.052631578947368,2.789473684210526,2.0,0.368421052631579,0.5789473684210531
Ligue 1 (France),2009/10,Grenoble,19,1.263157894736842,1.4736842105263157,13.473684210526315,4.473684210526316,1.4210526315789473,19,0.3684210526315789,1.736842105263158,10.68421052631579,3.6842105263157894,2.0,0.894736842105263,2.7894736842105257
Ligue 1 (France),2009/10,Le Mans,19,1.1578947368421053,1.3157894736842106,12.157894736842104,4.421052631578948,2.1578947368421053,19,0.7368421052631579,1.7894736842105263,10.157894736842104,3.4210526315789473,2.3157894736842106,0.42105263157894746,2.0
Ligue 1 (France),2009/10,Lens,19,1.4210526315789473,0.8947368421052632,14.263157894736842,5.368421052631579,1.263157894736842,19,0.6842105263157895,1.4210526315789473,9.473684210526315,2.6315789473684212,1.894736842105263,0.7368421052631579,4.789473684210527
Ligue 1 (France),2009/10,Lille,19,2.3157894736842106,0.7894736842105263,17.31578947368421,6.473684210526316,1.5789473684210527,19,1.4736842105263157,1.3157894736842106,13.31578947368421,4.7894736842105265,2.0526315789473686,0.8421052631578949,3.9999999999999982
Ligue 1 (France),2009/10,Lorient,19,1.894736842105263,1.0,12.68421052631579,4.631578947368421,1.2105263157894737,19,0.9473684210526315,1.2105263157894737,11.631578947368421,3.736842105263158,1.736842105263158,0.9473684210526315,1.0526315789473681
Ligue 1 (France),2009/10,Lyon,19,1.6842105263157894,0.8947368421052632,18.210526315789473,5.421052631578948,1.263157894736842,19,1.6842105263157894,1.105263157894737,13.052631578947368,4.105263157894737,2.1052631578947367,0.0,5.157894736842104
Ligue 1 (France),2009/10,Marseille,19,1.9473684210526316,0.7368421052631579,17.94736842105263,5.947368421052632,1.263157894736842,19,1.6842105263157894,1.1578947368421053,13.421052631578947,4.578947368421052,2.210526315789474,0.26315789473684226,4.526315789473683
Ligue 1 (France),2009/10,Monaco,19,1.368421052631579,0.7368421052631579,12.157894736842104,4.631578947368421,1.736842105263158,19,0.6842105263157895,1.631578947368421,12.947368421052632,3.8421052631578947,2.8947368421052633,0.6842105263157895,-0.7894736842105274
Ligue 1 (France),2009/10,Montpellier,19,1.263157894736842,0.631578947368421,13.947368421052632,4.526315789473684,2.0526315789473686,19,1.368421052631579,1.4736842105263157,10.842105263157896,3.8947368421052633,2.263157894736842,-0.10526315789473695,3.1052631578947363
Ligue 1 (France),2009/10,Nancy,19,1.0526315789473684,1.368421052631579,13.473684210526315,4.0,1.3157894736842106,19,1.368421052631579,1.4210526315789473,11.157894736842104,3.473684210526316,2.0,-0.3157894736842106,2.3157894736842106
Ligue 1 (France),2009/10,Nice,19,1.2105263157894737,1.2105263157894737,12.263157894736842,4.2631578947368425,1.4210526315789473,19,0.9473684210526315,1.7894736842105263,10.894736842105264,3.473684210526316,2.1578947368421053,0.26315789473684215,1.3684210526315788
Ligue 1 (France),2009/10,Paris SG,19,1.6842105263157894,1.0526315789473684,15.157894736842104,6.052631578947368,1.4736842105263157,19,0.9473684210526315,1.368421052631579,10.947368421052632,3.9473684210526314,1.5789473684210527,0.7368421052631579,4.210526315789473
Ligue 1 (France),2009/10,Rennes,19,1.631578947368421,0.9473684210526315,14.526315789473685,5.315789473684211,1.5263157894736843,19,1.105263157894737,1.2105263157894737,13.157894736842104,4.052631578947368,1.0,0.5263157894736841,1.3684210526315805
Ligue 1 (France),2009/10,Sochaux,19,0.9473684210526315,1.5263157894736843,13.421052631578947,4.526315789473684,1.263157894736842,19,0.5263157894736842,1.2105263157894737,9.473684210526315,2.8421052631578947,1.736842105263158,0.42105263157894735,3.947368421052632
Ligue 1 (France),2009/10,St Etienne,19,0.6842105263157895,0.8421052631578947,16.63157894736842,4.578947368421052,1.4210526315789473,19,0.7368421052631579,1.5263157894736843,10.368421052631579,3.1578947368421053,1.8421052631578947,-0.05263157894736836,6.2631578947368425
Ligue 1 (France),2009/10,Toulouse,19,1.0,0.8421052631578947,14.31578947368421,4.578947368421052,1.5263157894736843,19,0.8947368421052632,1.0526315789473684,11.052631578947368,3.8421052631578947,2.263157894736842,0.10526315789473684,3.2631578947368425
Ligue 1 (France),2009/10,Valenciennes,19,1.2105263157894737,1.105263157894737,14.368421052631579,3.8421052631578947,1.7894736842105263,19,1.4210526315789473,1.5263157894736843,9.210526315789474,3.526315789473684,2.0,-0.21052631578947367,5.157894736842104
Ligue 1 (France),2010/11,Arles,19,0.7368421052631579,1.631578947368421,10.736842105263158,3.1052631578947367,1.631578947368421,19,0.3684210526315789,2.0526315789473686,9.157894736842104,2.263157894736842,1.894736842105263,0.3684210526315789,1.578947368421053
Ligue 1 (France),2010/11,Auxerre,19,1.368421052631579,0.9473684210526315,13.368421052631579,4.526315789473684,2.0,19,1.0,1.2105263157894737,9.368421052631579,3.0526315789473686,1.8421052631578947,0.368421052631579,4.0
Ligue 1 (France),2010/11,Bordeaux,19,1.1578947368421053,0.8947368421052632,15.263157894736842,4.947368421052632,1.736842105263158,19,1.105263157894737,1.3157894736842106,11.789473684210526,3.8947368421052633,2.263157894736842,0.05263157894736836,3.473684210526317
Ligue 1 (France),2010/11,Brest,19,1.105263157894737,0.8947368421052632,12.894736842105264,4.0,0.8421052631578947,19,0.7894736842105263,1.368421052631579,11.052631578947368,3.6315789473684212,1.736842105263158,0.3157894736842106,1.8421052631578956
Ligue 1 (France),2010/11,Caen,19,1.1578947368421053,1.3157894736842106,12.263157894736842,3.9473684210526314,1.9473684210526316,19,1.263157894736842,1.368421052631579,9.578947368421053,3.1578947368421053,2.3684210526315788,-0.10526315789473673,2.6842105263157894
Ligue 1 (France),2010/11,Lens,19,1.0526315789473684,1.368421052631579,13.473684210526315,3.9473684210526314,1.368421052631579,19,0.7894736842105263,1.6842105263157894,11.157894736842104,3.3684210526315788,1.4736842105263157,0.26315789473684204,2.3157894736842106
Ligue 1 (France),2010/11,Lille,19,2.1052631578947367,0.8947368421052632,16.05263157894737,5.894736842105263,1.105263157894737,19,1.4736842105263157,1.0,13.526315789473685,4.368421052631579,1.736842105263158,0.631578947368421,2.526315789473685
Ligue 1 (France),2010/11,Lorient,19,1.4210526315789473,0.6842105263157895,13.526315789473685,4.7894736842105265,1.0,19,1.0,1.8421052631578947,10.421052631578947,3.8421052631578947,1.5789473684210527,0.42105263157894735,3.105263157894738
Ligue 1 (France),2010/11,Lyon,19,1.8421052631578947,0.631578947368421,18.105263157894736,5.947368421052632,1.1578947368421053,19,1.368421052631579,1.4736842105263157,11.31578947368421,3.8947368421052633,1.6842105263157894,0.4736842105263157,6.789473684210526
Ligue 1 (France),2010/11,Marseille,19,1.7894736842105263,1.0,16.210526315789473,5.421052631578948,1.0526315789473684,19,1.4736842105263157,1.0526315789473684,13.421052631578947,5.105263157894737,2.0526315789473686,0.3157894736842106,2.7894736842105257
Ligue 1 (France),2010/11,Monaco,19,0.8421052631578947,0.8947368421052632,13.0,3.6315789473684212,1.6842105263157894,19,1.0526315789473684,1.2105263157894737,10.052631578947368,3.4210526315789473,2.210526315789474,-0.21052631578947367,2.947368421052632
Ligue 1 (France),2010/11,Montpellier,19,1.105263157894737,1.0526315789473684,13.473684210526315,4.578947368421052,2.0526315789473686,19,0.5789473684210527,1.2105263157894737,13.421052631578947,4.0,1.9473684210526316,0.5263157894736843,0.05263157894736814
Ligue 1 (France),2010/11,Nancy,19,1.2105263157894737,1.105263157894737,15.631578947368421,5.2105263157894735,1.368421052631579,19,1.0526315789473684,1.4210526315789473,12.947368421052632,4.105263157894737,2.1052631578947367,0.1578947368421053,2.6842105263157894
Ligue 1 (France),2010/11,Nice,19,1.1578947368421053,1.1578947368421053,12.052631578947368,4.421052631578948,1.736842105263158,19,0.5789473684210527,1.368421052631579,9.578947368421053,3.0,2.263157894736842,0.5789473684210527,2.473684210526315
Ligue 1 (France),2010/11,Paris SG,19,1.736842105263158,1.0526315789473684,14.0,4.7368421052631575,1.5263157894736843,19,1.2105263157894737,1.105263157894737,15.473684210526315,6.0,1.631578947368421,0.5263157894736843,-1.473684210526315
Ligue 1 (France),2010/11,Rennes,19,1.1578947368421053,0.6842105263157895,12.894736842105264,4.052631578947368,1.4210526315789473,19,0.8421052631578947,1.1578947368421053,9.736842105263158,3.3157894736842106,1.4210526315789473,0.3157894736842106,3.157894736842106
Ligue 1 (France),2010/11,Sochaux,19,1.894736842105263,0.8947368421052632,13.105263157894736,5.578947368421052,0.9473684210526315,19,1.263157894736842,1.368421052631579,10.578947368421053,3.736842105263158,1.4736842105263157,0.631578947368421,2.526315789473683
Ligue 1 (France),2010/11,St Etienne,19,1.5263157894736843,1.3157894736842106,15.473684210526315,5.315789473684211,1.3157894736842106,19,0.8947368421052632,1.1578947368421053,10.0,3.526315789473684,1.8421052631578947,0.6315789473684211,5.473684210526315
Ligue 1 (France),2010/11,Toulouse,19,1.0,0.6842105263157895,9.842105263157896,3.473684210526316,1.4210526315789473,19,1.0,1.2105263157894737,9.631578947368421,3.6315789473684212,1.736842105263158,0.0,0.21052631578947434
Ligue 1 (France),2010/11,Valenciennes,19,1.4736842105263157,0.8947368421052632,13.31578947368421,4.526315789473684,1.5263157894736843,19,0.8947368421052632,1.263157894736842,9.842105263157896,3.526315789473684,1.9473684210526316,0.5789473684210525,3.473684210526315
Ligue 1 (France),2011/12,Ajaccio,19,1.1578947368421053,1.263157894736842,12.263157894736842,4.157894736842105,2.473684210526316,19,0.9473684210526315,1.9473684210526316,6.7894736842105265,2.5789473684210527,2.210526315789474,0.21052631578947378,5.473684210526316
Ligue 1 (France),2011/12,Auxerre,19,1.5789473684210527,1.4736842105263157,14.105263157894736,5.368421052631579,2.1578947368421053,19,0.8421052631578947,1.5263157894736843,9.473684210526315,3.263157894736842,2.1578947368421053,0.736842105263158,4.631578947368421
Ligue 1 (France),2011/12,Bordeaux,19,1.3157894736842106,0.7368421052631579,12.421052631578947,4.473684210526316,1.368421052631579,19,1.4736842105263157,1.4210526315789473,12.052631578947368,3.8947368421052633,1.7894736842105263,-0.1578947368421051,0.36842105263157876
Ligue 1 (France),2011/12,Brest,19,1.1578947368421053,0.8947368421052632,12.947368421052632,4.526315789473684,1.736842105263158,19,0.47368421052631576,1.105263157894737,9.052631578947368,2.3157894736842106,2.1052631578947367,0.6842105263157896,3.8947368421052637
Ligue 1 (France),2011/12,Caen,19,1.0526315789473684,1.3157894736842106,12.736842105263158,3.5789473684210527,1.4736842105263157,19,1.0,1.7894736842105263,9.157894736842104,3.0526315789473686,2.1052631578947367,0.05263157894736836,3.578947368421053
Ligue 1 (France),2011/12,Dijon,19,1.2105263157894737,1.368421052631579,11.263157894736842,3.789473684210526,1.894736842105263,19,0.7894736842105263,1.9473684210526316,9.736842105263158,2.8421052631578947,2.210526315789474,0.42105263157894735,1.526315789473685
Ligue 1 (France),2011/12,Evian Thonon Gaillard,19,1.5263157894736843,1.5263157894736843,12.052631578947368,4.526315789473684,2.0,19,1.3157894736842106,1.368421052631579,8.894736842105264,3.4210526315789473,2.210526315789474,0.21052631578947367,3.1578947368421044
Ligue 1 (France),2011/12,Lille,19,2.526315789473684,1.2105263157894737,16.05263157894737,6.2631578947368425,1.4736842105263157,19,1.263157894736842,0.8421052631578947,13.105263157894736,5.157894736842105,1.9473684210526316,1.263157894736842,2.9473684210526336
Ligue 1 (France),2011/12,Lorient,19,1.0526315789473684,0.7368421052631579,12.31578947368421,4.052631578947368,1.3157894736842106,19,0.7894736842105263,1.8421052631578947,10.631578947368421,3.5789473684210527,2.1052631578947367,0.26315789473684204,1.6842105263157894
Ligue 1 (France),2011/12,Lyon,19,2.3157894736842106,1.4210526315789473,14.894736842105264,6.052631578947368,1.4736842105263157,19,1.0526315789473684,1.263157894736842,12.368421052631579,3.9473684210526314,1.6842105263157894,1.2631578947368423,2.526315789473685
Ligue 1 (France),2011/12,Marseille,19,1.368421052631579,0.7894736842105263,18.105263157894736,6.2105263157894735,1.5789473684210527,19,1.0,1.368421052631579,12.157894736842104,3.6842105263157894,2.210526315789474,0.368421052631579,5.947368421052632
Ligue 1 (France),2011/12,Montpellier,19,1.9473684210526316,0.5789473684210527,18.05263157894737,6.631578947368421,1.894736842105263,19,1.631578947368421,1.2105263157894737,12.947368421052632,5.105263157894737,1.631578947368421,0.3157894736842106,5.105263157894738
Ligue 1 (France),2011/12,Nancy,19,1.263157894736842,1.263157894736842,12.31578947368421,4.2105263157894735,1.3157894736842106,19,0.7368421052631579,1.263157894736842,11.052631578947368,3.3157894736842106,1.7894736842105263,0.5263157894736842,1.2631578947368425
Ligue 1 (France),2011/12,Nice,19,1.105263157894737,0.6842105263157895,14.157894736842104,4.105263157894737,1.6842105263157894,19,0.9473684210526315,1.736842105263158,11.052631578947368,3.6842105263157894,1.9473684210526316,0.15789473684210542,3.1052631578947363
Ligue 1 (France),2011/12,Paris SG,19,2.210526315789474,0.8421052631578947,14.894736842105264,5.2631578947368425,1.6842105263157894,19,1.736842105263158,1.3157894736842106,13.210526315789474,5.157894736842105,2.3684210526315788,0.47368421052631593,1.6842105263157894
Ligue 1 (France),2011/12,Rennes,19,1.5789473684210527,1.0,17.157894736842106,6.052631578947368,1.6842105263157894,19,1.2105263157894737,1.3157894736842106,11.631578947368421,3.526315789473684,1.7894736842105263,0.368421052631579,5.526315789473685
Ligue 1 (France),2011/12,Sochaux,19,1.105263157894737,1.263157894736842,12.526315789473685,4.0,1.0526315789473684,19,1.0,1.894736842105263,8.052631578947368,3.3157894736842106,1.4210526315789473,0.10526315789473695,4.473684210526317
Ligue 1 (France),2011/12,St Etienne,19,1.4210526315789473,1.0526315789473684,15.052631578947368,5.2105263157894735,1.4736842105263157,19,1.1578947368421053,1.3157894736842106,10.578947368421053,3.526315789473684,2.210526315789474,0.26315789473684204,4.473684210526315
Ligue 1 (France),2011/12,Toulouse,19,1.0526315789473684,0.5789473684210527,13.157894736842104,4.526315789473684,1.5263157894736843,19,0.8947368421052632,1.2105263157894737,11.473684210526315,3.5789473684210527,2.1578947368421053,0.1578947368421052,1.6842105263157894
Ligue 1 (France),2011/12,Valenciennes,19,1.5263157894736843,0.8421052631578947,14.947368421052632,5.421052631578948,1.5789473684210527,19,0.5789473684210527,1.7894736842105263,10.578947368421053,3.0,1.894736842105263,0.9473684210526316,4.368421052631579
Ligue 1 (France),2012/13,Ajaccio,19,1.0,1.0526315789473684,11.842105263157896,4.2105263157894735,1.631578947368421,19,1.0526315789473684,1.631578947368421,9.210526315789474,3.526315789473684,2.210526315789474,-0.05263157894736836,2.6315789473684212
Ligue 1 (France),2012/13,Bastia,19,1.5789473684210527,1.368421052631579,12.052631578947368,4.105263157894737,2.0,19,1.0526315789473684,2.1052631578947367,8.842105263157896,3.1052631578947367,2.263157894736842,0.5263157894736843,3.2105263157894726
Ligue 1 (France),2012/13,Bordeaux,19,1.1578947368421053,1.0,14.68421052631579,5.578947368421052,1.631578947368421,19,0.9473684210526315,0.7894736842105263,11.105263157894736,3.8947368421052633,1.8421052631578947,0.21052631578947378,3.578947368421053
Ligue 1 (France),2012/13,Brest,19,0.8947368421052632,1.368421052631579,11.105263157894736,3.4210526315789473,1.8421052631578947,19,0.7894736842105263,1.894736842105263,10.210526315789474,3.263157894736842,1.736842105263158,0.10526315789473684,0.8947368421052619
Ligue 1 (France),2012/13,Evian Thonon Gaillard,19,1.631578947368421,1.3157894736842106,15.31578947368421,5.421052631578948,1.894736842105263,19,0.7894736842105263,1.4736842105263157,9.157894736842104,2.8421052631578947,2.1052631578947367,0.8421052631578947,6.157894736842106
Ligue 1 (France),2012/13,Lille,19,1.6842105263157894,0.8421052631578947,15.263157894736842,4.947368421052632,1.4736842105263157,19,1.4210526315789473,1.263157894736842,12.789473684210526,4.7894736842105265,1.631578947368421,0.26315789473684204,2.473684210526317
Ligue 1 (France),2012/13,Lorient,19,2.0,1.3157894736842106,14.68421052631579,5.842105263157895,1.2105263157894737,19,1.0,1.736842105263158,10.368421052631579,4.0,1.4210526315789473,1.0,4.315789473684211
Ligue 1 (France),2012/13,Lyon,19,1.7894736842105263,0.8947368421052632,14.157894736842104,5.2631578947368425,1.368421052631579,19,1.4210526315789473,1.105263157894737,10.631578947368421,3.6315789473684212,1.9473684210526316,0.368421052631579,3.526315789473683
Ligue 1 (France),2012/13,Marseille,19,1.3157894736842106,0.9473684210526315,13.631578947368421,4.473684210526316,0.9473684210526315,19,0.8947368421052632,0.9473684210526315,13.0,4.7894736842105265,1.736842105263158,0.42105263157894746,0.6315789473684212
Ligue 1 (France),2012/13,Montpellier,19,1.736842105263158,0.7368421052631579,13.68421052631579,4.7894736842105265,1.263157894736842,19,1.105263157894737,1.9473684210526316,11.68421052631579,4.052631578947368,2.210526315789474,0.631578947368421,2.0
Ligue 1 (France),2012/13,Nancy,19,0.8947368421052632,1.368421052631579,13.210526315789474,4.578947368421052,1.6842105263157894,19,1.105263157894737,1.6842105263157894,11.368421052631579,4.631578947368421,1.6842105263157894,-0.21052631578947378,1.8421052631578956
Ligue 1 (France),2012/13,Nice,19,1.8421052631578947,0.8947368421052632,12.210526315789474,4.315789473684211,1.5263157894736843,19,1.1578947368421053,1.5263157894736843,9.526315789473685,3.6315789473684212,1.8421052631578947,0.6842105263157894,2.6842105263157894
Ligue 1 (France),2012/13,Paris SG,19,1.7894736842105263,0.5263157894736842,15.0,5.315789473684211,1.7894736842105263,19,1.8421052631578947,0.6842105263157895,11.368421052631579,5.052631578947368,1.9473684210526316,-0.05263157894736836,3.6315789473684212
Ligue 1 (France),2012/13,Reims,19,1.0526315789473684,0.6842105263157895,10.68421052631579,3.6842105263157894,1.368421052631579,19,0.6842105263157895,1.5263157894736843,9.0,2.5789473684210527,1.894736842105263,0.36842105263157887,1.6842105263157894
Ligue 1 (France),2012/13,Rennes,19,1.2105263157894737,1.4210526315789473,13.842105263157896,4.7368421052631575,0.8421052631578947,19,1.3157894736842106,1.6842105263157894,10.210526315789474,4.2105263157894735,1.4210526315789473,-0.10526315789473695,3.6315789473684212
Ligue 1 (France),2012/13,Sochaux,19,1.3157894736842106,1.368421052631579,11.263157894736842,4.105263157894737,1.263157894736842,19,0.8421052631578947,1.631578947368421,8.68421052631579,3.0,1.736842105263158,0.47368421052631593,2.578947368421053
Ligue 1 (France),2012/13,St Etienne,19,1.894736842105263,0.6842105263157895,14.105263157894736,5.842105263157895,1.263157894736842,19,1.263157894736842,1.0,10.894736842105264,4.0,1.6842105263157894,0.631578947368421,3.2105263157894726
Ligue 1 (France),2012/13,Toulouse,19,1.5789473684210527,1.368421052631579,13.157894736842104,5.0,1.4736842105263157,19,1.0,1.105263157894737,9.894736842105264,3.3157894736842106,1.7894736842105263,0.5789473684210527,3.2631578947368407
Ligue 1 (France),2012/13,Troyes,19,1.3157894736842106,1.263157894736842,10.68421052631579,4.315789473684211,1.4210526315789473,19,0.9473684210526315,1.9473684210526316,9.631578947368421,3.3684210526315788,1.2105263157894737,0.3684210526315791,1.0526315789473681
Ligue 1 (France),2012/13,Valenciennes,19,1.6842105263157894,1.105263157894737,13.263157894736842,4.7894736842105265,1.1578947368421053,19,0.8947368421052632,1.6842105263157894,10.263157894736842,3.3157894736842106,1.894736842105263,0.7894736842105262,3.0
Ligue 1 (France),2013/14,Ajaccio,19,1.2105263157894737,1.736842105263158,10.210526315789474,3.8421052631578947,1.8421052631578947,19,0.7368421052631579,2.0526315789473686,8.31578947368421,2.263157894736842,1.8421052631578947,0.4736842105263158,1.8947368421052637
Ligue 1 (France),2013/14,Bastia,19,1.263157894736842,0.9473684210526315,10.736842105263158,4.2105263157894735,1.6842105263157894,19,0.9473684210526315,2.1052631578947367,10.210526315789474,3.0526315789473686,1.5263157894736843,0.3157894736842105,0.5263157894736832
Ligue 1 (France),2013/14,Bordeaux,19,1.631578947368421,1.0526315789473684,12.263157894736842,4.947368421052632,1.3157894736842106,19,0.9473684210526315,1.2105263157894737,11.526315789473685,3.9473684210526314,1.3157894736842106,0.6842105263157895,0.7368421052631575
Ligue 1 (France),2013/14,Evian Thonon Gaillard,19,1.3157894736842106,1.263157894736842,12.0,3.8947368421052633,1.5263157894736843,19,0.7368421052631579,1.4210526315789473,9.368421052631579,3.3684210526315788,1.8421052631578947,0.5789473684210528,2.6315789473684212
Ligue 1 (France),2013/14,Guingamp,19,1.105263157894737,0.8421052631578947,13.368421052631579,4.526315789473684,1.4210526315789473,19,0.6842105263157895,1.368421052631579,9.736842105263158,2.789473684210526,1.7894736842105263,0.42105263157894746,3.6315789473684212
Ligue 1 (France),2013/14,Lille,19,1.3157894736842106,0.5263157894736842,15.368421052631579,5.7368421052631575,1.3157894736842106,19,1.105263157894737,0.8421052631578947,10.789473684210526,3.736842105263158,1.5789473684210527,0.21052631578947367,4.578947368421053
Ligue 1 (France),2013/14,Lorient,19,1.5263157894736843,1.3157894736842106,12.473684210526315,4.7894736842105265,1.105263157894737,19,1.0,1.4736842105263157,10.631578947368421,3.3684210526315788,1.4210526315789473,0.5263157894736843,1.8421052631578938
Ligue 1 (France),2013/14,Lyon,19,1.5789473684210527,0.7894736842105263,14.736842105263158,5.2631578947368425,1.105263157894737,19,1.368421052631579,1.5263157894736843,11.052631578947368,4.105263157894737,1.631578947368421,0.21052631578947367,3.6842105263157894
Ligue 1 (France),2013/14,Marseille,19,1.5789473684210527,1.0526315789473684,14.210526315789474,5.157894736842105,1.4210526315789473,19,1.2105263157894737,1.0526315789473684,13.368421052631579,4.947368421052632,1.6842105263157894,0.368421052631579,0.8421052631578956
Ligue 1 (France),2013/14,Monaco,19,1.6842105263157894,0.7368421052631579,15.210526315789474,5.052631578947368,1.4210526315789473,19,1.631578947368421,0.8947368421052632,12.68421052631579,4.842105263157895,1.7894736842105263,0.05263157894736836,2.526315789473685
Ligue 1 (France),2013/14,Montpellier,19,1.1578947368421053,1.0,13.368421052631579,4.421052631578948,1.368421052631579,19,1.2105263157894737,1.7894736842105263,9.736842105263158,3.1578947368421053,1.736842105263158,-0.05263157894736836,3.6315789473684212
Ligue 1 (France),2013/14,Nantes,19,1.105263157894737,1.0,11.473684210526315,4.0,1.368421052631579,19,1.0,1.263157894736842,9.947368421052632,2.9473684210526314,1.5263157894736843,0.10526315789473695,1.5263157894736832
Ligue 1 (France),2013/14,Nice,19,1.1578947368421053,0.8421052631578947,10.842105263157896,4.0,1.5263157894736843,19,0.42105263157894735,1.4736842105263157,8.31578947368421,2.210526315789474,1.5263157894736843,0.736842105263158,2.526315789473685
Ligue 1 (France),2013/14,Paris SG,19,2.6842105263157894,0.3684210526315789,18.526315789473685,6.631578947368421,1.263157894736842,19,1.736842105263158,0.8421052631578947,12.68421052631579,5.684210526315789,1.9473684210526316,0.9473684210526314,5.842105263157896
Ligue 1 (France),2013/14,Reims,19,1.368421052631579,1.368421052631579,12.631578947368421,4.2631578947368425,1.5263157894736843,19,0.9473684210526315,1.368421052631579,10.263157894736842,3.1578947368421053,1.4210526315789473,0.42105263157894746,2.3684210526315788
Ligue 1 (France),2013/14,Rennes,19,1.263157894736842,1.2105263157894737,11.842105263157896,4.2105263157894735,1.263157894736842,19,1.2105263157894737,1.1578947368421053,8.842105263157896,3.526315789473684,1.2105263157894737,0.05263157894736836,3.0
Ligue 1 (France),2013/14,Sochaux,19,1.0526315789473684,0.9473684210526315,13.31578947368421,4.526315789473684,1.6842105263157894,19,0.8947368421052632,2.263157894736842,9.263157894736842,3.1052631578947367,2.0,0.1578947368421052,4.052631578947368
Ligue 1 (France),2013/14,St Etienne,19,1.894736842105263,0.7894736842105263,14.842105263157896,5.157894736842105,1.5789473684210527,19,1.0526315789473684,1.0,10.947368421052632,4.157894736842105,1.9473684210526316,0.8421052631578947,3.8947368421052637
Ligue 1 (France),2013/14,Toulouse,19,1.2105263157894737,1.368421052631579,13.263157894736842,4.421052631578948,1.8421052631578947,19,1.2105263157894737,1.4210526315789473,9.789473684210526,4.368421052631579,2.1578947368421053,0.0,3.473684210526317
Ligue 1 (France),2013/14,Valenciennes,19,1.2105263157894737,1.631578947368421,12.157894736842104,4.368421052631579,1.4736842105263157,19,0.7368421052631579,1.7894736842105263,9.789473684210526,3.0526315789473686,1.736842105263158,0.4736842105263158,2.3684210526315788
Ligue 1 (France),2014/15,Bastia,19,1.263157894736842,0.9473684210526315,9.736842105263158,4.0,2.263157894736842,19,0.6842105263157895,1.4736842105263157,7.052631578947368,2.263157894736842,1.736842105263158,0.5789473684210525,2.6842105263157894
Ligue 1 (France),2014/15,Bordeaux,19,1.631578947368421,1.2105263157894737,14.631578947368421,4.578947368421052,1.0,19,0.8421052631578947,1.105263157894737,10.947368421052632,3.789473684210526,2.210526315789474,0.7894736842105263,3.6842105263157894
Ligue 1 (France),2014/15,Caen,19,1.368421052631579,1.3157894736842106,13.421052631578947,4.2105263157894735,1.0,19,1.4736842105263157,1.5789473684210527,10.736842105263158,4.0,1.263157894736842,-0.10526315789473673,2.6842105263157894
Ligue 1 (France),2014/15,Evian Thonon Gaillard,19,1.0526315789473684,1.3157894736842106,9.526315789473685,2.526315789473684,1.5789473684210527,19,1.105263157894737,1.9473684210526316,7.7368421052631575,2.8421052631578947,1.894736842105263,-0.052631578947368585,1.7894736842105274
Ligue 1 (France),2014/15,Guingamp,19,1.2105263157894737,1.3157894736842106,9.894736842105264,3.4210526315789473,1.2105263157894737,19,0.9473684210526315,1.5789473684210527,8.736842105263158,3.6842105263157894,1.8421052631578947,0.26315789473684215,1.1578947368421062
Ligue 1 (France),2014/15,Lens,19,0.7368421052631579,1.263157894736842,11.736842105263158,3.473684210526316,1.9473684210526316,19,0.9473684210526315,1.9473684210526316,9.68421052631579,3.1578947368421053,1.736842105263158,-0.21052631578947367,2.052631578947368
Ligue 1 (France),2014/15,Lille,19,1.368421052631579,0.631578947368421,14.263157894736842,4.7894736842105265,1.631578947368421,19,0.8947368421052632,1.5789473684210527,10.0,3.0,1.6842105263157894,0.4736842105263158,4.2631578947368425
Ligue 1 (France),2014/15,Lorient,19,0.8947368421052632,0.8947368421052632,14.631578947368421,5.052631578947368,1.2105263157894737,19,1.4210526315789473,1.736842105263158,10.68421052631579,4.052631578947368,1.631578947368421,-0.5263157894736842,3.947368421052632
Ligue 1 (France),2014/15,Lyon,19,2.1052631578947367,0.5789473684210527,15.31578947368421,6.0,1.7894736842105263,19,1.6842105263157894,1.1578947368421053,12.210526315789474,5.526315789473684,1.5789473684210527,0.42105263157894735,3.1052631578947363
Ligue 1 (France),2014/15,Marseille,19,2.1052631578947367,1.1578947368421053,17.0,5.7894736842105265,1.368421052631579,19,1.894736842105263,1.0526315789473684,13.421052631578947,4.894736842105263,2.0526315789473686,0.21052631578947367,3.578947368421053
Ligue 1 (France),2014/15,Metz,19,1.368421052631579,1.6842105263157894,14.105263157894736,5.105263157894737,1.7894736842105263,19,0.2631578947368421,1.5263157894736843,9.421052631578947,2.736842105263158,1.9473684210526316,1.105263157894737,4.684210526315789
Ligue 1 (France),2014/15,Monaco,19,1.2105263157894737,0.5263157894736842,11.789473684210526,4.052631578947368,1.4210526315789473,19,1.4736842105263157,0.8421052631578947,11.947368421052632,4.631578947368421,1.631578947368421,-0.26315789473684204,-0.1578947368421062
Ligue 1 (France),2014/15,Montpellier,19,1.5789473684210527,1.105263157894737,11.736842105263158,4.526315789473684,1.3157894736842106,19,0.8421052631578947,0.9473684210526315,9.0,2.9473684210526314,1.368421052631579,0.736842105263158,2.7368421052631575
Ligue 1 (France),2014/15,Nantes,19,0.8947368421052632,0.8947368421052632,11.894736842105264,3.8947368421052633,1.6842105263157894,19,0.631578947368421,1.2105263157894737,10.157894736842104,3.210526315789474,2.0,0.26315789473684215,1.7368421052631593
Ligue 1 (France),2014/15,Nice,19,1.105263157894737,1.263157894736842,13.105263157894736,3.789473684210526,2.0,19,1.2105263157894737,1.5263157894736843,8.68421052631579,3.526315789473684,2.4210526315789473,-0.10526315789473673,4.421052631578947
Ligue 1 (France),2014/15,Paris SG,19,2.736842105263158,0.7368421052631579,12.947368421052632,6.052631578947368,1.4210526315789473,19,1.631578947368421,1.1578947368421053,12.31578947368421,5.578947368421052,1.894736842105263,1.105263157894737,0.6315789473684212
Ligue 1 (France),2014/15,Reims,19,1.263157894736842,1.5263157894736843,13.526315789473685,4.052631578947368,1.7894736842105263,19,1.2105263157894737,1.9473684210526316,9.421052631578947,3.1578947368421053,2.210526315789474,0.05263157894736836,4.105263157894738
Ligue 1 (France),2014/15,Rennes,19,1.1578947368421053,1.1578947368421053,10.31578947368421,3.789473684210526,1.5263157894736843,19,0.6842105263157895,1.0526315789473684,8.631578947368421,2.789473684210526,1.368421052631579,0.4736842105263158,1.6842105263157894
Ligue 1 (France),2014/15,St Etienne,19,1.6842105263157894,0.5789473684210527,12.947368421052632,4.421052631578948,1.736842105263158,19,1.0,1.0,10.473684210526315,3.5789473684210527,1.736842105263158,0.6842105263157894,2.473684210526317
Ligue 1 (France),2014/15,Toulouse,19,1.4736842105263157,1.5263157894736843,13.0,4.157894736842105,1.4736842105263157,19,0.7894736842105263,1.8421052631578947,9.526315789473685,2.526315789473684,1.736842105263158,0.6842105263157894,3.473684210526315
Ligue 1 (France),2015/16,Ajaccio GFCO,19,1.2105263157894737,1.6842105263157894,14.526315789473685,4.157894736842105,2.0526315789473686,19,0.7368421052631579,1.368421052631579,8.31578947368421,2.3684210526315788,2.6315789473684212,0.4736842105263158,6.210526315789474
Ligue 1 (France),2015/16,Angers,19,1.0526315789473684,0.7894736842105263,11.210526315789474,3.473684210526316,1.5789473684210527,19,1.0526315789473684,1.2105263157894737,9.68421052631579,3.4210526315789473,2.1052631578947367,0.0,1.526315789473685
Ligue 1 (France),2015/16,Bastia,19,1.2105263157894737,0.7368421052631579,9.157894736842104,3.3684210526315788,2.0,19,0.6842105263157895,1.4736842105263157,8.31578947368421,2.4210526315789473,2.3157894736842106,0.5263157894736842,0.8421052631578938
Ligue 1 (France),2015/16,Bordeaux,19,1.4210526315789473,1.0526315789473684,13.368421052631579,3.8947368421052633,2.0,19,1.2105263157894737,1.9473684210526316,9.789473684210526,3.6842105263157894,2.210526315789474,0.21052631578947367,3.578947368421053
Ligue 1 (France),2015/16,Caen,19,1.0,1.2105263157894737,13.368421052631579,4.7368421052631575,1.3157894736842106,19,1.0526315789473684,1.5263157894736843,11.31578947368421,4.473684210526316,1.4210526315789473,-0.05263157894736836,2.052631578947368
Ligue 1 (France),2015/16,Guingamp,19,1.631578947368421,1.4736842105263157,11.421052631578947,3.473684210526316,1.894736842105263,19,0.8421052631578947,1.4736842105263157,9.578947368421053,3.6315789473684212,2.0526315789473686,0.7894736842105263,1.8421052631578938
Ligue 1 (France),2015/16,Lille,19,1.105263157894737,0.5789473684210527,13.736842105263158,4.2631578947368425,1.8421052631578947,19,0.9473684210526315,0.8421052631578947,11.263157894736842,3.8421052631578947,2.526315789473684,0.15789473684210542,2.473684210526315
Ligue 1 (France),2015/16,Lorient,19,1.368421052631579,1.105263157894737,12.31578947368421,4.631578947368421,1.263157894736842,19,1.105263157894737,1.9473684210526316,9.68421052631579,3.4210526315789473,2.0526315789473686,0.26315789473684204,2.6315789473684212
Ligue 1 (France),2015/16,Lyon,19,2.210526315789474,0.8421052631578947,16.0,6.368421052631579,1.8421052631578947,19,1.3157894736842106,1.4210526315789473,13.157894736842104,4.2631578947368425,1.5789473684210527,0.8947368421052633,2.8421052631578956
Ligue 1 (France),2015/16,Marseille,19,1.4210526315789473,1.263157894736842,14.368421052631579,5.105263157894737,1.631578947368421,19,1.105263157894737,0.9473684210526315,10.631578947368421,4.421052631578948,2.1052631578947367,0.3157894736842104,3.7368421052631575
Ligue 1 (France),2015/16,Monaco,19,1.5789473684210527,1.0,11.631578947368421,4.7894736842105265,2.1578947368421053,19,1.4210526315789473,1.631578947368421,10.842105263157896,4.105263157894737,2.263157894736842,0.1578947368421053,0.7894736842105257
Ligue 1 (France),2015/16,Montpellier,19,1.368421052631579,1.2105263157894737,11.894736842105264,4.368421052631579,1.5789473684210527,19,1.2105263157894737,1.263157894736842,8.789473684210526,3.210526315789474,1.7894736842105263,0.1578947368421053,3.105263157894738
Ligue 1 (France),2015/16,Nantes,19,1.0526315789473684,1.0526315789473684,12.473684210526315,3.9473684210526314,1.5789473684210527,19,0.6842105263157895,1.263157894736842,10.263157894736842,3.1052631578947367,2.5789473684210527,0.36842105263157887,2.2105263157894726
Ligue 1 (France),2015/16,Nice,19,1.6842105263157894,0.8421052631578947,10.578947368421053,4.421052631578948,1.263157894736842,19,1.368421052631579,1.3157894736842106,9.789473684210526,4.052631578947368,2.210526315789474,0.3157894736842104,0.7894736842105274
Ligue 1 (France),2015/16,Paris SG,19,3.1052631578947367,0.631578947368421,17.105263157894736,7.684210526315789,1.0526315789473684,19,2.263157894736842,0.3684210526315789,12.578947368421053,5.473684210526316,1.3157894736842106,0.8421052631578947,4.526315789473683
Ligue 1 (France),2015/16,Reims,19,1.4736842105263157,1.2105263157894737,12.789473684210526,4.684210526315789,2.3684210526315788,19,0.8421052631578947,1.7894736842105263,9.631578947368421,3.6842105263157894,1.8421052631578947,0.631578947368421,3.1578947368421044
Ligue 1 (France),2015/16,Rennes,19,1.3157894736842106,1.3157894736842106,11.526315789473685,3.789473684210526,1.9473684210526316,19,1.4210526315789473,1.5263157894736843,10.473684210526315,4.315789473684211,1.5789473684210527,-0.10526315789473673,1.05263157894737
Ligue 1 (France),2015/16,St Etienne,19,1.3157894736842106,0.7894736842105263,13.31578947368421,4.2105263157894735,1.8421052631578947,19,0.8947368421052632,1.1578947368421053,9.842105263157896,2.8421052631578947,1.894736842105263,0.42105263157894746,3.473684210526315
Ligue 1 (France),2015/16,Toulouse,19,1.5263157894736843,1.105263157894737,12.0,4.368421052631579,1.5789473684210527,19,0.8421052631578947,1.7894736842105263,10.31578947368421,3.9473684210526314,2.1578947368421053,0.6842105263157896,1.6842105263157894
Ligue 1 (France),2015/16,Troyes,19,0.6842105263157895,1.894736842105263,13.052631578947368,4.894736842105263,1.9473684210526316,19,0.7894736842105263,2.473684210526316,10.526315789473685,3.210526315789474,1.7894736842105263,-0.10526315789473684,2.526315789473683
Ligue 1 (France),2016/17,Angers,19,1.2105263157894737,0.8947368421052632,15.631578947368421,5.2631578947368425,1.3157894736842106,19,0.8947368421052632,1.6842105263157894,12.105263157894736,4.105263157894737,1.736842105263158,0.3157894736842105,3.526315789473685
Ligue 1 (France),2016/17,Bastia,18,0.9444444444444444,0.7777777777777778,11.11111111111111,3.888888888888889,1.7777777777777777,19,0.631578947368421,2.1052631578947367,9.631578947368421,2.526315789473684,1.9473684210526316,0.3128654970760234,1.4795321637426895
Ligue 1 (France),2016/17,Bordeaux,19,1.4210526315789473,1.0,13.052631578947368,4.7368421052631575,1.5263157894736843,19,1.368421052631579,1.263157894736842,10.68421052631579,3.4210526315789473,1.8421052631578947,0.05263157894736836,2.3684210526315788
Ligue 1 (France),2016/17,Caen,19,1.105263157894737,1.9473684210526316,13.0,3.9473684210526314,1.6842105263157894,19,0.7894736842105263,1.4736842105263157,11.157894736842104,3.3157894736842106,1.4210526315789473,0.3157894736842106,1.8421052631578956
Ligue 1 (France),2016/17,Dijon,19,1.4210526315789473,1.105263157894737,12.894736842105264,4.2105263157894735,1.5263157894736843,19,1.0,1.9473684210526316,9.526315789473685,4.0,2.0526315789473686,0.42105263157894735,3.3684210526315788
Ligue 1 (France),2016/17,Guingamp,19,1.4736842105263157,0.6842105263157895,13.526315789473685,4.578947368421052,1.0526315789473684,19,0.9473684210526315,2.1052631578947367,9.789473684210526,4.105263157894737,1.9473684210526316,0.5263157894736842,3.7368421052631593
Ligue 1 (France),2016/17,Lille,19,1.263157894736842,1.263157894736842,14.368421052631579,4.2631578947368425,1.368421052631579,19,0.8421052631578947,1.2105263157894737,11.052631578947368,3.736842105263158,1.736842105263158,0.42105263157894735,3.3157894736842106
Ligue 1 (France),2016/17,Lorient,19,1.3157894736842106,1.5263157894736843,12.526315789473685,4.157894736842105,1.9473684210526316,19,1.0,2.1578947368421053,10.0,3.526315789473684,1.5789473684210527,0.3157894736842106,2.526315789473685
Ligue 1 (France),2016/17,Lyon,19,2.4210526315789473,1.368421052631579,16.473684210526315,6.052631578947368,1.3157894736842106,18,1.7222222222222223,1.2222222222222223,14.277777777777779,5.111111111111111,2.0,0.698830409356725,2.1959064327485365
Ligue 1 (France),2016/17,Marseille,19,1.736842105263158,0.6842105263157895,13.631578947368421,4.684210526315789,1.631578947368421,19,1.263157894736842,1.4736842105263157,10.789473684210526,3.8421052631578947,1.9473684210526316,0.47368421052631593,2.8421052631578956
Ligue 1 (France),2016/17,Metz,19,1.4210526315789473,1.7894736842105263,10.263157894736842,3.4210526315789473,1.7894736842105263,19,0.631578947368421,2.0,8.526315789473685,2.736842105263158,1.9473684210526316,0.7894736842105263,1.7368421052631575
Ligue 1 (France),2016/17,Monaco,19,3.3157894736842106,0.6842105263157895,15.842105263157896,6.631578947368421,1.5263157894736843,19,2.3157894736842106,0.9473684210526315,13.263157894736842,6.157894736842105,1.1578947368421053,1.0,2.578947368421053
Ligue 1 (France),2016/17,Montpellier,19,1.4736842105263157,1.1578947368421053,14.263157894736842,4.368421052631579,1.2105263157894737,19,1.0526315789473684,2.3157894736842106,12.210526315789474,3.9473684210526314,1.1578947368421053,0.42105263157894735,2.052631578947368
Ligue 1 (France),2016/17,Nancy,19,1.105263157894737,1.2105263157894737,12.368421052631579,3.3157894736842106,1.9473684210526316,19,0.42105263157894735,1.5263157894736843,7.2631578947368425,2.3157894736842106,2.0526315789473686,0.6842105263157896,5.105263157894736
Ligue 1 (France),2016/17,Nantes,19,1.0,1.263157894736842,13.0,3.736842105263158,1.9473684210526316,19,1.105263157894737,1.5789473684210527,11.0,3.5789473684210527,2.0526315789473686,-0.10526315789473695,2.0
Ligue 1 (France),2016/17,Nice,19,2.0526315789473686,0.8421052631578947,11.421052631578947,4.578947368421052,1.4736842105263157,19,1.263157894736842,1.0526315789473684,11.368421052631579,4.368421052631579,1.5263157894736843,0.7894736842105265,0.05263157894736814
Ligue 1 (France),2016/17,Paris SG,19,2.210526315789474,0.3684210526315789,17.263157894736842,6.105263157894737,1.0,19,2.1578947368421053,1.0526315789473684,13.421052631578947,5.578947368421052,1.631578947368421,0.052631578947368585,3.8421052631578956
Ligue 1 (France),2016/17,Rennes,19,1.368421052631579,0.7894736842105263,11.526315789473685,3.789473684210526,1.5263157894736843,19,0.5263157894736842,1.4210526315789473,11.421052631578947,3.9473684210526314,1.4210526315789473,0.8421052631578948,0.10526315789473806
Ligue 1 (France),2016/17,St Etienne,19,1.263157894736842,0.9473684210526315,11.578947368421053,3.3684210526315788,1.1578947368421053,19,0.8947368421052632,1.263157894736842,9.526315789473685,3.3157894736842106,1.5789473684210527,0.36842105263157887,2.052631578947368
Ligue 1 (France),2016/17,Toulouse,19,1.4736842105263157,0.9473684210526315,11.368421052631579,3.9473684210526314,1.9473684210526316,19,0.47368421052631576,1.2105263157894737,8.631578947368421,2.9473684210526314,2.6315789473684212,1.0,2.7368421052631575
Ligue 1 (France),2017/18,Amiens,19,1.368421052631579,1.0,10.31578947368421,3.3684210526315788,2.0,19,0.5789473684210527,1.2105263157894737,8.578947368421053,2.0,1.894736842105263,0.7894736842105263,1.7368421052631575
Ligue 1 (France),2017/18,Angers,19,1.2105263157894737,1.4736842105263157,13.263157894736842,4.421052631578948,1.3157894736842106,19,1.0,1.263157894736842,11.105263157894736,3.789473684210526,2.4210526315789473,0.21052631578947367,2.157894736842106
Ligue 1 (France),2017/18,Bordeaux,19,1.4210526315789473,1.2105263157894737,13.526315789473685,4.578947368421052,1.7894736842105263,19,1.368421052631579,1.3157894736842106,11.157894736842104,3.6315789473684212,2.1052631578947367,0.05263157894736836,2.3684210526315805
Ligue 1 (France),2017/18,Caen,19,0.8947368421052632,1.0,13.578947368421053,4.052631578947368,1.7894736842105263,19,0.5263157894736842,1.736842105263158,10.421052631578947,2.6842105263157894,1.7894736842105263,0.368421052631579,3.157894736842106
Ligue 1 (France),2017/18,Dijon,19,1.8421052631578947,1.4736842105263157,13.0,4.578947368421052,1.7894736842105263,19,1.0526315789473684,2.3684210526315788,10.421052631578947,3.9473684210526314,1.894736842105263,0.7894736842105263,2.578947368421053
Ligue 1 (France),2017/18,Guingamp,19,1.5789473684210527,1.263157894736842,13.631578947368421,5.157894736842105,1.6842105263157894,19,0.9473684210526315,1.8421052631578947,10.052631578947368,3.473684210526316,1.8421052631578947,0.6315789473684211,3.578947368421053
Ligue 1 (France),2017/18,Lille,19,1.263157894736842,1.4210526315789473,11.789473684210526,3.8947368421052633,1.2105263157894737,19,0.8947368421052632,2.1052631578947367,10.736842105263158,3.5789473684210527,1.9473684210526316,0.36842105263157887,1.0526315789473681
Ligue 1 (France),2017/18,Lyon,19,2.0,0.9473684210526315,16.736842105263158,5.842105263157895,1.4736842105263157,19,2.5789473684210527,1.3157894736842106,13.578947368421053,6.421052631578948,2.263157894736842,-0.5789473684210527,3.1578947368421044
Ligue 1 (France),2017/18,Marseille,19,2.3157894736842106,1.0,17.36842105263158,6.526315789473684,1.894736842105263,19,1.894736842105263,1.4736842105263157,15.421052631578947,5.684210526315789,2.3684210526315788,0.42105263157894757,1.9473684210526319
Ligue 1 (France),2017/18,Metz,19,0.8421052631578947,1.9473684210526316,13.0,4.7894736842105265,1.894736842105263,19,0.9473684210526315,2.0526315789473686,9.526315789473685,3.6842105263157894,2.3157894736842106,-0.10526315789473684,3.473684210526315
Ligue 1 (France),2017/18,Monaco,19,2.473684210526316,0.8947368421052632,12.894736842105264,4.7368421052631575,2.263157894736842,19,2.0,1.4736842105263157,12.894736842105264,4.842105263157895,1.4736842105263157,0.47368421052631593,0.0
Ligue 1 (France),2017/18,Montpellier,19,1.0526315789473684,1.0,14.421052631578947,4.315789473684211,1.8421052631578947,19,0.8421052631578947,0.7368421052631579,11.526315789473685,4.0,1.9473684210526316,0.21052631578947367,2.894736842105262
Ligue 1 (France),2017/18,Nantes,19,0.7894736842105263,0.8947368421052632,14.31578947368421,3.8947368421052633,1.4736842105263157,19,1.105263157894737,1.263157894736842,11.947368421052632,3.4210526315789473,2.1052631578947367,-0.3157894736842106,2.3684210526315788
Ligue 1 (France),2017/18,Nice,19,1.5263157894736843,1.2105263157894737,14.578947368421053,5.315789473684211,1.7894736842105263,19,1.263157894736842,1.5263157894736843,10.842105263157896,4.315789473684211,2.6842105263157894,0.26315789473684226,3.7368421052631575
Ligue 1 (France),2017/18,Paris SG,19,3.6842105263157894,0.7894736842105263,16.210526315789473,7.421052631578948,1.368421052631579,19,2.0,0.7368421052631579,16.842105263157894,6.0,2.1578947368421053,1.6842105263157894,-0.6315789473684212
Ligue 1 (France),2017/18,Rennes,19,1.105263157894737,1.1578947368421053,13.31578947368421,4.052631578947368,1.6842105263157894,19,1.5263157894736843,1.1578947368421053,11.631578947368421,4.0,1.7894736842105263,-0.42105263157894735,1.6842105263157894
Ligue 1 (France),2017/18,St Etienne,19,1.6842105263157894,1.4210526315789473,12.894736842105264,4.526315789473684,1.736842105263158,19,0.7894736842105263,1.2105263157894737,9.263157894736842,3.6315789473684212,2.0526315789473686,0.894736842105263,3.6315789473684212
Ligue 1 (France),2017/18,Strasbourg,19,1.4210526315789473,1.4210526315789473,13.68421052631579,4.578947368421052,2.0526315789473686,19,0.8947368421052632,2.1052631578947367,10.052631578947368,2.5789473684210527,1.6842105263157894,0.5263157894736842,3.6315789473684212
Ligue 1 (France),2017/18,Toulouse,19,1.2105263157894737,1.105263157894737,13.052631578947368,4.7894736842105265,2.3684210526315788,19,0.7894736842105263,1.736842105263158,9.789473684210526,2.9473684210526314,2.526315789473684,0.42105263157894735,3.2631578947368425
Ligue 1 (France),2017/18,Troyes,19,0.8947368421052632,1.1578947368421053,10.736842105263158,3.8421052631578947,2.0,19,0.7894736842105263,1.9473684210526316,8.210526315789474,2.6315789473684212,2.0,0.10526315789473684,2.526315789473683
Ligue 1 (France),2018/19,Amiens,19,1.0526315789473684,1.1578947368421053,12.473684210526315,3.736842105263158,1.0526315789473684,19,0.5789473684210527,1.5789473684210527,7.947368421052632,2.473684210526316,2.210526315789474,0.4736842105263157,4.526315789473683
Ligue 1 (France),2018/19,Angers,19,1.263157894736842,1.1578947368421053,13.368421052631579,4.684210526315789,1.1578947368421053,19,1.0526315789473684,1.4210526315789473,10.368421052631579,3.4210526315789473,1.4210526315789473,0.21052631578947367,3.0
Ligue 1 (France),2018/19,Bordeaux,19,1.263157894736842,1.105263157894737,12.473684210526315,4.421052631578948,1.6842105263157894,19,0.5263157894736842,1.105263157894737,9.842105263157896,2.6842105263157894,2.210526315789474,0.7368421052631579,2.6315789473684195
Ligue 1 (France),2018/19,Caen,19,0.8421052631578947,1.4210526315789473,10.789473684210526,3.1052631578947367,1.8421052631578947,19,0.6842105263157895,1.4210526315789473,7.0,2.0,2.473684210526316,0.1578947368421052,3.7894736842105257
Ligue 1 (France),2018/19,Dijon,19,0.9473684210526315,1.5263157894736843,13.842105263157896,4.7368421052631575,1.9473684210526316,19,0.6842105263157895,1.631578947368421,9.68421052631579,2.8421052631578947,2.210526315789474,0.26315789473684204,4.157894736842106
Ligue 1 (France),2018/19,Guingamp,19,0.8421052631578947,1.4210526315789473,11.263157894736842,2.789473684210526,1.3157894736842106,19,0.631578947368421,2.1578947368421053,10.631578947368421,3.3157894736842106,1.736842105263158,0.21052631578947367,0.6315789473684212
Ligue 1 (France),2018/19,Lille,19,2.210526315789474,0.5789473684210527,13.947368421052632,5.421052631578948,1.4736842105263157,19,1.368421052631579,1.1578947368421053,12.052631578947368,4.842105263157895,2.1578947368421053,0.8421052631578949,1.8947368421052637
Ligue 1 (France),2018/19,Lyon,19,2.0,1.0,18.36842105263158,7.631578947368421,0.9473684210526315,19,1.6842105263157894,1.4736842105263157,16.894736842105264,5.631578947368421,2.0526315789473686,0.3157894736842106,1.473684210526315
Ligue 1 (France),2018/19,Marseille,19,1.631578947368421,0.8947368421052632,14.947368421052632,4.894736842105263,2.3157894736842106,19,1.5263157894736843,1.8421052631578947,12.68421052631579,4.0,2.0526315789473686,0.10526315789473673,2.2631578947368425
Ligue 1 (France),2018/19,Monaco,19,1.0,1.5263157894736843,12.631578947368421,3.9473684210526314,2.263157894736842,19,1.0,1.4736842105263157,11.947368421052632,4.421052631578948,2.5789473684210527,0.0,0.6842105263157894
Ligue 1 (France),2018/19,Montpellier,19,1.631578947368421,1.0526315789473684,14.157894736842104,4.631578947368421,1.631578947368421,19,1.1578947368421053,1.1578947368421053,12.526315789473685,4.368421052631579,1.5789473684210527,0.4736842105263157,1.6315789473684195
Ligue 1 (France),2018/19,Nantes,19,1.8421052631578947,1.263157894736842,15.947368421052632,5.0,1.6842105263157894,19,0.6842105263157895,1.263157894736842,11.31578947368421,2.8947368421052633,2.1052631578947367,1.1578947368421053,4.631578947368421
Ligue 1 (France),2018/19,Nice,19,1.0,0.7368421052631579,13.105263157894736,3.789473684210526,1.894736842105263,19,0.5789473684210527,1.105263157894737,10.157894736842104,3.1052631578947367,1.9473684210526316,0.42105263157894735,2.947368421052632
Ligue 1 (France),2018/19,Nimes,19,1.5789473684210527,1.0526315789473684,13.421052631578947,5.2631578947368425,1.7894736842105263,19,1.4210526315789473,2.0,13.789473684210526,4.2105263157894735,1.894736842105263,0.1578947368421053,-0.36842105263157876
Ligue 1 (France),2018/19,Paris SG,19,3.3157894736842106,0.5263157894736842,15.789473684210526,6.421052631578948,1.4210526315789473,19,2.210526315789474,1.3157894736842106,13.736842105263158,5.578947368421052,1.9473684210526316,1.1052631578947367,2.052631578947368
Ligue 1 (France),2018/19,Reims,19,1.105263157894737,0.9473684210526315,11.210526315789474,3.8421052631578947,1.736842105263158,19,0.9473684210526315,1.263157894736842,10.105263157894736,3.3684210526315788,1.7894736842105263,0.15789473684210542,1.105263157894738
Ligue 1 (France),2018/19,Rennes,19,1.4210526315789473,0.9473684210526315,13.526315789473685,4.894736842105263,1.8421052631578947,19,1.4736842105263157,1.7894736842105263,11.263157894736842,3.6315789473684212,1.8421052631578947,-0.05263157894736836,2.2631578947368425
Ligue 1 (France),2018/19,St Etienne,19,1.7894736842105263,0.7368421052631579,14.052631578947368,5.631578947368421,1.7894736842105263,19,1.3157894736842106,1.4210526315789473,12.157894736842104,3.789473684210526,1.736842105263158,0.4736842105263157,1.8947368421052637
Ligue 1 (France),2018/19,Strasbourg,19,1.631578947368421,1.3157894736842106,11.157894736842104,4.7368421052631575,1.5263157894736843,19,1.4210526315789473,1.2105263157894737,10.105263157894736,3.526315789473684,2.1052631578947367,0.21052631578947367,1.0526315789473681
Ligue 1 (France),2018/19,Toulouse,19,1.0526315789473684,1.368421052631579,14.052631578947368,4.368421052631579,1.7894736842105263,19,0.7894736842105263,1.631578947368421,8.68421052631579,2.5789473684210527,2.3157894736842106,0.26315789473684204,5.368421052631579
Ligue 1 (France),2019/20,Amiens,14,1.2142857142857142,1.6428571428571428,8.142857142857142,2.7857142857142856,1.8571428571428572,14,1.0,1.9285714285714286,8.642857142857142,3.142857142857143,2.4285714285714284,0.2142857142857142,-0.5
Ligue 1 (France),2019/20,Angers,15,1.3333333333333333,0.8666666666666667,14.333333333333334,4.866666666666666,1.6,13,0.6153846153846154,1.5384615384615385,11.307692307692308,3.1538461538461537,1.5384615384615385,0.7179487179487178,3.0256410256410255
Ligue 1 (France),2019/20,Bordeaux,13,1.4615384615384615,0.9230769230769231,11.846153846153847,4.384615384615385,2.076923076923077,15,1.4,1.4666666666666666,10.466666666666667,3.533333333333333,1.8666666666666667,0.06153846153846154,1.37948717948718
Ligue 1 (France),2019/20,Brest,14,1.5,0.7857142857142857,12.785714285714286,4.214285714285714,1.5714285714285714,14,0.9285714285714286,1.8571428571428572,10.285714285714286,3.0714285714285716,1.6428571428571428,0.5714285714285714,2.5
Ligue 1 (France),2019/20,Dijon,14,1.4285714285714286,1.0714285714285714,14.357142857142858,4.214285714285714,1.8571428571428572,14,0.5,1.5714285714285714,9.714285714285714,3.142857142857143,1.3571428571428572,0.9285714285714286,4.642857142857144
Ligue 1 (France),2019/20,Lille,15,1.6,0.6,14.133333333333333,5.2,1.4,13,0.8461538461538461,1.3846153846153846,10.76923076923077,4.076923076923077,2.3076923076923075,0.7538461538461539,3.364102564102563
Ligue 1 (France),2019/20,Lyon,13,1.3076923076923077,0.5384615384615384,12.538461538461538,5.0,1.7692307692307692,15,1.6666666666666667,1.3333333333333333,13.133333333333333,4.733333333333333,1.8,-0.35897435897435903,-0.5948717948717945
Ligue 1 (France),2019/20,Marseille,14,1.5,1.0,15.714285714285714,4.714285714285714,2.2142857142857144,14,1.4285714285714286,1.0714285714285714,10.714285714285714,3.7857142857142856,2.7142857142857144,0.0714285714285714,5.0
Ligue 1 (France),2019/20,Metz,14,1.2857142857142858,1.2142857142857142,11.285714285714286,3.7857142857142856,1.4285714285714286,14,0.6428571428571429,1.2857142857142858,10.857142857142858,3.357142857142857,1.9285714285714286,0.6428571428571429,0.4285714285714288
Ligue 1 (France),2019/20,Monaco,14,2.0714285714285716,1.5714285714285714,14.714285714285714,5.571428571428571,1.9285714285714286,14,1.0714285714285714,1.5714285714285714,12.357142857142858,4.428571428571429,2.4285714285714284,1.0000000000000002,2.357142857142856
Ligue 1 (France),2019/20,Montpellier,14,1.8571428571428572,0.7142857142857143,15.214285714285714,5.785714285714286,2.0,14,0.6428571428571429,1.7142857142857142,10.0,2.642857142857143,2.0714285714285716,1.2142857142857144,5.2142857142857135
Ligue 1 (France),2019/20,Nantes,14,0.7857142857142857,0.7857142857142857,12.428571428571429,4.571428571428571,1.5,14,1.2142857142857142,1.4285714285714286,11.357142857142858,3.5714285714285716,2.2857142857142856,-0.4285714285714285,1.0714285714285712
Ligue 1 (France),2019/20,Nice,15,1.8666666666666667,1.3333333333333333,13.333333333333334,5.0,1.7333333333333334,13,1.0,1.3846153846153846,10.692307692307692,4.384615384615385,2.5384615384615383,0.8666666666666667,2.6410256410256423
Ligue 1 (France),2019/20,Nimes,14,1.2142857142857142,1.0714285714285714,14.714285714285714,4.5,1.8571428571428572,14,0.8571428571428571,2.0714285714285716,10.571428571428571,3.2857142857142856,1.5,0.3571428571428571,4.142857142857142
Ligue 1 (France),2019/20,Paris SG,14,3.142857142857143,0.7857142857142857,16.071428571428573,7.214285714285714,1.7142857142857142,13,2.3846153846153846,1.0,17.0,7.230769230769231,2.230769230769231,0.7582417582417582,-0.928571428571427
Ligue 1 (France),2019/20,Reims,14,0.8571428571428571,0.5,13.071428571428571,3.2857142857142856,1.7857142857142858,14,1.0,1.0,10.642857142857142,3.357142857142857,2.2857142857142856,-0.1428571428571429,2.428571428571429
Ligue 1 (France),2019/20,Rennes,14,1.7857142857142858,1.0,14.428571428571429,5.214285714285714,1.7857142857142858,14,0.9285714285714286,0.7142857142857143,10.214285714285714,3.2142857142857144,1.8571428571428572,0.8571428571428572,4.214285714285715
Ligue 1 (France),2019/20,St Etienne,14,1.0714285714285714,1.2857142857142858,12.0,3.642857142857143,2.142857142857143,14,1.0,1.9285714285714286,9.785714285714286,3.5714285714285716,2.2142857142857144,0.0714285714285714,2.2142857142857135
Ligue 1 (France),2019/20,Strasbourg,13,1.6923076923076923,1.0769230769230769,14.076923076923077,4.384615384615385,2.076923076923077,14,0.7142857142857143,1.2857142857142858,10.214285714285714,3.7142857142857144,1.4285714285714286,0.978021978021978,3.862637362637363
Ligue 1 (France),2019/20,Toulouse,13,0.8461538461538461,1.8461538461538463,13.23076923076923,3.923076923076923,1.6923076923076923,15,0.7333333333333333,2.2666666666666666,9.666666666666666,3.2,1.8,0.11282051282051286,3.564102564102564
Ligue 1 (France),2020/21,Angers,19,1.0526315789473684,1.4210526315789473,10.473684210526315,3.526315789473684,1.7894736842105263,19,1.0526315789473684,1.631578947368421,10.631578947368421,4.0,1.631578947368421,0.0,-0.1578947368421062
Ligue 1 (France),2020/21,Bordeaux,19,1.0,1.105263157894737,11.894736842105264,3.4210526315789473,2.0,19,1.2105263157894737,1.8421052631578947,10.210526315789474,4.052631578947368,2.1052631578947367,-0.21052631578947367,1.6842105263157894
Ligue 1 (France),2020/21,Brest,19,1.6842105263157894,1.736842105263158,13.263157894736842,5.2105263157894735,1.894736842105263,19,0.9473684210526315,1.736842105263158,10.421052631578947,3.210526315789474,1.368421052631579,0.7368421052631579,2.8421052631578956
Ligue 1 (France),2020/21,Dijon,19,0.42105263157894735,1.631578947368421,9.368421052631579,2.3684210526315788,2.1052631578947367,19,0.8947368421052632,2.210526315789474,9.105263157894736,2.526315789473684,1.9473684210526316,-0.4736842105263158,0.2631578947368425
Ligue 1 (France),2020/21,Lens,19,1.4736842105263157,1.368421052631579,11.894736842105264,3.8421052631578947,2.3157894736842106,19,1.4210526315789473,1.4736842105263157,11.526315789473685,3.5789473684210527,2.6315789473684212,0.05263157894736836,0.36842105263157876
Ligue 1 (France),2020/21,Lille,19,1.4736842105263157,0.5789473684210527,14.631578947368421,4.947368421052632,1.4736842105263157,19,1.894736842105263,0.631578947368421,10.894736842105264,4.684210526315789,2.1052631578947367,-0.42105263157894735,3.7368421052631575
Ligue 1 (France),2020/21,Lorient,19,1.631578947368421,1.5263157894736843,11.31578947368421,4.052631578947368,2.1578947368421053,19,1.0,2.0526315789473686,11.157894736842104,3.3684210526315788,1.4736842105263157,0.631578947368421,0.1578947368421062
Ligue 1 (France),2020/21,Lyon,19,2.210526315789474,1.2105263157894737,17.42105263157895,6.631578947368421,1.6842105263157894,19,2.0526315789473686,1.0526315789473684,14.789473684210526,5.894736842105263,1.7894736842105263,0.1578947368421053,2.631578947368423
Ligue 1 (France),2020/21,Marseille,19,1.6842105263157894,1.2105263157894737,11.631578947368421,4.421052631578948,2.3684210526315788,19,1.1578947368421053,1.263157894736842,8.578947368421053,2.8947368421052633,2.736842105263158,0.5263157894736841,3.052631578947368
Ligue 1 (France),2020/21,Metz,19,1.0,1.368421052631579,13.105263157894736,4.052631578947368,1.7894736842105263,19,1.3157894736842106,1.1578947368421053,9.68421052631579,3.210526315789474,2.5789473684210527,-0.3157894736842106,3.421052631578947
Ligue 1 (France),2020/21,Monaco,19,2.263157894736842,1.105263157894737,13.526315789473685,5.157894736842105,1.894736842105263,19,1.736842105263158,1.105263157894737,12.210526315789474,4.105263157894737,2.210526315789474,0.5263157894736841,1.3157894736842106
Ligue 1 (France),2020/21,Montpellier,19,1.7894736842105263,1.8421052631578947,14.263157894736842,5.578947368421052,2.1578947368421053,19,1.368421052631579,1.4210526315789473,10.263157894736842,3.6842105263157894,1.263157894736842,0.42105263157894735,4.0
Ligue 1 (France),2020/21,Nantes,19,1.105263157894737,1.5263157894736843,11.157894736842104,3.473684210526316,2.0526315789473686,19,1.368421052631579,1.368421052631579,10.526315789473685,3.4210526315789473,1.631578947368421,-0.26315789473684204,0.6315789473684195
Ligue 1 (France),2020/21,Nice,19,1.3157894736842106,1.5789473684210527,11.421052631578947,3.789473684210526,1.5789473684210527,19,1.3157894736842106,1.2105263157894737,10.157894736842104,3.8421052631578947,2.263157894736842,0.0,1.2631578947368425
Ligue 1 (France),2020/21,Nimes,19,1.1578947368421053,2.0526315789473686,10.526315789473685,3.473684210526316,1.631578947368421,19,0.9473684210526315,1.6842105263157894,10.052631578947368,3.8947368421052633,1.5789473684210527,0.21052631578947378,0.4736842105263168
Ligue 1 (France),2020/21,Paris SG,19,2.3157894736842106,0.7368421052631579,16.842105263157894,6.526315789473684,2.263157894736842,19,2.210526315789474,0.7368421052631579,13.157894736842104,4.842105263157895,1.894736842105263,0.10526315789473673,3.6842105263157894
Ligue 1 (France),2020/21,Reims,19,0.8421052631578947,1.105263157894737,10.105263157894736,3.210526315789474,2.1578947368421053,19,1.368421052631579,1.5263157894736843,9.0,3.473684210526316,1.894736842105263,-0.5263157894736843,1.1052631578947363
Ligue 1 (France),2020/21,Rennes,19,1.368421052631579,1.105263157894737,14.736842105263158,4.947368421052632,2.263157894736842,19,1.368421052631579,1.0,12.210526315789474,3.736842105263158,1.9473684210526316,0.0,2.526315789473683
Ligue 1 (France),2020/21,St Etienne,19,1.0526315789473684,1.5263157894736843,12.263157894736842,4.473684210526316,2.0,19,1.1578947368421053,1.3157894736842106,11.052631578947368,3.526315789473684,2.0,-0.10526315789473695,1.2105263157894743
Ligue 1 (France),2020/21,Strasbourg,19,1.105263157894737,1.5263157894736843,13.263157894736842,4.0,1.4736842105263157,19,1.4736842105263157,1.5263157894736843,9.68421052631579,3.736842105263158,1.5789473684210527,-0.36842105263157876,3.578947368421053
Ligue 1 (France),2021/22,Angers,19,1.2105263157894737,1.2105263157894737,11.526315789473685,3.736842105263158,1.894736842105263,19,1.105263157894737,1.6842105263157894,9.105263157894736,3.3684210526315788,1.894736842105263,0.10526315789473673,2.4210526315789487
Ligue 1 (France),2021/22,Bordeaux,19,1.3157894736842106,1.736842105263158,12.736842105263158,4.368421052631579,2.5789473684210527,19,1.4210526315789473,3.0526315789473686,11.105263157894736,3.5789473684210527,2.263157894736842,-0.10526315789473673,1.6315789473684212
Ligue 1 (France),2021/22,Brest,19,1.4736842105263157,1.5263157894736843,10.736842105263158,4.157894736842105,1.631578947368421,19,1.105263157894737,1.4736842105263157,10.368421052631579,3.5789473684210527,1.4736842105263157,0.36842105263157876,0.36842105263157876
Ligue 1 (France),2021/22,Clermont,19,1.1578947368421053,1.736842105263158,12.31578947368421,4.052631578947368,1.736842105263158,19,0.8421052631578947,1.894736842105263,10.789473684210526,3.210526315789474,1.6842105263157894,0.3157894736842106,1.526315789473685
Ligue 1 (France),2021/22,Lens,19,1.8421052631578947,1.0526315789473684,15.631578947368421,6.052631578947368,1.631578947368421,19,1.4210526315789473,1.4736842105263157,11.68421052631579,4.105263157894737,2.210526315789474,0.42105263157894735,3.947368421052632
Ligue 1 (France),2021/22,Lille,19,1.263157894736842,1.1578947368421053,12.894736842105264,4.052631578947368,2.1052631578947367,19,1.263157894736842,1.368421052631579,11.68421052631579,4.157894736842105,3.0,0.0,1.2105263157894743
Ligue 1 (France),2021/22,Lorient,19,1.0526315789473684,1.1578947368421053,12.210526315789474,3.8947368421052633,1.736842105263158,19,0.7894736842105263,2.1578947368421053,11.157894736842104,4.0,1.894736842105263,0.26315789473684204,1.05263157894737
Ligue 1 (France),2021/22,Lyon,19,2.210526315789474,1.3157894736842106,15.210526315789474,6.157894736842105,1.368421052631579,19,1.263157894736842,1.368421052631579,13.842105263157896,4.578947368421052,2.0526315789473686,0.9473684210526319,1.3684210526315788
Ligue 1 (France),2021/22,Marseille,19,1.736842105263158,1.1578947368421053,15.263157894736842,4.7368421052631575,1.368421052631579,19,1.5789473684210527,0.8421052631578947,11.0,4.052631578947368,1.8421052631578947,0.1578947368421053,4.2631578947368425
Ligue 1 (France),2021/22,Metz,19,1.105263157894737,1.631578947368421,10.526315789473685,3.3157894736842106,2.3684210526315788,19,0.7368421052631579,2.0,8.894736842105264,2.736842105263158,2.5789473684210527,0.3684210526315791,1.6315789473684212
Ligue 1 (France),2021/22,Monaco,19,2.0,0.8421052631578947,13.631578947368421,5.105263157894737,2.0,19,1.4210526315789473,1.263157894736842,10.210526315789474,3.6315789473684212,2.473684210526316,0.5789473684210527,3.421052631578947
Ligue 1 (France),2021/22,Montpellier,19,1.4210526315789473,1.368421052631579,14.368421052631579,5.105263157894737,1.9473684210526316,19,1.1578947368421053,1.8421052631578947,8.473684210526315,3.3157894736842106,2.1052631578947367,0.26315789473684204,5.894736842105264
Ligue 1 (France),2021/22,Nantes,19,1.736842105263158,1.0526315789473684,13.0,5.052631578947368,2.0,19,1.1578947368421053,1.4736842105263157,9.421052631578947,3.210526315789474,2.210526315789474,0.5789473684210527,3.578947368421053
Ligue 1 (France),2021/22,Nice,19,1.4210526315789473,1.105263157894737,13.631578947368421,4.473684210526316,1.631578947368421,19,1.3157894736842106,0.7894736842105263,10.052631578947368,3.5789473684210527,2.3157894736842106,0.10526315789473673,3.578947368421053
Ligue 1 (France),2021/22,Paris SG,19,2.5789473684210527,0.631578947368421,15.789473684210526,5.894736842105263,1.894736842105263,19,2.1578947368421053,1.263157894736842,13.842105263157896,5.578947368421052,2.3684210526315788,0.42105263157894735,1.94736842105263
Ligue 1 (France),2021/22,Reims,19,1.3157894736842106,1.2105263157894737,11.052631578947368,3.8947368421052633,1.4736842105263157,19,0.9473684210526315,1.105263157894737,9.736842105263158,3.736842105263158,2.1052631578947367,0.3684210526315791,1.3157894736842106
Ligue 1 (France),2021/22,Rennes,19,2.6315789473684212,0.6842105263157895,16.157894736842106,5.842105263157895,1.3157894736842106,19,1.6842105263157894,1.4210526315789473,12.736842105263158,4.842105263157895,1.6842105263157894,0.9473684210526319,3.4210526315789487
Ligue 1 (France),2021/22,St Etienne,19,1.263157894736842,2.0,13.210526315789474,4.473684210526316,1.4210526315789473,19,0.9473684210526315,2.0526315789473686,9.894736842105264,3.526315789473684,2.8421052631578947,0.3157894736842105,3.3157894736842106
Ligue 1 (France),2021/22,Strasbourg,19,1.894736842105263,0.9473684210526315,13.473684210526315,4.368421052631579,2.0526315789473686,19,1.263157894736842,1.3157894736842106,11.789473684210526,4.052631578947368,1.736842105263158,0.631578947368421,1.6842105263157894
Ligue 1 (France),2021/22,Troyes,19,1.0,1.0,11.578947368421053,3.3684210526315788,1.894736842105263,19,0.9473684210526315,1.7894736842105263,9.0,3.5789473684210527,2.1052631578947367,0.052631578947368474,2.578947368421053
Ligue 1 (France),2022/23,Ajaccio,19,0.5263157894736842,1.5789473684210527,9.31578947368421,2.473684210526316,2.0,19,0.6842105263157895,2.3157894736842106,7.473684210526316,2.210526315789474,2.4210526315789473,-0.1578947368421053,1.8421052631578947
Ligue 1 (France),2022/23,Angers,19,1.0526315789473684,1.894736842105263,11.052631578947368,4.105263157894737,1.4210526315789473,19,0.6842105263157895,2.3684210526315788,8.526315789473685,2.736842105263158,2.1578947368421053,0.36842105263157887,2.526315789473683
Ligue 1 (France),2022/23,Auxerre,19,0.9473684210526315,1.4736842105263157,12.473684210526315,4.105263157894737,1.6842105263157894,19,0.8947368421052632,1.8421052631578947,10.0,2.5789473684210527,1.2105263157894737,0.05263157894736836,2.473684210526315
Ligue 1 (France),2022/23,Brest,19,1.263157894736842,1.368421052631579,11.894736842105264,4.0,1.5263157894736843,19,1.0526315789473684,1.4736842105263157,10.578947368421053,3.3684210526315788,1.736842105263158,0.21052631578947367,1.3157894736842106
Ligue 1 (France),2022/23,Clermont,19,1.0526315789473684,1.4736842105263157,10.789473684210526,4.0,1.631578947368421,19,1.3157894736842106,1.105263157894737,10.31578947368421,3.9473684210526314,2.1578947368421053,-0.26315789473684226,0.47368421052631504
Ligue 1 (France),2022/23,Lens,19,2.1578947368421053,0.6842105263157895,13.736842105263158,5.052631578947368,1.368421052631579,19,1.4210526315789473,0.8421052631578947,14.052631578947368,4.842105263157895,2.0,0.736842105263158,-0.3157894736842106
Ligue 1 (France),2022/23,Lille,19,2.1052631578947367,1.3157894736842106,15.105263157894736,6.2105263157894735,2.0,19,1.3157894736842106,1.0,14.210526315789474,5.2631578947368425,2.3157894736842106,0.7894736842105261,0.8947368421052619
Ligue 1 (France),2022/23,Lorient,19,1.368421052631579,1.105263157894737,11.0,4.526315789473684,1.4210526315789473,19,1.368421052631579,1.6842105263157894,10.210526315789474,3.736842105263158,1.105263157894737,0.0,0.7894736842105257
Ligue 1 (France),2022/23,Lyon,19,1.8421052631578947,1.0,15.578947368421053,5.894736842105263,0.9473684210526315,19,1.5789473684210527,1.4736842105263157,11.68421052631579,5.052631578947368,2.263157894736842,0.26315789473684204,3.8947368421052637
Ligue 1 (France),2022/23,Marseille,19,1.8421052631578947,1.263157894736842,15.842105263157896,4.947368421052632,1.5789473684210527,19,1.6842105263157894,0.8421052631578947,13.421052631578947,4.894736842105263,1.7894736842105263,0.1578947368421053,2.4210526315789487
Ligue 1 (France),2022/23,Monaco,19,1.9473684210526316,1.736842105263158,11.789473684210526,5.315789473684211,1.4210526315789473,19,1.736842105263158,1.3157894736842106,13.473684210526315,5.7368421052631575,1.894736842105263,0.21052631578947367,-1.6842105263157894
Ligue 1 (France),2022/23,Montpellier,19,1.5263157894736843,1.5263157894736843,12.263157894736842,4.947368421052632,1.4736842105263157,19,1.894736842105263,1.736842105263158,11.105263157894736,4.315789473684211,2.1052631578947367,-0.36842105263157876,1.1578947368421062
Ligue 1 (France),2022/23,Nantes,19,1.0526315789473684,1.368421052631579,13.052631578947368,4.578947368421052,1.5263157894736843,19,0.8947368421052632,1.5263157894736843,10.578947368421053,3.789473684210526,1.894736842105263,0.1578947368421052,2.473684210526315
Ligue 1 (France),2022/23,Nice,19,1.263157894736842,0.9473684210526315,14.68421052631579,5.0,1.105263157894737,19,1.263157894736842,1.0,12.368421052631579,5.315789473684211,1.6842105263157894,0.0,2.3157894736842106
Ligue 1 (France),2022/23,Paris SG,19,2.3684210526315788,1.3157894736842106,15.157894736842104,6.842105263157895,1.7894736842105263,19,2.3157894736842106,0.7894736842105263,14.736842105263158,6.526315789473684,1.2105263157894737,0.05263157894736814,0.4210526315789469
Ligue 1 (France),2022/23,Reims,19,1.4736842105263157,1.2105263157894737,16.0,5.578947368421052,1.736842105263158,19,0.8947368421052632,1.1578947368421053,11.526315789473685,3.789473684210526,2.0,0.5789473684210525,4.473684210526315
Ligue 1 (France),2022/23,Rennes,19,2.263157894736842,0.7368421052631579,14.842105263157896,5.7368421052631575,1.1578947368421053,19,1.368421052631579,1.3157894736842106,13.0,4.421052631578948,1.9473684210526316,0.894736842105263,1.8421052631578956
Ligue 1 (France),2022/23,Strasbourg,19,1.3157894736842106,1.368421052631579,12.421052631578947,4.105263157894737,1.6842105263157894,19,1.368421052631579,1.736842105263158,11.157894736842104,4.473684210526316,2.1578947368421053,-0.05263157894736836,1.2631578947368425
Ligue 1 (France),2022/23,Toulouse,19,1.4210526315789473,1.4210526315789473,12.894736842105264,5.105263157894737,1.7894736842105263,19,1.263157894736842,1.5789473684210527,11.31578947368421,4.526315789473684,1.5263157894736843,0.1578947368421053,1.578947368421053
Ligue 1 (France),2022/23,Troyes,19,1.0,1.5789473684210527,10.842105263157896,3.6315789473684212,1.4736842105263157,19,1.368421052631579,2.6842105263157894,9.894736842105264,3.736842105263158,1.4210526315789473,-0.368421052631579,0.9473684210526319
Ligue 1 (France),2023/24,Brest,17,1.4705882352941178,0.8235294117647058,15.764705882352942,5.176470588235294,2.3529411764705883,17,1.6470588235294117,1.1764705882352942,12.588235294117647,5.0,2.588235294117647,-0.17647058823529393,3.1764705882352953
Ligue 1 (France),2023/24,Clermont,17,0.8235294117647058,1.588235294117647,12.882352941176471,4.294117647058823,1.4705882352941178,17,0.7058823529411765,1.9411764705882353,10.0,3.2941176470588234,2.0588235294117645,0.11764705882352933,2.882352941176471
Ligue 1 (France),2023/24,Le Havre,17,1.0588235294117647,1.1176470588235294,13.411764705882353,4.647058823529412,1.7058823529411764,17,0.9411764705882353,1.5294117647058822,9.529411764705882,2.588235294117647,2.235294117647059,0.11764705882352944,3.882352941176471
Ligue 1 (France),2023/24,Lens,17,1.588235294117647,1.0588235294117647,16.58823529411765,6.0588235294117645,1.7058823529411764,17,1.0588235294117647,1.1176470588235294,12.529411764705882,4.294117647058823,2.9411764705882355,0.5294117647058822,4.058823529411766
Ligue 1 (France),2023/24,Lille,17,2.0,0.8235294117647058,14.0,6.0,1.7647058823529411,17,1.0588235294117647,1.1764705882352942,12.0,4.0,2.176470588235294,0.9411764705882353,2.0
Ligue 1 (France),2023/24,Lorient,17,1.5294117647058822,1.7647058823529411,11.823529411764707,4.294117647058823,1.7058823529411764,17,1.0,2.1176470588235294,9.882352941176471,3.823529411764706,2.176470588235294,0.5294117647058822,1.9411764705882355
Ligue 1 (France),2023/24,Lyon,17,1.4705882352941178,1.7058823529411764,14.117647058823529,5.411764705882353,1.8823529411764706,17,1.411764705882353,1.5294117647058822,11.941176470588236,4.764705882352941,1.4705882352941178,0.05882352941176472,2.1764705882352935
Ligue 1 (France),2023/24,Marseille,17,1.8235294117647058,0.7647058823529411,14.235294117647058,5.235294117647059,1.411764705882353,17,1.2352941176470589,1.6470588235294117,13.941176470588236,4.0,2.176470588235294,0.588235294117647,0.2941176470588225
Ligue 1 (France),2023/24,Metz,17,1.0,1.588235294117647,10.823529411764707,3.411764705882353,1.588235294117647,17,1.0588235294117647,1.8235294117647058,8.647058823529411,3.411764705882353,1.588235294117647,-0.05882352941176472,2.1764705882352953
Ligue 1 (France),2023/24,Monaco,17,1.7647058823529411,0.8235294117647058,16.294117647058822,6.294117647058823,2.0588235294117645,17,2.235294117647059,1.6470588235294117,14.117647058823529,6.117647058823529,2.588235294117647,-0.47058823529411775,2.1764705882352935
Ligue 1 (France),2023/24,Montpellier,17,1.1764705882352942,1.3529411764705883,15.882352941176471,5.235294117647059,1.7647058823529411,17,1.3529411764705883,1.4705882352941178,10.529411764705882,4.705882352941177,2.176470588235294,-0.17647058823529416,5.352941176470589
Ligue 1 (France),2023/24,Nantes,17,1.0,1.7647058823529411,12.0,4.411764705882353,1.7058823529411764,17,0.7647058823529411,1.4705882352941178,10.352941176470589,3.5294117647058822,2.176470588235294,0.23529411764705888,1.6470588235294112
Ligue 1 (France),2023/24,Nice,17,1.2352941176470589,0.6470588235294118,14.588235294117647,4.647058823529412,1.7058823529411764,17,1.1176470588235294,1.0588235294117647,12.411764705882353,4.764705882352941,1.9411764705882353,0.11764705882352944,2.1764705882352935
Ligue 1 (France),2023/24,Paris SG,17,2.4705882352941178,1.2941176470588236,15.705882352941176,5.647058823529412,1.3529411764705883,17,2.2941176470588234,0.6470588235294118,14.470588235294118,6.0588235294117645,1.6470588235294117,0.17647058823529438,1.235294117647058
Ligue 1 (France),2023/24,Reims,17,1.1176470588235294,1.0588235294117647,12.764705882352942,4.235294117647059,1.8235294117647058,17,1.3529411764705883,1.7058823529411764,11.823529411764707,3.823529411764706,2.235294117647059,-0.23529411764705888,0.9411764705882355
Ligue 1 (France),2023/24,Rennes,17,2.0,1.5294117647058822,15.647058823529411,5.470588235294118,1.9411764705882353,17,1.1176470588235294,1.1764705882352942,13.0,4.470588235294118,2.0,0.8823529411764706,2.6470588235294112
Ligue 1 (France),2023/24,Strasbourg,17,1.2941176470588236,1.3529411764705883,12.235294117647058,4.0588235294117645,2.1176470588235294,17,0.9411764705882353,1.588235294117647,9.294117647058824,3.176470588235294,1.3529411764705883,0.3529411764705883,2.9411764705882337
Ligue 1 (France),2023/24,Toulouse,17,1.2352941176470589,1.4705882352941178,13.117647058823529,4.588235294117647,1.9411764705882353,17,1.2352941176470589,1.2352941176470589,10.588235294117647,3.5294117647058822,2.5294117647058822,0.0,2.5294117647058822
Ligue 1 (France),2024/25,Angers,17,1.0588235294117647,1.9411764705882353,8.764705882352942,3.0,1.411764705882353,17,0.8235294117647058,1.1764705882352942,9.294117647058824,2.6470588235294117,1.4705882352941178,0.23529411764705888,-0.5294117647058822
Ligue 1 (France),2024/25,Auxerre,17,1.411764705882353,1.0,11.764705882352942,4.411764705882353,1.8823529411764706,17,1.411764705882353,2.0,10.411764705882353,4.529411764705882,2.0588235294117645,0.0,1.3529411764705888
Ligue 1 (France),2024/25,Brest,17,1.8235294117647058,1.2352941176470589,12.823529411764707,5.176470588235294,1.6470588235294117,17,1.2352941176470589,2.235294117647059,11.352941176470589,4.176470588235294,2.235294117647059,0.588235294117647,1.4705882352941178
Ligue 1 (France),2024/25,Le Havre,17,0.8823529411764706,2.411764705882353,10.647058823529411,3.3529411764705883,1.6470588235294117,17,1.4705882352941178,1.7647058823529411,9.941176470588236,3.2941176470588234,1.6470588235294117,-0.5882352941176472,0.7058823529411757
Ligue 1 (France),2024/25,Lens,17,1.1176470588235294,1.2941176470588236,16.470588235294116,5.352941176470588,2.2941176470588234,17,1.3529411764705883,1.0,12.470588235294118,4.176470588235294,2.764705882352941,-0.23529411764705888,3.9999999999999982
Ligue 1 (France),2024/25,Lille,17,1.8235294117647058,1.0588235294117647,13.0,5.235294117647059,1.8235294117647058,17,1.2352941176470589,1.0588235294117647,12.588235294117647,4.529411764705882,2.588235294117647,0.588235294117647,0.41176470588235325
Ligue 1 (France),2024/25,Lyon,17,2.176470588235294,1.2352941176470589,14.411764705882353,6.117647058823529,1.4705882352941178,17,1.6470588235294117,1.4705882352941178,11.647058823529411,4.882352941176471,1.8235294117647058,0.5294117647058822,2.764705882352942
Ligue 1 (France),2024/25,Marseille,17,2.411764705882353,1.3529411764705883,14.882352941176471,6.411764705882353,2.1176470588235294,17,1.9411764705882353,1.411764705882353,13.117647058823529,5.647058823529412,1.6470588235294117,0.47058823529411753,1.764705882352942
Ligue 1 (France),2024/25,Monaco,17,2.235294117647059,0.9411764705882353,15.411764705882353,6.0,1.7647058823529411,17,1.4705882352941178,1.4705882352941178,13.470588235294118,5.117647058823529,1.588235294117647,0.7647058823529411,1.9411764705882355
Ligue 1 (France),2024/25,Montpellier,17,1.0,2.411764705882353,12.235294117647058,4.470588235294118,2.5294117647058822,17,0.35294117647058826,2.235294117647059,9.588235294117647,2.4705882352941178,2.588235294117647,0.6470588235294117,2.6470588235294112
Ligue 1 (France),2024/25,Nantes,17,1.1176470588235294,1.0588235294117647,12.176470588235293,4.0588235294117645,2.0,17,1.1764705882352942,2.0,8.176470588235293,3.4705882352941178,2.0588235294117645,-0.05882352941176472,4.0
Ligue 1 (France),2024/25,Nice,17,2.235294117647059,0.8823529411764706,15.588235294117647,6.235294117647059,1.5294117647058822,17,1.6470588235294117,1.5294117647058822,13.176470588235293,5.235294117647059,1.9411764705882353,0.5882352941176472,2.4117647058823533
Ligue 1 (France),2024/25,Paris SG,17,2.6470588235294117,0.9411764705882353,20.41176470588235,8.588235294117647,1.1176470588235294,17,2.764705882352941,1.1176470588235294,16.470588235294116,8.0,1.0588235294117647,-0.11764705882352944,3.9411764705882355
Ligue 1 (France),2024/25,Reims,17,1.0,1.4705882352941178,12.117647058823529,3.411764705882353,1.8823529411764706,17,0.9411764705882353,1.2941176470588236,11.176470588235293,3.235294117647059,1.8235294117647058,0.05882352941176472,0.9411764705882355
Ligue 1 (France),2024/25,Rennes,17,1.4705882352941178,1.0,14.117647058823529,4.647058823529412,1.8235294117647058,17,1.5294117647058822,1.9411764705882353,11.235294117647058,5.0,2.1176470588235294,-0.0588235294117645,2.882352941176471
Ligue 1 (France),2024/25,St Etienne,17,1.411764705882353,1.9411764705882353,12.705882352941176,3.823529411764706,2.0,17,0.8823529411764706,2.588235294117647,8.588235294117647,3.2941176470588234,1.8235294117647058,0.5294117647058825,4.117647058823529
Ligue 1 (France),2024/25,Strasbourg,17,1.9411764705882353,1.1764705882352942,10.411764705882353,4.411764705882353,2.0,17,1.3529411764705883,1.411764705882353,10.352941176470589,4.0588235294117645,2.1176470588235294,0.588235294117647,0.0588235294117645
Ligue 1 (France),2024/25,Toulouse,17,1.1764705882352942,1.2941176470588236,12.117647058823529,4.647058823529412,1.4705882352941178,17,1.411764705882353,1.2352941176470589,11.352941176470589,4.529411764705882,1.7058823529411764,-0.23529411764705888,0.7647058823529402
Ligue 1 (France),2025/26,Angers,17,1.0588235294117647,1.1764705882352942,10.352941176470589,3.823529411764706,1.6470588235294117,17,0.6470588235294118,1.6470588235294117,8.411764705882353,2.764705882352941,1.3529411764705883,0.4117647058823529,1.9411764705882355
Ligue 1 (France),2025/26,Auxerre,17,1.0588235294117647,1.0,11.470588235294118,3.764705882352941,1.7058823529411764,17,0.9411764705882353,1.588235294117647,9.941176470588236,3.235294117647059,2.3529411764705883,0.11764705882352944,1.5294117647058822
Ligue 1 (France),2025/26,Brest,17,1.6470588235294117,1.3529411764705883,13.823529411764707,4.529411764705882,1.6470588235294117,17,0.8823529411764706,1.8823529411764706,8.588235294117647,2.5294117647058822,1.7647058823529411,0.7647058823529411,5.23529411764706
Ligue 1 (France),2025/26,Le Havre,17,1.1764705882352942,1.0588235294117647,12.0,3.8823529411764706,1.7647058823529411,17,0.7058823529411765,1.5294117647058822,9.941176470588236,3.411764705882353,2.0,0.47058823529411764,2.0588235294117645
Ligue 1 (France),2025/26,Lens,17,2.0588235294117645,0.7647058823529411,18.294117647058822,6.411764705882353,1.4705882352941178,17,1.8235294117647058,1.2941176470588236,14.647058823529411,4.705882352941177,2.411764705882353,0.23529411764705865,3.6470588235294112
Ligue 1 (France),2025/26,Lille,17,1.411764705882353,1.0,14.764705882352942,4.764705882352941,2.0588235294117645,17,1.6470588235294117,1.1764705882352942,12.529411764705882,4.470588235294118,2.5294117647058822,-0.23529411764705865,2.2352941176470598
Ligue 1 (France),2025/26,Lorient,17,1.8235294117647058,1.4705882352941178,11.941176470588236,4.411764705882353,1.7058823529411764,17,1.0,1.5294117647058822,10.764705882352942,3.4705882352941178,1.5294117647058822,0.8235294117647058,1.1764705882352935
Ligue 1 (France),2025/26,Lyon,17,1.7647058823529411,1.0588235294117647,13.529411764705882,4.705882352941177,1.6470588235294117,17,1.3529411764705883,1.2941176470588236,11.0,4.588235294117647,1.9411764705882353,0.4117647058823528,2.5294117647058822
Ligue 1 (France),2025/26,Marseille,17,2.411764705882353,1.1764705882352942,15.882352941176471,6.352941176470588,2.176470588235294,17,1.2941176470588236,1.4705882352941178,14.352941176470589,5.117647058823529,2.4705882352941178,1.1176470588235292,1.5294117647058822
Ligue 1 (France),2025/26,Metz,17,0.8823529411764706,1.8823529411764706,11.764705882352942,3.823529411764706,1.3529411764705883,17,1.0,2.588235294117647,8.352941176470589,2.5294117647058822,1.8823529411764706,-0.11764705882352944,3.4117647058823533
Ligue 1 (France),2025/26,Monaco,17,1.9411764705882353,1.3529411764705883,12.117647058823529,4.529411764705882,1.7647058823529411,17,1.588235294117647,1.8235294117647058,12.941176470588236,4.352941176470588,2.4705882352941178,0.3529411764705883,-0.8235294117647065
Ligue 1 (France),2025/26,Nantes,17,1.0588235294117647,1.588235294117647,11.588235294117647,3.3529411764705883,1.8235294117647058,17,0.6470588235294118,1.4705882352941178,10.588235294117647,3.1176470588235294,2.0588235294117645,0.4117647058823529,1.0
Ligue 1 (France),2025/26,Nice,17,1.1176470588235294,1.588235294117647,13.0,4.294117647058823,1.8235294117647058,17,1.0588235294117647,1.9411764705882353,9.470588235294118,3.5294117647058822,2.176470588235294,0.05882352941176472,3.5294117647058822
Ligue 1 (France),2025/26,Paris FC,17,1.6470588235294117,1.588235294117647,13.411764705882353,4.529411764705882,2.411764705882353,17,1.1176470588235294,1.3529411764705883,9.941176470588236,3.411764705882353,1.7647058823529411,0.5294117647058822,3.4705882352941178
Ligue 1 (France),2025/26,Paris SG,17,2.411764705882353,0.7058823529411765,20.176470588235293,7.0,1.2352941176470589,17,1.9411764705882353,1.0,15.235294117647058,6.352941176470588,0.8823529411764706,0.47058823529411753,4.9411764705882355
Ligue 1 (France),2025/26,Rennes,17,1.7647058823529411,1.0,15.882352941176471,5.470588235294118,1.5294117647058822,17,1.7058823529411764,1.9411764705882353,12.529411764705882,4.470588235294118,1.8823529411764706,0.05882352941176472,3.3529411764705888
Ligue 1 (France),2025/26,Strasbourg,17,1.7647058823529411,1.1176470588235294,12.058823529411764,5.0588235294117645,1.3529411764705883,17,1.6470588235294117,1.6470588235294117,10.882352941176471,4.235294117647059,2.176470588235294,0.11764705882352944,1.1764705882352935
Ligue 1 (France),2025/26,Toulouse,17,1.4705882352941178,1.411764705882353,14.705882352941176,4.823529411764706,1.8823529411764706,17,1.2941176470588236,1.2941176470588236,10.352941176470589,3.6470588235294117,2.6470588235294117,0.17647058823529416,4.352941176470587
Premier League (England),2005/06,Arsenal,19,2.526315789473684,0.6842105263157895,13.31578947368421,8.789473684210526,1.263157894736842,19,1.0526315789473684,0.9473684210526315,11.0,5.631578947368421,1.631578947368421,1.4736842105263157,2.3157894736842106
Premier League (England),2005/06,Aston Villa,19,1.0526315789473684,1.0526315789473684,11.157894736842104,5.684210526315789,1.5789473684210527,19,1.1578947368421053,1.8421052631578947,8.736842105263158,4.684210526315789,1.6842105263157894,-0.10526315789473695,2.421052631578947
Premier League (England),2005/06,Birmingham,19,1.0,1.0526315789473684,10.578947368421053,4.7894736842105265,1.263157894736842,19,0.47368421052631576,1.5789473684210527,8.052631578947368,4.052631578947368,1.5263157894736843,0.5263157894736843,2.526315789473685
Premier League (England),2005/06,Blackburn,19,1.631578947368421,0.8947368421052632,11.263157894736842,5.157894736842105,1.631578947368421,19,1.0526315789473684,1.3157894736842106,8.947368421052632,4.473684210526316,2.3684210526315788,0.5789473684210527,2.3157894736842106
Premier League (England),2005/06,Bolton,19,1.5263157894736843,0.6842105263157895,13.0,6.947368421052632,1.0526315789473684,19,1.0526315789473684,1.4736842105263157,8.157894736842104,3.473684210526316,2.3157894736842106,0.47368421052631593,4.842105263157896
Premier League (England),2005/06,Charlton,19,1.1578947368421053,1.105263157894737,11.368421052631579,5.2631578947368425,1.2105263157894737,19,1.0,1.7894736842105263,8.157894736842104,4.368421052631579,1.2105263157894737,0.1578947368421053,3.2105263157894743
Premier League (England),2005/06,Chelsea,19,2.473684210526316,0.47368421052631576,13.736842105263158,7.526315789473684,1.1578947368421053,19,1.3157894736842106,0.6842105263157895,13.31578947368421,7.052631578947368,2.1578947368421053,1.1578947368421053,0.4210526315789469
Premier League (England),2005/06,Everton,19,1.1578947368421053,1.1578947368421053,11.947368421052632,6.684210526315789,1.7894736842105263,19,0.631578947368421,1.4210526315789473,7.947368421052632,4.157894736842105,1.631578947368421,0.5263157894736843,4.0
Premier League (England),2005/06,Fulham,19,1.631578947368421,1.105263157894737,9.473684210526315,5.2631578947368425,1.368421052631579,19,0.8947368421052632,1.9473684210526316,9.368421052631579,4.105263157894737,1.9473684210526316,0.7368421052631579,0.10526315789473628
Premier League (England),2005/06,Liverpool,19,1.6842105263157894,0.42105263157894735,18.105263157894736,9.31578947368421,0.8421052631578947,19,1.3157894736842106,0.8947368421052632,11.526315789473685,5.578947368421052,1.7894736842105263,0.36842105263157876,6.578947368421051
Premier League (England),2005/06,Man City,19,1.368421052631579,1.0526315789473684,13.105263157894736,6.526315789473684,1.3157894736842106,19,0.8947368421052632,1.4736842105263157,9.526315789473685,4.631578947368421,2.3684210526315788,0.4736842105263158,3.5789473684210513
Premier League (England),2005/06,Man United,19,1.9473684210526316,0.42105263157894735,17.05263157894737,9.0,1.368421052631579,19,1.8421052631578947,1.368421052631579,12.157894736842104,6.052631578947368,1.7894736842105263,0.10526315789473695,4.8947368421052655
Premier League (England),2005/06,Middlesbrough,19,1.4736842105263157,1.5789473684210527,11.105263157894736,6.315789473684211,1.5263157894736843,19,1.0526315789473684,1.4736842105263157,9.736842105263158,5.2105263157894735,1.3157894736842106,0.42105263157894735,1.3684210526315788
Premier League (England),2005/06,Newcastle,19,1.4736842105263157,0.7894736842105263,11.736842105263158,6.684210526315789,1.4736842105263157,19,1.0,1.4210526315789473,7.7368421052631575,4.2631578947368425,2.0,0.4736842105263157,4.0
Premier League (England),2005/06,Portsmouth,19,0.8947368421052632,1.263157894736842,13.0,7.105263157894737,1.368421052631579,19,1.0526315789473684,2.0,8.631578947368421,4.578947368421052,1.4736842105263157,-0.1578947368421052,4.368421052631579
Premier League (England),2005/06,Sunderland,19,0.631578947368421,1.9473684210526316,10.105263157894736,5.842105263157895,1.4736842105263157,19,0.7368421052631579,1.6842105263157894,7.631578947368421,3.789473684210526,2.1578947368421053,-0.10526315789473684,2.473684210526315
Premier League (England),2005/06,Tottenham,19,1.631578947368421,0.8421052631578947,12.947368421052632,7.157894736842105,1.2105263157894737,19,1.1578947368421053,1.1578947368421053,8.68421052631579,5.157894736842105,1.5263157894736843,0.4736842105263157,4.2631578947368425
Premier League (England),2005/06,West Brom,19,1.105263157894737,1.263157894736842,9.842105263157896,4.842105263157895,0.8421052631578947,19,0.5263157894736842,1.7894736842105263,7.631578947368421,3.736842105263158,1.631578947368421,0.5789473684210528,2.2105263157894743
Premier League (England),2005/06,West Ham,19,1.5789473684210527,1.3157894736842106,10.631578947368421,5.473684210526316,1.105263157894737,19,1.1578947368421053,1.5789473684210527,8.0,3.6315789473684212,1.5263157894736843,0.42105263157894735,2.6315789473684212
Premier League (England),2005/06,Wigan,19,1.263157894736842,1.368421052631579,13.31578947368421,6.421052631578948,1.4210526315789473,19,1.105263157894737,1.368421052631579,9.473684210526315,4.473684210526316,1.4210526315789473,0.1578947368421051,3.8421052631578956
Premier League (England),2006/07,Arsenal,19,2.263157894736842,0.8421052631578947,15.736842105263158,9.0,1.4210526315789473,19,1.0526315789473684,1.0,12.526315789473685,5.526315789473684,1.6842105263157894,1.2105263157894737,3.2105263157894726
Premier League (England),2006/07,Aston Villa,19,1.0526315789473684,0.7368421052631579,11.68421052631579,5.7368421052631575,1.1578947368421053,19,1.2105263157894737,1.4210526315789473,9.578947368421053,5.368421052631579,1.368421052631579,-0.1578947368421053,2.1052631578947363
Premier League (England),2006/07,Blackburn,19,1.631578947368421,1.3157894736842106,12.31578947368421,6.2105263157894735,2.1578947368421053,19,1.105263157894737,1.5263157894736843,9.68421052631579,4.7368421052631575,2.1052631578947367,0.5263157894736841,2.6315789473684212
Premier League (England),2006/07,Bolton,19,1.368421052631579,1.0526315789473684,10.894736842105264,6.052631578947368,1.5263157894736843,19,1.105263157894737,1.6842105263157894,7.526315789473684,3.6315789473684212,2.789473684210526,0.26315789473684204,3.3684210526315796
Premier League (England),2006/07,Charlton,19,1.0,1.0526315789473684,11.368421052631579,5.631578947368421,1.5263157894736843,19,0.7894736842105263,2.1052631578947367,7.105263157894737,3.210526315789474,1.5263157894736843,0.21052631578947367,4.263157894736842
Premier League (England),2006/07,Chelsea,19,1.9473684210526316,0.5789473684210527,15.0,7.7368421052631575,1.3157894736842106,19,1.4210526315789473,0.6842105263157895,12.473684210526315,6.526315789473684,2.0526315789473686,0.5263157894736843,2.526315789473685
Premier League (England),2006/07,Everton,19,1.736842105263158,0.8947368421052632,11.263157894736842,5.7894736842105265,1.7894736842105263,19,1.0,1.0,9.421052631578947,4.684210526315789,1.736842105263158,0.736842105263158,1.8421052631578956
Premier League (England),2006/07,Fulham,19,0.9473684210526315,0.9473684210526315,10.894736842105264,5.315789473684211,1.3157894736842106,19,1.0526315789473684,2.210526315789474,8.421052631578947,4.105263157894737,1.736842105263158,-0.10526315789473684,2.473684210526317
Premier League (England),2006/07,Liverpool,19,2.0526315789473686,0.3684210526315789,18.210526315789473,8.473684210526315,0.6842105263157895,19,0.9473684210526315,1.0526315789473684,12.947368421052632,6.578947368421052,1.5789473684210527,1.1052631578947372,5.263157894736841
Premier League (England),2006/07,Man City,19,0.5263157894736842,0.8421052631578947,11.052631578947368,5.473684210526316,1.2105263157894737,19,1.0,1.4736842105263157,9.68421052631579,5.2105263157894735,1.9473684210526316,-0.4736842105263158,1.3684210526315788
Premier League (England),2006/07,Man United,19,2.4210526315789473,0.631578947368421,18.68421052631579,10.210526315789474,1.2105263157894737,19,1.9473684210526316,0.7894736842105263,14.31578947368421,7.7894736842105265,1.9473684210526316,0.4736842105263157,4.3684210526315805
Premier League (England),2006/07,Middlesbrough,19,1.631578947368421,1.263157894736842,12.789473684210526,6.421052631578948,1.263157894736842,19,0.6842105263157895,1.3157894736842106,7.421052631578948,3.6842105263157894,2.1578947368421053,0.9473684210526315,5.368421052631578
Premier League (England),2006/07,Newcastle,19,1.2105263157894737,1.0526315789473684,12.210526315789474,6.631578947368421,1.263157894736842,19,0.7894736842105263,1.4210526315789473,9.105263157894736,4.473684210526316,2.263157894736842,0.42105263157894735,3.105263157894738
Premier League (England),2006/07,Portsmouth,19,1.4736842105263157,0.7894736842105263,14.736842105263158,7.7368421052631575,1.2105263157894737,19,0.8947368421052632,1.4210526315789473,9.105263157894736,4.578947368421052,1.368421052631579,0.5789473684210525,5.631578947368421
Premier League (England),2006/07,Reading,19,1.5263157894736843,1.0526315789473684,10.842105263157896,5.578947368421052,0.9473684210526315,19,1.2105263157894737,1.4210526315789473,7.7368421052631575,3.3684210526315788,1.1578947368421053,0.3157894736842106,3.105263157894738
Premier League (England),2006/07,Sheffield United,19,1.263157894736842,1.105263157894737,11.894736842105264,6.421052631578948,1.631578947368421,19,0.42105263157894735,1.7894736842105263,9.263157894736842,4.2105263157894735,1.9473684210526316,0.8421052631578947,2.6315789473684212
Premier League (England),2006/07,Tottenham,19,1.7894736842105263,1.1578947368421053,13.736842105263158,7.526315789473684,1.105263157894737,19,1.2105263157894737,1.6842105263157894,9.526315789473685,4.947368421052632,1.3157894736842106,0.5789473684210527,4.210526315789473
Premier League (England),2006/07,Watford,19,1.0,1.3157894736842106,10.157894736842104,4.947368421052632,1.2105263157894737,19,0.5263157894736842,1.7894736842105263,7.947368421052632,4.105263157894737,1.3157894736842106,0.4736842105263158,2.2105263157894726
Premier League (England),2006/07,West Ham,19,1.263157894736842,1.368421052631579,12.210526315789474,6.2631578947368425,2.4210526315789473,19,0.5789473684210527,1.736842105263158,8.68421052631579,4.315789473684211,2.1052631578947367,0.6842105263157894,3.526315789473685
Premier League (England),2006/07,Wigan,19,0.9473684210526315,1.5789473684210527,12.526315789473685,5.7894736842105265,1.5263157894736843,19,1.0,1.5263157894736843,9.473684210526315,5.0,2.473684210526316,-0.052631578947368474,3.05263157894737
Premier League (England),2007/08,Arsenal,19,1.9473684210526316,0.5789473684210527,14.578947368421053,7.894736842105263,0.8947368421052632,19,1.9473684210526316,1.0526315789473684,13.31578947368421,7.315789473684211,2.0526315789473686,0.0,1.2631578947368425
Premier League (England),2007/08,Aston Villa,19,1.7894736842105263,1.1578947368421053,11.31578947368421,5.315789473684211,1.368421052631579,19,1.9473684210526316,1.5263157894736843,10.473684210526315,6.315789473684211,1.5789473684210527,-0.1578947368421053,0.8421052631578956
Premier League (England),2007/08,Birmingham,19,1.5789473684210527,1.2105263157894737,11.210526315789474,6.105263157894737,1.5263157894736843,19,0.8421052631578947,2.0526315789473686,7.157894736842105,3.8421052631578947,2.1052631578947367,0.736842105263158,4.052631578947369
Premier League (England),2007/08,Blackburn,19,1.368421052631579,1.0,13.105263157894736,6.2105263157894735,1.736842105263158,19,1.263157894736842,1.5263157894736843,10.473684210526315,6.2631578947368425,2.1578947368421053,0.10526315789473695,2.6315789473684212
Premier League (England),2007/08,Bolton,19,1.2105263157894737,0.9473684210526315,11.578947368421053,6.421052631578948,1.6842105263157894,19,0.6842105263157895,1.894736842105263,8.947368421052632,5.105263157894737,2.3157894736842106,0.5263157894736842,2.6315789473684212
Premier League (England),2007/08,Chelsea,19,1.894736842105263,0.6842105263157895,14.526315789473685,7.842105263157895,1.631578947368421,19,1.5263157894736843,0.6842105263157895,11.631578947368421,6.368421052631579,1.7894736842105263,0.36842105263157876,2.8947368421052637
Premier League (England),2007/08,Derby,19,0.631578947368421,2.263157894736842,10.157894736842104,5.526315789473684,1.4210526315789473,19,0.42105263157894735,2.4210526315789473,7.473684210526316,4.052631578947368,1.8421052631578947,0.21052631578947367,2.6842105263157885
Premier League (England),2007/08,Everton,19,1.7894736842105263,0.8947368421052632,13.0,7.157894736842105,0.5789473684210527,19,1.105263157894737,0.8421052631578947,9.105263157894736,5.157894736842105,1.5263157894736843,0.6842105263157894,3.8947368421052637
Premier League (England),2007/08,Fulham,19,1.1578947368421053,1.631578947368421,10.578947368421053,5.947368421052632,1.263157894736842,19,0.8421052631578947,1.5263157894736843,9.631578947368421,4.894736842105263,1.894736842105263,0.3157894736842106,0.9473684210526319
Premier League (England),2007/08,Liverpool,19,2.263157894736842,0.6842105263157895,17.473684210526315,9.210526315789474,1.0526315789473684,19,1.263157894736842,0.7894736842105263,14.473684210526315,7.631578947368421,1.368421052631579,1.0,3.0
Premier League (England),2007/08,Man City,19,1.4736842105263157,1.0526315789473684,11.473684210526315,6.7894736842105265,1.0,19,0.8947368421052632,1.736842105263158,8.210526315789474,3.9473684210526314,1.6842105263157894,0.5789473684210525,3.2631578947368407
Premier League (England),2007/08,Man United,19,2.473684210526316,0.3684210526315789,18.57894736842105,11.0,1.0526315789473684,19,1.736842105263158,0.7894736842105263,14.052631578947368,7.578947368421052,1.631578947368421,0.736842105263158,4.526315789473683
Premier League (England),2007/08,Middlesbrough,19,1.4210526315789473,1.2105263157894737,10.736842105263158,5.894736842105263,1.8421052631578947,19,0.8421052631578947,1.5789473684210527,10.947368421052632,6.2631578947368425,2.5789473684210527,0.5789473684210527,-0.21052631578947434
Premier League (England),2007/08,Newcastle,19,1.3157894736842106,1.368421052631579,13.473684210526315,7.052631578947368,1.4210526315789473,19,1.0526315789473684,2.0526315789473686,8.368421052631579,4.578947368421052,1.7894736842105263,0.26315789473684226,5.105263157894736
Premier League (England),2007/08,Portsmouth,19,1.263157894736842,0.7368421052631579,14.473684210526315,7.421052631578948,1.4210526315789473,19,1.263157894736842,1.368421052631579,11.894736842105264,6.631578947368421,1.631578947368421,0.0,2.5789473684210513
Premier League (England),2007/08,Reading,19,1.0,1.3157894736842106,10.68421052631579,5.578947368421052,1.368421052631579,19,1.1578947368421053,2.1578947368421053,8.736842105263158,4.473684210526316,1.8421052631578947,-0.1578947368421053,1.9473684210526319
Premier League (England),2007/08,Sunderland,19,1.2105263157894737,1.105263157894737,11.68421052631579,6.2105263157894735,1.5263157894736843,19,0.6842105263157895,2.0,9.421052631578947,4.7894736842105265,2.0,0.5263157894736842,2.2631578947368425
Premier League (England),2007/08,Tottenham,19,2.4210526315789473,1.7894736842105263,15.210526315789474,9.157894736842104,1.2105263157894737,19,1.0526315789473684,1.4210526315789473,10.736842105263158,6.0,1.5263157894736843,1.368421052631579,4.473684210526317
Premier League (England),2007/08,West Ham,19,1.263157894736842,1.263157894736842,12.31578947368421,6.7368421052631575,1.3157894736842106,19,0.9473684210526315,1.368421052631579,10.105263157894736,5.0,2.1578947368421053,0.3157894736842105,2.2105263157894743
Premier League (England),2007/08,Wigan,19,1.105263157894737,0.8947368421052632,10.789473684210526,5.2105263157894735,1.5789473684210527,19,0.6842105263157895,1.7894736842105263,10.157894736842104,4.894736842105263,1.631578947368421,0.42105263157894746,0.6315789473684212
Premier League (England),2008/09,Arsenal,19,1.631578947368421,0.8421052631578947,16.0,9.263157894736842,1.3157894736842106,19,1.9473684210526316,1.105263157894737,13.157894736842104,7.368421052631579,1.8421052631578947,-0.3157894736842106,2.8421052631578956
Premier League (England),2008/09,Aston Villa,19,1.4210526315789473,1.105263157894737,12.842105263157896,6.947368421052632,0.8421052631578947,19,1.4210526315789473,1.4210526315789473,8.631578947368421,4.894736842105263,1.9473684210526316,0.0,4.210526315789474
Premier League (England),2008/09,Blackburn,19,1.1578947368421053,1.2105263157894737,11.105263157894736,5.894736842105263,1.5789473684210527,19,0.9473684210526315,1.9473684210526316,10.157894736842104,5.631578947368421,2.4210526315789473,0.21052631578947378,0.9473684210526319
Premier League (England),2008/09,Bolton,19,1.105263157894737,1.105263157894737,14.0,7.947368421052632,1.1578947368421053,19,1.0526315789473684,1.6842105263157894,9.210526315789474,4.894736842105263,2.0526315789473686,0.052631578947368585,4.789473684210526
Premier League (England),2008/09,Chelsea,19,1.736842105263158,0.631578947368421,19.31578947368421,10.263157894736842,0.9473684210526315,19,1.8421052631578947,0.631578947368421,15.210526315789474,8.631578947368421,1.6842105263157894,-0.10526315789473673,4.1052631578947345
Premier League (England),2008/09,Everton,19,1.631578947368421,1.0526315789473684,12.210526315789474,6.631578947368421,1.2105263157894737,19,1.263157894736842,0.8947368421052632,10.052631578947368,5.578947368421052,1.368421052631579,0.368421052631579,2.157894736842106
Premier League (England),2008/09,Fulham,19,1.4736842105263157,0.8421052631578947,12.157894736842104,7.157894736842105,1.263157894736842,19,0.5789473684210527,0.9473684210526315,10.526315789473685,5.157894736842105,0.8947368421052632,0.894736842105263,1.6315789473684195
Premier League (England),2008/09,Hull,19,0.9473684210526315,1.894736842105263,11.052631578947368,5.526315789473684,1.5263157894736843,19,1.105263157894737,1.4736842105263157,10.842105263157896,5.684210526315789,2.263157894736842,-0.15789473684210542,0.21052631578947256
Premier League (England),2008/09,Liverpool,19,2.1578947368421053,0.6842105263157895,18.94736842105263,9.526315789473685,1.0526315789473684,19,1.894736842105263,0.7368421052631579,13.105263157894736,6.842105263157895,1.5789473684210527,0.26315789473684226,5.842105263157894
Premier League (England),2008/09,Man City,19,2.1052631578947367,0.9473684210526315,13.894736842105264,8.052631578947368,0.7368421052631579,19,0.9473684210526315,1.6842105263157894,11.842105263157896,6.0,1.9473684210526316,1.1578947368421053,2.052631578947368
Premier League (England),2008/09,Man United,19,2.263157894736842,0.6842105263157895,18.473684210526315,11.421052631578947,1.263157894736842,19,1.3157894736842106,0.5789473684210527,14.210526315789474,8.368421052631579,2.1052631578947367,0.9473684210526314,4.263157894736841
Premier League (England),2008/09,Middlesbrough,19,0.8947368421052632,1.0526315789473684,11.789473684210526,6.684210526315789,1.631578947368421,19,0.5789473684210527,1.9473684210526316,10.631578947368421,4.842105263157895,1.2105263157894737,0.3157894736842105,1.1578947368421044
Premier League (England),2008/09,Newcastle,19,1.263157894736842,1.5263157894736843,10.894736842105264,6.157894736842105,1.105263157894737,19,0.8421052631578947,1.5789473684210527,8.631578947368421,4.421052631578948,2.0526315789473686,0.42105263157894735,2.2631578947368425
Premier League (England),2008/09,Portsmouth,19,1.368421052631579,1.5263157894736843,14.894736842105264,8.105263157894736,1.5789473684210527,19,0.631578947368421,1.4736842105263157,8.368421052631579,4.052631578947368,1.6842105263157894,0.736842105263158,6.526315789473685
Premier League (England),2008/09,Stoke,19,1.1578947368421053,0.7894736842105263,8.789473684210526,4.2631578947368425,2.1052631578947367,19,0.8421052631578947,2.1052631578947367,7.2105263157894735,2.9473684210526314,1.7894736842105263,0.3157894736842106,1.5789473684210522
Premier League (England),2008/09,Sunderland,19,1.105263157894737,1.3157894736842106,11.157894736842104,6.052631578947368,1.8421052631578947,19,0.6842105263157895,1.5263157894736843,9.68421052631579,5.0,1.8421052631578947,0.42105263157894746,1.473684210526315
Premier League (England),2008/09,Tottenham,19,1.105263157894737,0.5263157894736842,15.894736842105264,8.736842105263158,1.105263157894737,19,1.263157894736842,1.8421052631578947,9.473684210526315,5.947368421052632,1.8421052631578947,-0.1578947368421051,6.421052631578949
Premier League (England),2008/09,West Brom,19,1.368421052631579,1.736842105263158,13.157894736842104,7.421052631578948,2.0,19,0.5263157894736842,1.7894736842105263,11.368421052631579,6.0,1.5263157894736843,0.8421052631578948,1.7894736842105257
Premier League (England),2008/09,West Ham,19,1.2105263157894737,1.1578947368421053,12.631578947368421,7.157894736842105,1.4736842105263157,19,1.0,1.2105263157894737,10.210526315789474,5.684210526315789,2.0526315789473686,0.21052631578947367,2.421052631578947
Premier League (England),2008/09,Wigan,19,0.8947368421052632,0.9473684210526315,13.789473684210526,6.368421052631579,1.368421052631579,19,0.8947368421052632,1.4210526315789473,11.631578947368421,5.578947368421052,1.8421052631578947,0.0,2.1578947368421044
Premier League (England),2009/10,Arsenal,19,2.526315789473684,0.7894736842105263,16.105263157894736,9.842105263157896,1.263157894736842,19,1.8421052631578947,1.368421052631579,13.368421052631579,7.473684210526316,1.6842105263157894,0.6842105263157894,2.7368421052631575
Premier League (England),2009/10,Aston Villa,19,1.5263157894736843,0.8421052631578947,11.894736842105264,6.368421052631579,1.2105263157894737,19,1.2105263157894737,1.2105263157894737,10.68421052631579,6.2105263157894735,2.0,0.3157894736842106,1.2105263157894743
Premier League (England),2009/10,Birmingham,19,1.0,0.6842105263157895,10.368421052631579,5.7368421052631575,1.894736842105263,19,1.0,1.7894736842105263,9.263157894736842,5.842105263157895,2.0,0.0,1.1052631578947363
Premier League (England),2009/10,Blackburn,19,1.4736842105263157,0.9473684210526315,13.0,7.368421052631579,1.4736842105263157,19,0.6842105263157895,1.9473684210526316,9.842105263157896,5.157894736842105,1.631578947368421,0.7894736842105262,3.1578947368421044
Premier League (England),2009/10,Bolton,19,1.368421052631579,1.631578947368421,13.526315789473685,7.684210526315789,1.7894736842105263,19,0.8421052631578947,1.894736842105263,10.68421052631579,5.2631578947368425,2.1578947368421053,0.5263157894736843,2.8421052631578956
Premier League (England),2009/10,Burnley,19,1.3157894736842106,1.5789473684210527,11.368421052631579,6.157894736842105,1.0526315789473684,19,0.8947368421052632,2.736842105263158,10.0,5.842105263157895,1.9473684210526316,0.42105263157894746,1.3684210526315788
Premier League (England),2009/10,Chelsea,19,3.5789473684210527,0.7368421052631579,20.736842105263158,12.105263157894736,0.8947368421052632,19,1.8421052631578947,0.9473684210526315,15.947368421052632,8.31578947368421,2.0526315789473686,1.736842105263158,4.789473684210526
Premier League (England),2009/10,Everton,19,1.8421052631578947,1.105263157894737,15.368421052631579,8.736842105263158,1.0526315789473684,19,1.3157894736842106,1.4736842105263157,11.473684210526315,7.421052631578948,1.9473684210526316,0.5263157894736841,3.8947368421052637
Premier League (England),2009/10,Fulham,19,1.4210526315789473,0.7894736842105263,11.842105263157896,6.526315789473684,0.7894736842105263,19,0.631578947368421,1.631578947368421,8.157894736842104,4.526315789473684,1.631578947368421,0.7894736842105263,3.684210526315791
Premier League (England),2009/10,Hull,19,1.1578947368421053,1.5263157894736843,10.473684210526315,5.947368421052632,1.5263157894736843,19,0.631578947368421,2.4210526315789473,7.2105263157894735,3.5789473684210527,2.0,0.5263157894736843,3.2631578947368416
Premier League (England),2009/10,Liverpool,19,2.263157894736842,0.7894736842105263,16.05263157894737,8.894736842105264,1.1578947368421053,19,0.9473684210526315,1.0526315789473684,11.263157894736842,6.2631578947368425,1.7894736842105263,1.3157894736842106,4.789473684210527
Premier League (England),2009/10,Man City,19,2.1578947368421053,1.0526315789473684,12.789473684210526,6.842105263157895,1.105263157894737,19,1.6842105263157894,1.3157894736842106,11.105263157894736,6.421052631578948,1.5789473684210527,0.47368421052631593,1.6842105263157894
Premier League (England),2009/10,Man United,19,2.736842105263158,0.631578947368421,18.05263157894737,10.263157894736842,1.2105263157894737,19,1.7894736842105263,0.8421052631578947,14.368421052631579,7.842105263157895,1.4736842105263157,0.9473684210526316,3.684210526315791
Premier League (England),2009/10,Portsmouth,19,1.263157894736842,1.6842105263157894,14.473684210526315,8.31578947368421,2.0,19,0.5263157894736842,1.7894736842105263,10.052631578947368,5.052631578947368,1.7894736842105263,0.7368421052631579,4.421052631578947
Premier League (England),2009/10,Stoke,19,1.263157894736842,1.105263157894737,9.68421052631579,5.0,1.5789473684210527,19,0.5263157894736842,1.4210526315789473,8.052631578947368,3.9473684210526314,1.894736842105263,0.7368421052631579,1.6315789473684212
Premier League (England),2009/10,Sunderland,19,1.6842105263157894,1.0,10.842105263157896,6.2631578947368425,2.210526315789474,19,0.8421052631578947,1.9473684210526316,9.368421052631579,5.105263157894737,2.1052631578947367,0.8421052631578947,1.4736842105263168
Premier League (England),2009/10,Tottenham,19,2.1052631578947367,0.631578947368421,18.473684210526315,10.631578947368421,1.368421052631579,19,1.4210526315789473,1.5263157894736843,12.947368421052632,7.684210526315789,1.631578947368421,0.6842105263157894,5.526315789473683
Premier League (England),2009/10,West Ham,19,1.5789473684210527,1.5263157894736843,13.263157894736842,7.473684210526316,1.4210526315789473,19,0.8947368421052632,1.9473684210526316,10.789473684210526,6.105263157894737,2.0526315789473686,0.6842105263157895,2.473684210526317
Premier League (England),2009/10,Wigan,19,1.0,1.263157894736842,14.789473684210526,7.7368421052631575,1.4210526315789473,19,0.9473684210526315,2.8947368421052633,11.421052631578947,6.2631578947368425,1.9473684210526316,0.052631578947368474,3.3684210526315788
Premier League (England),2009/10,Wolves,19,0.6842105263157895,1.1578947368421053,11.473684210526315,6.578947368421052,1.263157894736842,19,1.0,1.7894736842105263,8.368421052631579,4.2631578947368425,2.1052631578947367,-0.3157894736842105,3.1052631578947363
Premier League (England),2010/11,Arsenal,19,1.736842105263158,0.7894736842105263,16.736842105263158,9.789473684210526,1.631578947368421,19,2.0526315789473686,1.4736842105263157,14.578947368421053,8.210526315789474,1.9473684210526316,-0.3157894736842106,2.1578947368421044
Premier League (England),2010/11,Aston Villa,19,1.368421052631579,1.0,12.157894736842104,6.578947368421052,1.8421052631578947,19,1.1578947368421053,2.1052631578947367,10.789473684210526,6.105263157894737,1.894736842105263,0.21052631578947367,1.3684210526315788
Premier League (England),2010/11,Birmingham,19,1.0,1.1578947368421053,9.578947368421053,4.052631578947368,1.263157894736842,19,0.9473684210526315,1.894736842105263,7.631578947368421,4.105263157894737,1.736842105263158,0.052631578947368474,1.9473684210526319
Premier League (England),2010/11,Blackburn,19,1.1578947368421053,0.8421052631578947,12.31578947368421,5.473684210526316,1.263157894736842,19,1.263157894736842,2.263157894736842,7.947368421052632,4.578947368421052,2.1578947368421053,-0.10526315789473673,4.368421052631579
Premier League (England),2010/11,Blackpool,19,1.5789473684210527,1.9473684210526316,13.31578947368421,7.052631578947368,1.1578947368421053,19,1.3157894736842106,2.1578947368421053,10.157894736842104,5.315789473684211,1.3157894736842106,0.26315789473684204,3.157894736842106
Premier League (England),2010/11,Bolton,19,1.7894736842105263,1.263157894736842,14.68421052631579,8.631578947368421,1.5263157894736843,19,0.9473684210526315,1.6842105263157894,11.526315789473685,5.842105263157895,2.0,0.8421052631578948,3.1578947368421044
Premier League (England),2010/11,Chelsea,19,2.0526315789473686,0.6842105263157895,16.789473684210527,9.157894736842104,1.4210526315789473,19,1.5789473684210527,1.0526315789473684,16.63157894736842,8.947368421052632,1.6842105263157894,0.47368421052631593,0.1578947368421062
Premier League (England),2010/11,Everton,19,1.631578947368421,1.2105263157894737,15.263157894736842,8.368421052631579,1.5263157894736843,19,1.0526315789473684,1.1578947368421053,11.526315789473685,6.684210526315789,1.5263157894736843,0.5789473684210527,3.7368421052631575
Premier League (England),2010/11,Fulham,19,1.5789473684210527,1.2105263157894737,12.578947368421053,7.421052631578948,1.4736842105263157,19,1.0,1.0526315789473684,11.421052631578947,5.7368421052631575,1.2105263157894737,0.5789473684210527,1.1578947368421062
Premier League (England),2010/11,Liverpool,19,1.9473684210526316,0.7368421052631579,13.473684210526315,7.631578947368421,1.2105263157894737,19,1.1578947368421053,1.5789473684210527,11.526315789473685,6.473684210526316,2.1052631578947367,0.7894736842105263,1.94736842105263
Premier League (England),2010/11,Man City,19,1.7894736842105263,0.631578947368421,13.473684210526315,7.947368421052632,1.5789473684210527,19,1.368421052631579,1.105263157894737,11.631578947368421,6.578947368421052,2.3157894736842106,0.42105263157894735,1.8421052631578938
Premier League (England),2010/11,Man United,19,2.5789473684210527,0.631578947368421,16.42105263157895,9.68421052631579,0.8421052631578947,19,1.5263157894736843,1.3157894736842106,12.157894736842104,6.631578947368421,2.210526315789474,1.0526315789473684,4.263157894736844
Premier League (England),2010/11,Newcastle,19,2.1578947368421053,1.4210526315789473,13.31578947368421,8.157894736842104,1.6842105263157894,19,0.7894736842105263,1.5789473684210527,9.526315789473685,5.105263157894737,2.263157894736842,1.368421052631579,3.7894736842105257
Premier League (England),2010/11,Stoke,19,1.631578947368421,0.9473684210526315,13.210526315789474,6.894736842105263,1.5789473684210527,19,0.7894736842105263,1.5789473684210527,8.368421052631579,3.8421052631578947,2.1052631578947367,0.8421052631578947,4.842105263157896
Premier League (England),2010/11,Sunderland,19,1.3157894736842106,1.4210526315789473,12.578947368421053,6.7368421052631575,1.263157894736842,19,1.0526315789473684,1.5263157894736843,11.105263157894736,5.368421052631579,1.8421052631578947,0.26315789473684226,1.4736842105263168
Premier League (England),2010/11,Tottenham,19,1.5789473684210527,1.0,17.0,10.052631578947368,1.4736842105263157,19,1.3157894736842106,1.4210526315789473,12.473684210526315,6.842105263157895,1.2105263157894737,0.26315789473684204,4.526315789473685
Premier League (England),2010/11,West Brom,19,1.5789473684210527,1.5789473684210527,15.105263157894736,8.631578947368421,1.5263157894736843,19,1.368421052631579,2.1578947368421053,12.421052631578947,6.473684210526316,1.3157894736842106,0.21052631578947367,2.6842105263157894
Premier League (England),2010/11,West Ham,19,1.263157894736842,1.631578947368421,13.578947368421053,7.315789473684211,1.1578947368421053,19,1.0,2.0526315789473686,11.105263157894736,5.631578947368421,1.894736842105263,0.26315789473684204,2.473684210526317
Premier League (England),2010/11,Wigan,19,1.1578947368421053,1.7894736842105263,13.526315789473685,7.421052631578948,1.4210526315789473,19,0.9473684210526315,1.4210526315789473,10.157894736842104,5.894736842105263,2.1578947368421053,0.21052631578947378,3.3684210526315805
Premier League (England),2010/11,Wolves,19,1.5789473684210527,1.5789473684210527,10.947368421052632,6.157894736842105,1.4210526315789473,19,0.8421052631578947,1.894736842105263,8.578947368421053,4.7368421052631575,1.894736842105263,0.736842105263158,2.3684210526315788
Premier League (England),2011/12,Arsenal,19,2.0526315789473686,0.8947368421052632,16.842105263157894,9.736842105263158,1.894736842105263,19,1.8421052631578947,1.6842105263157894,13.947368421052632,8.789473684210526,1.631578947368421,0.2105263157894739,2.894736842105262
Premier League (England),2011/12,Aston Villa,19,1.0526315789473684,1.3157894736842106,11.842105263157896,5.684210526315789,1.3157894736842106,19,0.8947368421052632,1.4736842105263157,9.421052631578947,5.0,2.3684210526315788,0.1578947368421052,2.4210526315789487
Premier League (England),2011/12,Blackburn,19,1.368421052631579,1.736842105263158,13.526315789473685,7.631578947368421,2.0526315789473686,19,1.1578947368421053,2.3684210526315788,8.31578947368421,4.894736842105263,1.5263157894736843,0.21052631578947367,5.210526315789474
Premier League (England),2011/12,Bolton,19,1.2105263157894737,2.0526315789473686,12.31578947368421,8.0,1.2105263157894737,19,1.2105263157894737,2.0,11.210526315789474,6.473684210526316,1.4736842105263157,0.0,1.1052631578947363
Premier League (England),2011/12,Chelsea,19,2.1578947368421053,1.263157894736842,17.63157894736842,9.31578947368421,1.631578947368421,19,1.263157894736842,1.1578947368421053,14.789473684210526,8.263157894736842,2.3157894736842106,0.8947368421052633,2.8421052631578956
Premier League (England),2011/12,Everton,19,1.4736842105263157,0.7894736842105263,14.157894736842104,7.631578947368421,1.263157894736842,19,1.1578947368421053,1.3157894736842106,10.789473684210526,5.684210526315789,1.9473684210526316,0.3157894736842104,3.3684210526315788
Premier League (England),2011/12,Fulham,19,1.894736842105263,1.368421052631579,15.894736842105264,10.105263157894736,1.1578947368421053,19,0.631578947368421,1.3157894736842106,9.842105263157896,5.7368421052631575,1.6842105263157894,1.263157894736842,6.052631578947368
Premier League (England),2011/12,Liverpool,19,1.263157894736842,0.8421052631578947,17.736842105263158,8.894736842105264,1.2105263157894737,19,1.2105263157894737,1.263157894736842,14.473684210526315,8.473684210526315,1.736842105263158,0.05263157894736836,3.2631578947368425
Premier League (England),2011/12,Man City,19,2.8947368421052633,0.631578947368421,18.57894736842105,11.31578947368421,0.9473684210526315,19,2.0,0.8947368421052632,16.473684210526315,9.68421052631579,2.0,0.8947368421052633,2.1052631578947363
Premier League (England),2011/12,Man United,19,2.736842105263158,1.0,19.473684210526315,12.0,1.3157894736842106,19,1.9473684210526316,0.7368421052631579,11.68421052631579,7.421052631578948,1.368421052631579,0.7894736842105263,7.789473684210526
Premier League (England),2011/12,Newcastle,19,1.5263157894736843,0.8947368421052632,13.842105263157896,7.684210526315789,1.631578947368421,19,1.4210526315789473,1.7894736842105263,9.894736842105264,5.7368421052631575,1.894736842105263,0.10526315789473695,3.947368421052632
Premier League (England),2011/12,Norwich,19,1.4736842105263157,1.5789473684210527,13.473684210526315,7.368421052631579,1.368421052631579,19,1.263157894736842,1.894736842105263,11.473684210526315,6.0,1.736842105263158,0.21052631578947367,2.0
Premier League (England),2011/12,QPR,19,1.263157894736842,1.3157894736842106,14.210526315789474,7.0,1.5263157894736843,19,1.0,2.1578947368421053,11.789473684210526,6.894736842105263,1.4736842105263157,0.26315789473684204,2.4210526315789487
Premier League (England),2011/12,Stoke,19,1.3157894736842106,1.0526315789473684,10.105263157894736,4.947368421052632,1.3157894736842106,19,0.5789473684210527,1.736842105263158,7.7894736842105265,3.0,1.894736842105263,0.736842105263158,2.3157894736842097
Premier League (England),2011/12,Sunderland,19,1.368421052631579,0.8947368421052632,11.842105263157896,6.631578947368421,1.4210526315789473,19,1.0,1.5263157894736843,10.105263157894736,5.631578947368421,1.736842105263158,0.368421052631579,1.7368421052631593
Premier League (England),2011/12,Swansea,19,1.4210526315789473,0.9473684210526315,11.736842105263158,6.631578947368421,1.105263157894737,19,0.8947368421052632,1.736842105263158,10.368421052631579,6.052631578947368,1.0,0.5263157894736842,1.3684210526315788
Premier League (England),2011/12,Tottenham,19,2.0526315789473686,0.8947368421052632,18.526315789473685,11.052631578947368,0.7894736842105263,19,1.4210526315789473,1.263157894736842,14.894736842105264,8.578947368421053,1.5789473684210527,0.6315789473684212,3.6315789473684212
Premier League (England),2011/12,West Brom,19,1.105263157894737,1.1578947368421053,13.368421052631579,7.578947368421052,0.9473684210526315,19,1.263157894736842,1.5789473684210527,11.368421052631579,6.315789473684211,1.5789473684210527,-0.1578947368421051,2.0
Premier League (England),2011/12,Wigan,19,1.1578947368421053,1.4210526315789473,13.157894736842104,7.7368421052631575,1.8421052631578947,19,1.0526315789473684,1.8421052631578947,10.842105263157896,5.842105263157895,1.736842105263158,0.10526315789473695,2.315789473684209
Premier League (England),2011/12,Wolves,19,1.0,2.263157894736842,12.421052631578947,6.947368421052632,1.5789473684210527,19,1.105263157894737,2.0526315789473686,9.210526315789474,5.105263157894737,1.7894736842105263,-0.10526315789473695,3.2105263157894726
Premier League (England),2012/13,Arsenal,19,2.473684210526316,1.2105263157894737,16.05263157894737,9.473684210526315,1.0526315789473684,19,1.3157894736842106,0.7368421052631579,12.68421052631579,7.684210526315789,1.263157894736842,1.1578947368421053,3.3684210526315805
Premier League (England),2012/13,Aston Villa,19,1.2105263157894737,1.4736842105263157,11.421052631578947,6.526315789473684,1.6842105263157894,19,1.263157894736842,2.1578947368421053,9.263157894736842,5.315789473684211,2.210526315789474,-0.05263157894736836,2.1578947368421044
Premier League (England),2012/13,Chelsea,19,2.1578947368421053,0.8421052631578947,18.0,10.68421052631579,1.0,19,1.7894736842105263,1.2105263157894737,11.947368421052632,7.0,1.736842105263158,0.368421052631579,6.052631578947368
Premier League (England),2012/13,Everton,19,1.736842105263158,0.8947368421052632,16.0,9.105263157894736,1.5263157894736843,19,1.1578947368421053,1.2105263157894737,13.526315789473685,7.7894736842105265,1.631578947368421,0.5789473684210527,2.473684210526315
Premier League (England),2012/13,Fulham,19,1.4736842105263157,1.5789473684210527,13.526315789473685,7.473684210526316,1.0526315789473684,19,1.1578947368421053,1.5789473684210527,8.842105263157896,5.368421052631579,1.4736842105263157,0.3157894736842104,4.684210526315789
Premier League (England),2012/13,Liverpool,19,1.736842105263158,0.8421052631578947,20.68421052631579,11.526315789473685,1.0,19,2.0,1.4210526315789473,14.526315789473685,8.736842105263158,1.8421052631578947,-0.26315789473684204,6.157894736842106
Premier League (England),2012/13,Man City,19,2.1578947368421053,0.7894736842105263,16.157894736842106,9.263157894736842,1.4736842105263157,19,1.3157894736842106,1.0,15.473684210526315,9.263157894736842,1.8421052631578947,0.8421052631578947,0.6842105263157912
Premier League (England),2012/13,Man United,19,2.3684210526315788,1.0,14.736842105263158,8.578947368421053,1.2105263157894737,19,2.1578947368421053,1.263157894736842,12.210526315789474,7.157894736842105,1.7894736842105263,0.21052631578947345,2.526315789473683
Premier League (England),2012/13,Newcastle,19,1.263157894736842,1.631578947368421,14.368421052631579,7.2105263157894735,1.9473684210526316,19,1.105263157894737,1.9473684210526316,10.421052631578947,6.052631578947368,1.8421052631578947,0.1578947368421051,3.947368421052632
Premier League (England),2012/13,Norwich,19,1.3157894736842106,1.0526315789473684,11.31578947368421,6.526315789473684,1.736842105263158,19,0.8421052631578947,2.0,8.263157894736842,4.157894736842105,1.4210526315789473,0.47368421052631593,3.052631578947368
Premier League (England),2012/13,QPR,19,0.6842105263157895,1.4736842105263157,13.947368421052632,7.0,1.1578947368421053,19,0.8947368421052632,1.6842105263157894,10.526315789473685,5.894736842105263,1.9473684210526316,-0.21052631578947367,3.421052631578947
Premier League (England),2012/13,Reading,19,1.2105263157894737,1.736842105263158,8.473684210526315,4.473684210526316,1.105263157894737,19,1.0526315789473684,2.1052631578947367,10.0,4.947368421052632,1.263157894736842,0.1578947368421053,-1.526315789473685
Premier League (England),2012/13,Southampton,19,1.368421052631579,1.263157894736842,13.526315789473685,7.421052631578948,1.2105263157894737,19,1.2105263157894737,1.894736842105263,11.368421052631579,5.947368421052632,1.0526315789473684,0.1578947368421053,2.157894736842106
Premier League (England),2012/13,Stoke,19,1.105263157894737,1.1578947368421053,9.947368421052632,4.842105263157895,1.7894736842105263,19,0.6842105263157895,1.2105263157894737,7.842105263157895,3.8421052631578947,2.4210526315789473,0.42105263157894746,2.105263157894737
Premier League (England),2012/13,Sunderland,19,1.0526315789473684,1.0,11.842105263157896,6.684210526315789,1.3157894736842106,19,1.105263157894737,1.8421052631578947,8.052631578947368,4.947368421052632,1.9473684210526316,-0.052631578947368585,3.7894736842105274
Premier League (England),2012/13,Swansea,19,1.4736842105263157,1.368421052631579,14.578947368421053,8.421052631578947,1.3157894736842106,19,1.0,1.3157894736842106,9.631578947368421,5.368421052631579,1.736842105263158,0.4736842105263157,4.947368421052632
Premier League (England),2012/13,Tottenham,19,1.5263157894736843,0.9473684210526315,18.210526315789473,11.473684210526315,1.263157894736842,19,1.9473684210526316,1.4736842105263157,14.263157894736842,8.578947368421053,1.5263157894736843,-0.42105263157894735,3.94736842105263
Premier League (England),2012/13,West Brom,19,1.6842105263157894,1.3157894736842106,14.052631578947368,7.473684210526316,1.4210526315789473,19,1.105263157894737,1.6842105263157894,10.157894736842104,5.842105263157895,1.8421052631578947,0.5789473684210524,3.8947368421052637
Premier League (England),2012/13,West Ham,19,1.7894736842105263,1.1578947368421053,13.0,7.7894736842105265,1.368421052631579,19,0.5789473684210527,1.631578947368421,10.105263157894736,5.368421052631579,2.526315789473684,1.2105263157894737,2.8947368421052637
Premier League (England),2012/13,Wigan,19,1.368421052631579,2.0526315789473686,12.631578947368421,7.2105263157894735,1.4736842105263157,19,1.105263157894737,1.7894736842105263,11.157894736842104,6.315789473684211,2.0,0.26315789473684204,1.4736842105263168
Premier League (England),2013/14,Arsenal,19,1.894736842105263,0.5789473684210527,15.0,6.0,1.105263157894737,19,1.6842105263157894,1.5789473684210527,12.578947368421053,5.052631578947368,1.6842105263157894,0.21052631578947367,2.421052631578947
Premier League (England),2013/14,Aston Villa,19,1.1578947368421053,1.5263157894736843,12.263157894736842,3.9473684210526314,1.8421052631578947,19,0.8947368421052632,1.6842105263157894,10.368421052631579,3.1052631578947367,2.263157894736842,0.26315789473684215,1.8947368421052637
Premier League (England),2013/14,Cardiff,19,1.0526315789473684,1.8421052631578947,12.0,3.8947368421052633,1.3157894736842106,19,0.631578947368421,2.0526315789473686,10.052631578947368,2.736842105263158,1.263157894736842,0.42105263157894735,1.9473684210526319
Premier League (England),2013/14,Chelsea,19,2.263157894736842,0.5789473684210527,19.68421052631579,7.105263157894737,1.1578947368421053,19,1.4736842105263157,0.8421052631578947,16.789473684210527,4.894736842105263,1.7894736842105263,0.7894736842105263,2.8947368421052637
Premier League (England),2013/14,Crystal Palace,19,0.9473684210526315,1.2105263157894737,11.31578947368421,4.0,1.2105263157894737,19,0.7894736842105263,1.3157894736842106,10.473684210526315,3.526315789473684,1.7894736842105263,0.1578947368421052,0.8421052631578956
Premier League (England),2013/14,Everton,19,2.0,1.0,16.473684210526315,6.2631578947368425,1.4210526315789473,19,1.2105263157894737,1.0526315789473684,13.0,4.0,1.4210526315789473,0.7894736842105263,3.473684210526315
Premier League (England),2013/14,Fulham,19,1.263157894736842,2.0,14.0,4.947368421052632,1.6842105263157894,19,0.8421052631578947,2.473684210526316,8.68421052631579,2.8947368421052633,1.3157894736842106,0.42105263157894735,5.315789473684211
Premier League (England),2013/14,Hull,19,1.0526315789473684,1.105263157894737,12.947368421052632,3.8421052631578947,1.3157894736842106,19,0.9473684210526315,1.6842105263157894,9.421052631578947,2.9473684210526314,1.4736842105263157,0.10526315789473684,3.526315789473685
Premier League (England),2013/14,Liverpool,19,2.789473684210526,0.9473684210526315,19.526315789473685,7.631578947368421,0.8421052631578947,19,2.526315789473684,1.6842105263157894,14.68421052631579,6.0,2.0,0.26315789473684204,4.842105263157896
Premier League (England),2013/14,Man City,19,3.3157894736842106,0.6842105263157895,19.842105263157894,7.157894736842105,1.736842105263158,19,2.0526315789473686,1.263157894736842,15.578947368421053,5.368421052631579,2.0526315789473686,1.263157894736842,4.263157894736841
Premier League (England),2013/14,Man United,19,1.5263157894736843,1.105263157894737,15.842105263157896,5.368421052631579,1.263157894736842,19,1.8421052631578947,1.1578947368421053,11.789473684210526,4.157894736842105,2.210526315789474,-0.3157894736842104,4.05263157894737
Premier League (England),2013/14,Newcastle,19,1.2105263157894737,1.4736842105263157,17.736842105263158,5.2631578947368425,1.1578947368421053,19,1.0526315789473684,1.631578947368421,12.736842105263158,4.421052631578948,1.5789473684210527,0.1578947368421053,5.0
Premier League (England),2013/14,Norwich,19,0.8947368421052632,0.9473684210526315,13.947368421052632,4.052631578947368,1.368421052631579,19,0.5789473684210527,2.3157894736842106,10.473684210526315,3.6315789473684212,1.894736842105263,0.3157894736842105,3.473684210526317
Premier League (England),2013/14,Southampton,19,1.6842105263157894,1.2105263157894737,15.736842105263158,5.368421052631579,1.2105263157894737,19,1.1578947368421053,1.2105263157894737,12.210526315789474,3.9473684210526314,1.9473684210526316,0.5263157894736841,3.526315789473683
Premier League (England),2013/14,Stoke,19,1.4210526315789473,0.8947368421052632,12.578947368421053,3.9473684210526314,1.894736842105263,19,0.9473684210526315,1.8421052631578947,9.789473684210526,3.3684210526315788,1.894736842105263,0.4736842105263158,2.7894736842105274
Premier League (England),2013/14,Sunderland,19,1.105263157894737,1.4210526315789473,15.263157894736842,3.8947368421052633,2.0526315789473686,19,1.0526315789473684,1.736842105263158,10.526315789473685,3.3157894736842106,1.5263157894736843,0.052631578947368585,4.7368421052631575
Premier League (England),2013/14,Swansea,19,1.736842105263158,1.368421052631579,13.105263157894736,5.0,1.4736842105263157,19,1.105263157894737,1.4736842105263157,12.894736842105264,3.5789473684210527,1.4210526315789473,0.631578947368421,0.21052631578947256
Premier League (England),2013/14,Tottenham,19,1.5789473684210527,1.2105263157894737,15.631578947368421,5.157894736842105,1.631578947368421,19,1.3157894736842106,1.4736842105263157,15.105263157894736,4.7894736842105265,1.8421052631578947,0.26315789473684204,0.526315789473685
Premier League (England),2013/14,West Brom,19,1.263157894736842,1.4210526315789473,13.526315789473685,4.105263157894737,1.736842105263158,19,1.0,1.6842105263157894,12.0,3.526315789473684,1.7894736842105263,0.26315789473684204,1.526315789473685
Premier League (England),2013/14,West Ham,19,1.3157894736842106,1.368421052631579,12.68421052631579,3.789473684210526,1.1578947368421053,19,0.7894736842105263,1.3157894736842106,9.31578947368421,2.473684210526316,2.0526315789473686,0.5263157894736843,3.3684210526315788
Premier League (England),2014/15,Arsenal,19,2.1578947368421053,0.7368421052631579,18.894736842105264,7.421052631578948,1.4210526315789473,19,1.5789473684210527,1.1578947368421053,13.31578947368421,4.578947368421052,2.1578947368421053,0.5789473684210527,5.578947368421053
Premier League (England),2014/15,Aston Villa,19,0.9473684210526315,1.3157894736842106,11.68421052631579,3.4210526315789473,1.4736842105263157,19,0.6842105263157895,1.6842105263157894,10.105263157894736,3.263157894736842,2.210526315789474,0.26315789473684204,1.578947368421053
Premier League (England),2014/15,Burnley,19,0.7368421052631579,1.105263157894737,12.210526315789474,3.6842105263157894,1.736842105263158,19,0.7368421052631579,1.6842105263157894,10.368421052631579,2.8947368421052633,1.631578947368421,0.0,1.8421052631578956
Premier League (England),2014/15,Chelsea,19,1.894736842105263,0.47368421052631576,16.473684210526315,6.421052631578948,1.894736842105263,19,1.9473684210526316,1.2105263157894737,13.157894736842104,4.631578947368421,2.1578947368421053,-0.052631578947368585,3.3157894736842106
Premier League (England),2014/15,Crystal Palace,19,1.105263157894737,1.4210526315789473,12.789473684210526,4.0,1.368421052631579,19,1.368421052631579,1.263157894736842,10.263157894736842,3.3157894736842106,1.9473684210526316,-0.26315789473684204,2.526315789473683
Premier League (England),2014/15,Everton,19,1.4210526315789473,1.105263157894737,14.157894736842104,4.473684210526316,1.4210526315789473,19,1.105263157894737,1.5263157894736843,11.31578947368421,4.2631578947368425,2.0526315789473686,0.3157894736842104,2.842105263157894
Premier League (England),2014/15,Hull,19,1.0,1.263157894736842,12.789473684210526,4.105263157894737,1.4736842105263157,19,0.7368421052631579,1.4210526315789473,9.789473684210526,2.789473684210526,2.263157894736842,0.26315789473684215,3.0
Premier League (England),2014/15,Leicester,19,1.4736842105263157,1.1578947368421053,14.473684210526315,4.368421052631579,1.0526315789473684,19,0.9473684210526315,1.736842105263158,9.578947368421053,2.8421052631578947,1.5263157894736843,0.5263157894736842,4.894736842105262
Premier League (England),2014/15,Liverpool,19,1.5789473684210527,1.0526315789473684,17.42105263157895,5.578947368421052,1.5263157894736843,19,1.1578947368421053,1.4736842105263157,13.631578947368421,4.631578947368421,1.9473684210526316,0.42105263157894735,3.7894736842105274
Premier League (England),2014/15,Man City,19,2.3157894736842106,0.7368421052631579,19.0,6.7894736842105265,1.8421052631578947,19,2.0526315789473686,1.263157894736842,16.157894736842106,5.2105263157894735,2.210526315789474,0.26315789473684204,2.842105263157894
Premier League (England),2014/15,Man United,19,2.1578947368421053,0.7894736842105263,14.842105263157896,5.473684210526316,1.631578947368421,19,1.105263157894737,1.1578947368421053,11.947368421052632,3.9473684210526314,1.736842105263158,1.0526315789473684,2.8947368421052637
Premier League (England),2014/15,Newcastle,19,1.368421052631579,1.4210526315789473,14.105263157894736,4.2631578947368425,1.736842105263158,19,0.7368421052631579,1.894736842105263,10.473684210526315,3.263157894736842,1.736842105263158,0.6315789473684211,3.6315789473684212
Premier League (England),2014/15,QPR,19,1.2105263157894737,1.263157894736842,16.210526315789473,4.7368421052631575,1.894736842105263,19,1.0,2.5789473684210527,11.842105263157896,3.210526315789474,2.0526315789473686,0.21052631578947367,4.368421052631577
Premier League (England),2014/15,Southampton,19,1.9473684210526316,0.6842105263157895,15.157894736842104,5.157894736842105,1.2105263157894737,19,0.8947368421052632,1.0526315789473684,11.473684210526315,3.789473684210526,1.7894736842105263,1.0526315789473686,3.6842105263157894
Premier League (England),2014/15,Stoke,19,1.6842105263157894,1.1578947368421053,16.210526315789473,4.105263157894737,1.736842105263158,19,0.8421052631578947,1.2105263157894737,10.157894736842104,3.0526315789473686,2.5789473684210527,0.8421052631578947,6.052631578947368
Premier League (England),2014/15,Sunderland,19,0.8421052631578947,1.4210526315789473,11.210526315789474,3.0,2.3684210526315788,19,0.7894736842105263,1.368421052631579,10.052631578947368,3.789473684210526,2.5789473684210527,0.05263157894736836,1.1578947368421062
Premier League (England),2014/15,Swansea,19,1.4210526315789473,1.1578947368421053,12.263157894736842,4.368421052631579,1.3157894736842106,19,1.0,1.4210526315789473,9.947368421052632,3.3684210526315788,1.2105263157894737,0.42105263157894735,2.3157894736842106
Premier League (England),2014/15,Tottenham,19,1.631578947368421,1.263157894736842,15.368421052631579,4.7368421052631575,1.9473684210526316,19,1.4210526315789473,1.5263157894736843,12.210526315789474,4.315789473684211,2.210526315789474,0.21052631578947367,3.1578947368421044
Premier League (England),2014/15,West Brom,19,1.263157894736842,1.368421052631579,12.68421052631579,4.0,1.7894736842105263,19,0.7368421052631579,1.3157894736842106,8.947368421052632,2.8421052631578947,1.5789473684210527,0.5263157894736842,3.7368421052631575
Premier League (England),2014/15,West Ham,19,1.3157894736842106,0.9473684210526315,14.526315789473685,4.368421052631579,1.736842105263158,19,1.0,1.5263157894736843,11.0,3.6315789473684212,1.631578947368421,0.3157894736842106,3.526315789473685
Premier League (England),2015/16,Arsenal,19,1.631578947368421,0.5789473684210527,17.0,6.052631578947368,1.0526315789473684,19,1.7894736842105263,1.3157894736842106,13.105263157894736,5.0,1.0,-0.1578947368421053,3.8947368421052637
Premier League (England),2015/16,Aston Villa,19,0.7368421052631579,1.8421052631578947,11.368421052631579,3.263157894736842,1.8421052631578947,19,0.6842105263157895,2.1578947368421053,8.526315789473685,2.5789473684210527,2.1052631578947367,0.05263157894736836,2.842105263157894
Premier League (England),2015/16,Bournemouth,19,1.2105263157894737,1.7894736842105263,12.789473684210526,4.368421052631579,1.3157894736842106,19,1.1578947368421053,1.736842105263158,11.578947368421053,3.210526315789474,1.4210526315789473,0.05263157894736836,1.2105263157894726
Premier League (England),2015/16,Chelsea,19,1.6842105263157894,1.5789473684210527,15.894736842105264,4.894736842105263,1.4210526315789473,19,1.4210526315789473,1.2105263157894737,11.789473684210526,4.2105263157894735,1.631578947368421,0.26315789473684204,4.105263157894738
Premier League (England),2015/16,Crystal Palace,19,1.0,1.2105263157894737,13.421052631578947,4.684210526315789,1.6842105263157894,19,1.0526315789473684,1.4736842105263157,11.105263157894736,3.3157894736842106,1.4736842105263157,-0.05263157894736836,2.3157894736842106
Premier League (England),2015/16,Everton,19,1.8421052631578947,1.5789473684210527,14.68421052631579,4.947368421052632,1.2105263157894737,19,1.263157894736842,1.3157894736842106,11.210526315789474,4.2631578947368425,1.105263157894737,0.5789473684210527,3.473684210526315
Premier League (England),2015/16,Leicester,19,1.8421052631578947,0.9473684210526315,14.526315789473685,4.684210526315789,0.8947368421052632,19,1.736842105263158,0.9473684210526315,13.0,4.842105263157895,1.631578947368421,0.10526315789473673,1.526315789473685
Premier League (England),2015/16,Liverpool,19,1.736842105263158,1.1578947368421053,19.42105263157895,5.684210526315789,1.2105263157894737,19,1.5789473684210527,1.4736842105263157,13.68421052631579,5.0,2.0,0.1578947368421053,5.736842105263159
Premier League (England),2015/16,Man City,19,2.473684210526316,1.105263157894737,18.263157894736842,6.052631578947368,1.3157894736842106,19,1.263157894736842,1.0526315789473684,13.947368421052632,5.0,1.894736842105263,1.210526315789474,4.315789473684211
Premier League (England),2015/16,Man United,19,1.4210526315789473,0.47368421052631576,13.052631578947368,3.9473684210526314,1.5263157894736843,19,1.1578947368421053,1.368421052631579,9.578947368421053,3.5789473684210527,1.894736842105263,0.26315789473684204,3.473684210526315
Premier League (England),2015/16,Newcastle,19,1.6842105263157894,1.263157894736842,12.0,4.7894736842105265,1.9473684210526316,19,0.631578947368421,2.1578947368421053,8.947368421052632,3.210526315789474,1.105263157894737,1.0526315789473684,3.052631578947368
Premier League (England),2015/16,Norwich,19,1.368421052631579,1.5789473684210527,12.210526315789474,3.5789473684210527,1.5263157894736843,19,0.6842105263157895,1.9473684210526316,9.68421052631579,3.0526315789473686,1.6842105263157894,0.6842105263157895,2.526315789473685
Premier League (England),2015/16,Southampton,19,2.0526315789473686,1.1578947368421053,15.052631578947368,4.947368421052632,1.4210526315789473,19,1.0526315789473684,1.0,12.263157894736842,3.9473684210526314,1.5789473684210527,1.0000000000000002,2.7894736842105257
Premier League (England),2015/16,Stoke,19,1.1578947368421053,1.263157894736842,11.526315789473685,3.3684210526315788,1.263157894736842,19,1.0,1.631578947368421,10.473684210526315,3.473684210526316,1.4210526315789473,0.1578947368421053,1.05263157894737
Premier League (England),2015/16,Sunderland,19,1.2105263157894737,1.0526315789473684,13.052631578947368,3.789473684210526,1.5263157894736843,19,1.3157894736842106,2.210526315789474,10.052631578947368,3.736842105263158,1.736842105263158,-0.10526315789473695,3.0
Premier League (England),2015/16,Swansea,19,1.0526315789473684,1.0526315789473684,12.0,3.263157894736842,1.8421052631578947,19,1.1578947368421053,1.6842105263157894,11.263157894736842,3.8947368421052633,1.4210526315789473,-0.10526315789473695,0.7368421052631575
Premier League (England),2015/16,Tottenham,19,1.8421052631578947,0.7894736842105263,19.526315789473685,7.631578947368421,1.5789473684210527,19,1.7894736842105263,1.0526315789473684,15.263157894736842,5.526315789473684,2.210526315789474,0.05263157894736836,4.2631578947368425
Premier League (England),2015/16,Watford,19,1.0526315789473684,1.0,13.157894736842104,3.8947368421052633,2.0,19,1.0526315789473684,1.631578947368421,10.263157894736842,3.263157894736842,1.894736842105263,0.0,2.894736842105262
Premier League (England),2015/16,West Brom,19,1.0526315789473684,1.368421052631579,11.421052631578947,3.210526315789474,1.3157894736842106,19,0.7368421052631579,1.1578947368421053,8.789473684210526,2.3684210526315788,2.0,0.3157894736842105,2.6315789473684212
Premier League (England),2015/16,West Ham,19,1.7894736842105263,1.368421052631579,16.42105263157895,5.526315789473684,1.0526315789473684,19,1.631578947368421,1.3157894736842106,12.842105263157896,4.157894736842105,1.894736842105263,0.1578947368421053,3.578947368421053
Premier League (England),2016/17,Arsenal,19,2.0526315789473686,0.8421052631578947,17.31578947368421,6.0,1.7894736842105263,19,2.0,1.4736842105263157,12.421052631578947,4.526315789473684,1.736842105263158,0.052631578947368585,4.894736842105262
Premier League (England),2016/17,Bournemouth,19,1.8421052631578947,1.5263157894736843,13.31578947368421,4.7894736842105265,1.263157894736842,19,1.0526315789473684,2.0,10.157894736842104,3.6315789473684212,1.4210526315789473,0.7894736842105263,3.157894736842106
Premier League (England),2016/17,Burnley,19,1.368421052631579,1.0526315789473684,11.052631578947368,3.3684210526315788,1.8421052631578947,19,0.6842105263157895,1.8421052631578947,9.473684210526315,2.9473684210526314,1.5789473684210527,0.6842105263157895,1.578947368421053
Premier League (England),2016/17,Chelsea,19,2.8947368421052633,0.8947368421052632,16.63157894736842,6.368421052631579,1.6842105263157894,19,1.5789473684210527,0.8421052631578947,13.894736842105264,4.368421052631579,2.1052631578947367,1.3157894736842106,2.7368421052631575
Premier League (England),2016/17,Crystal Palace,19,1.263157894736842,1.3157894736842106,11.789473684210526,3.8947368421052633,1.6842105263157894,19,1.368421052631579,2.0,11.263157894736842,3.3684210526315788,2.3684210526315788,-0.10526315789473695,0.5263157894736832
Premier League (England),2016/17,Everton,19,2.210526315789474,0.8421052631578947,14.578947368421053,5.894736842105263,1.894736842105263,19,1.0526315789473684,1.4736842105263157,11.631578947368421,4.2105263157894735,1.8421052631578947,1.1578947368421055,2.947368421052632
Premier League (England),2016/17,Hull,19,1.4736842105263157,1.8421052631578947,10.947368421052632,3.6315789473684212,1.6842105263157894,19,0.47368421052631576,2.3684210526315788,9.894736842105264,3.0526315789473686,1.8421052631578947,1.0,1.0526315789473681
Premier League (England),2016/17,Leicester,19,1.631578947368421,1.3157894736842106,12.631578947368421,4.368421052631579,1.5789473684210527,19,0.8947368421052632,2.0,10.105263157894736,3.263157894736842,2.1578947368421053,0.7368421052631579,2.526315789473685
Premier League (England),2016/17,Liverpool,19,2.3684210526315788,0.9473684210526315,17.42105263157895,6.684210526315789,1.1578947368421053,19,1.736842105263158,1.263157894736842,16.157894736842106,5.7368421052631575,1.6842105263157894,0.6315789473684208,1.2631578947368425
Premier League (England),2016/17,Man City,19,1.9473684210526316,0.8947368421052632,17.68421052631579,6.052631578947368,1.6842105263157894,19,2.263157894736842,1.1578947368421053,15.631578947368421,5.368421052631579,2.0526315789473686,-0.3157894736842104,2.05263157894737
Premier League (England),2016/17,Man United,19,1.368421052631579,0.631578947368421,17.736842105263158,6.2105263157894735,1.894736842105263,19,1.4736842105263157,0.8947368421052632,13.263157894736842,4.842105263157895,2.1052631578947367,-0.10526315789473673,4.473684210526315
Premier League (England),2016/17,Middlesbrough,19,0.8947368421052632,1.2105263157894737,10.789473684210526,3.1052631578947367,2.0,19,0.5263157894736842,1.5789473684210527,7.578947368421052,2.1578947368421053,2.0,0.368421052631579,3.2105263157894735
Premier League (England),2016/17,Southampton,19,0.8947368421052632,1.105263157894737,15.736842105263158,4.842105263157895,1.2105263157894737,19,1.263157894736842,1.4210526315789473,13.105263157894736,4.578947368421052,1.8421052631578947,-0.36842105263157887,2.6315789473684212
Premier League (England),2016/17,Stoke,19,1.263157894736842,1.263157894736842,12.052631578947368,4.157894736842105,1.8421052631578947,19,0.8947368421052632,1.6842105263157894,10.368421052631579,3.0526315789473686,1.8421052631578947,0.36842105263157887,1.6842105263157894
Premier League (England),2016/17,Sunderland,19,0.8421052631578947,1.7894736842105263,11.263157894736842,3.473684210526316,1.8421052631578947,19,0.6842105263157895,1.8421052631578947,9.105263157894736,2.8947368421052633,2.1578947368421053,0.1578947368421052,2.157894736842106
Premier League (England),2016/17,Swansea,19,1.4210526315789473,1.7894736842105263,11.736842105263158,4.368421052631579,1.5789473684210527,19,0.9473684210526315,1.894736842105263,8.789473684210526,3.3157894736842106,1.368421052631579,0.4736842105263158,2.947368421052632
Premier League (England),2016/17,Tottenham,19,2.473684210526316,0.47368421052631576,19.63157894736842,7.7368421052631575,1.4210526315789473,19,2.0526315789473686,0.8947368421052632,15.578947368421053,5.7894736842105265,1.8421052631578947,0.42105263157894735,4.052631578947368
Premier League (England),2016/17,Watford,19,1.3157894736842106,1.5263157894736843,12.157894736842104,4.052631578947368,2.6315789473684212,19,0.7894736842105263,2.0526315789473686,9.894736842105264,3.526315789473684,1.736842105263158,0.5263157894736843,2.2631578947368407
Premier League (England),2016/17,West Brom,19,1.4210526315789473,1.1578947368421053,11.578947368421053,3.789473684210526,1.736842105263158,19,0.8421052631578947,1.5263157894736843,9.473684210526315,2.6842105263157894,2.473684210526316,0.5789473684210527,2.105263157894738
Premier League (England),2016/17,West Ham,19,1.0,1.631578947368421,14.210526315789474,3.473684210526316,2.473684210526316,19,1.4736842105263157,1.736842105263158,11.894736842105264,3.789473684210526,1.5789473684210527,-0.4736842105263157,2.3157894736842106
Premier League (England),2017/18,Arsenal,19,2.8421052631578947,1.0526315789473684,18.05263157894737,7.7368421052631575,1.3157894736842106,19,1.0526315789473684,1.631578947368421,13.157894736842104,4.578947368421052,1.6842105263157894,1.7894736842105263,4.8947368421052655
Premier League (England),2017/18,Bournemouth,19,1.368421052631579,1.5789473684210527,14.052631578947368,4.315789473684211,1.631578947368421,19,1.0,1.631578947368421,10.526315789473685,4.0,1.263157894736842,0.368421052631579,3.526315789473683
Premier League (England),2017/18,Brighton,19,1.263157894736842,1.3157894736842106,11.421052631578947,3.736842105263158,1.9473684210526316,19,0.5263157894736842,1.5263157894736843,8.736842105263158,2.473684210526316,0.8947368421052632,0.7368421052631579,2.6842105263157894
Premier League (England),2017/18,Burnley,19,0.8421052631578947,0.8947368421052632,10.894736842105264,3.473684210526316,1.4210526315789473,19,1.0526315789473684,1.1578947368421053,9.052631578947368,3.210526315789474,2.0,-0.21052631578947367,1.8421052631578956
Premier League (England),2017/18,Chelsea,19,1.5789473684210527,0.8421052631578947,18.736842105263158,6.947368421052632,1.0,19,1.6842105263157894,1.1578947368421053,13.157894736842104,4.631578947368421,1.1578947368421053,-0.10526315789473673,5.578947368421053
Premier League (England),2017/18,Crystal Palace,19,1.5263157894736843,1.4210526315789473,14.052631578947368,4.7894736842105265,2.0,19,0.8421052631578947,1.4736842105263157,10.947368421052632,3.1578947368421053,1.736842105263158,0.6842105263157896,3.1052631578947363
Premier League (England),2017/18,Everton,19,1.4736842105263157,1.1578947368421053,9.947368421052632,3.1578947368421053,1.4736842105263157,19,0.8421052631578947,1.894736842105263,9.0,3.263157894736842,1.2105263157894737,0.631578947368421,0.9473684210526319
Premier League (England),2017/18,Huddersfield,19,0.8421052631578947,1.3157894736842106,10.894736842105264,2.8947368421052633,1.368421052631579,19,0.631578947368421,1.736842105263158,8.052631578947368,2.9473684210526314,1.8421052631578947,0.21052631578947367,2.8421052631578956
Premier League (England),2017/18,Leicester,19,1.3157894736842106,1.1578947368421053,11.947368421052632,3.9473684210526314,1.1578947368421053,19,1.631578947368421,2.0,10.263157894736842,3.8421052631578947,1.5789473684210527,-0.3157894736842104,1.6842105263157894
Premier League (England),2017/18,Liverpool,19,2.3684210526315788,0.5263157894736842,18.894736842105264,7.105263157894737,0.9473684210526315,19,2.0526315789473686,1.4736842105263157,14.789473684210526,5.157894736842105,1.368421052631579,0.3157894736842102,4.105263157894738
Premier League (England),2017/18,Man City,19,3.210526315789474,0.7368421052631579,18.263157894736842,7.947368421052632,1.368421052631579,19,2.3684210526315788,0.6842105263157895,16.68421052631579,5.7894736842105265,1.6842105263157894,0.8421052631578951,1.5789473684210513
Premier League (England),2017/18,Man United,19,2.0,0.47368421052631576,14.473684210526315,4.894736842105263,1.5263157894736843,19,1.5789473684210527,1.0,12.526315789473685,4.631578947368421,1.8421052631578947,0.42105263157894735,1.94736842105263
Premier League (England),2017/18,Newcastle,19,1.105263157894737,0.8947368421052632,11.789473684210526,3.736842105263158,1.2105263157894737,19,0.9473684210526315,1.5789473684210527,11.842105263157896,4.157894736842105,1.5263157894736843,0.15789473684210542,-0.05263157894736992
Premier League (England),2017/18,Southampton,19,1.0526315789473684,1.368421052631579,13.263157894736842,4.052631578947368,1.5263157894736843,19,0.8947368421052632,1.5789473684210527,10.473684210526315,3.5789473684210527,1.7894736842105263,0.1578947368421052,2.7894736842105274
Premier League (England),2017/18,Stoke,19,1.0526315789473684,1.5789473684210527,10.68421052631579,3.4210526315789473,1.5789473684210527,19,0.7894736842105263,2.0,9.421052631578947,3.473684210526316,1.6842105263157894,0.26315789473684204,1.2631578947368425
Premier League (England),2017/18,Swansea,19,0.8947368421052632,1.263157894736842,11.263157894736842,3.6315789473684212,1.263157894736842,19,0.5789473684210527,1.6842105263157894,6.421052631578948,1.8421052631578947,1.4210526315789473,0.3157894736842105,4.842105263157895
Premier League (England),2017/18,Tottenham,19,2.1052631578947367,0.8421052631578947,18.57894736842105,6.315789473684211,1.0526315789473684,19,1.7894736842105263,1.0526315789473684,14.157894736842104,5.105263157894737,1.5263157894736843,0.3157894736842104,4.421052631578947
Premier League (England),2017/18,Watford,19,1.4210526315789473,1.631578947368421,12.421052631578947,3.6842105263157894,2.1578947368421053,19,0.8947368421052632,1.736842105263158,10.736842105263158,3.263157894736842,1.1578947368421053,0.5263157894736842,1.6842105263157894
Premier League (England),2017/18,West Brom,19,1.105263157894737,1.5263157894736843,11.052631578947368,3.4210526315789473,1.8421052631578947,19,0.5263157894736842,1.4210526315789473,8.68421052631579,2.5789473684210527,1.9473684210526316,0.5789473684210528,2.3684210526315788
Premier League (England),2017/18,West Ham,19,1.263157894736842,1.368421052631579,11.105263157894736,3.3684210526315788,1.7894736842105263,19,1.263157894736842,2.210526315789474,8.526315789473685,3.6315789473684212,2.0,0.0,2.5789473684210513
Premier League (England),2018/19,Arsenal,19,2.210526315789474,0.8421052631578947,13.473684210526315,5.052631578947368,2.1052631578947367,19,1.631578947368421,1.8421052631578947,11.052631578947368,3.8947368421052633,1.6842105263157894,0.5789473684210529,2.421052631578947
Premier League (England),2018/19,Bournemouth,19,1.5789473684210527,1.3157894736842106,12.052631578947368,4.315789473684211,1.894736842105263,19,1.368421052631579,2.3684210526315788,11.473684210526315,4.2631578947368425,1.263157894736842,0.21052631578947367,0.5789473684210531
Premier League (England),2018/19,Brighton,19,1.0,1.4736842105263157,10.526315789473685,2.789473684210526,1.5789473684210527,19,0.8421052631578947,1.6842105263157894,8.68421052631579,2.8947368421052633,1.5789473684210527,0.1578947368421053,1.8421052631578956
Premier League (England),2018/19,Burnley,19,1.263157894736842,1.6842105263157894,11.052631578947368,3.473684210526316,1.736842105263158,19,1.105263157894737,1.894736842105263,7.842105263157895,2.5789473684210527,2.210526315789474,0.1578947368421051,3.2105263157894735
Premier League (England),2018/19,Cardiff,19,1.105263157894737,2.0,12.105263157894736,3.5789473684210527,1.736842105263158,19,0.6842105263157895,1.631578947368421,9.842105263157896,3.0526315789473686,1.6842105263157894,0.42105263157894746,2.2631578947368407
Premier League (England),2018/19,Chelsea,19,2.0526315789473686,0.631578947368421,17.105263157894736,6.2105263157894735,1.0526315789473684,19,1.263157894736842,1.4210526315789473,14.789473684210526,4.2105263157894735,1.5263157894736843,0.7894736842105265,2.3157894736842106
Premier League (England),2018/19,Crystal Palace,19,1.0,1.2105263157894737,15.473684210526315,4.0,1.3157894736842106,19,1.6842105263157894,1.5789473684210527,10.368421052631579,3.6842105263157894,1.736842105263158,-0.6842105263157894,5.105263157894736
Premier League (England),2018/19,Everton,19,1.5789473684210527,1.105263157894737,14.68421052631579,4.473684210526316,1.263157894736842,19,1.263157894736842,1.3157894736842106,11.368421052631579,4.421052631578948,1.631578947368421,0.3157894736842106,3.3157894736842106
Premier League (England),2018/19,Fulham,19,1.1578947368421053,1.894736842105263,14.421052631578947,4.526315789473684,1.7894736842105263,19,0.631578947368421,2.3684210526315788,9.421052631578947,3.3157894736842106,1.7894736842105263,0.5263157894736843,5.0
Premier League (England),2018/19,Huddersfield,19,0.5263157894736842,1.631578947368421,10.68421052631579,3.0,1.4210526315789473,19,0.631578947368421,2.3684210526315788,10.368421052631579,3.210526315789474,1.4736842105263157,-0.10526315789473684,0.3157894736842106
Premier League (England),2018/19,Leicester,19,1.263157894736842,1.0526315789473684,15.68421052631579,5.2105263157894735,1.736842105263158,19,1.4210526315789473,1.4736842105263157,11.421052631578947,4.473684210526316,1.263157894736842,-0.1578947368421053,4.2631578947368425
Premier League (England),2018/19,Liverpool,19,2.8947368421052633,0.5263157894736842,17.63157894736842,6.631578947368421,0.6842105263157895,19,1.7894736842105263,0.631578947368421,12.578947368421053,5.2631578947368425,1.263157894736842,1.105263157894737,5.052631578947368
Premier League (England),2018/19,Man City,19,3.0,0.631578947368421,20.31578947368421,7.7894736842105265,0.8947368421052632,19,2.0,0.5789473684210527,15.631578947368421,5.894736842105263,1.4210526315789473,1.0,4.684210526315788
Premier League (England),2018/19,Man United,19,1.736842105263158,1.3157894736842106,14.947368421052632,6.631578947368421,1.6842105263157894,19,1.6842105263157894,1.5263157894736843,12.736842105263158,5.2105263157894735,2.1578947368421053,0.052631578947368585,2.2105263157894743
Premier League (England),2018/19,Newcastle,19,1.263157894736842,1.3157894736842106,14.0,4.2105263157894735,1.3157894736842106,19,0.9473684210526315,1.2105263157894737,9.368421052631579,3.263157894736842,1.6842105263157894,0.3157894736842105,4.631578947368421
Premier League (England),2018/19,Southampton,19,1.4210526315789473,1.5789473684210527,13.578947368421053,4.684210526315789,2.0526315789473686,19,0.9473684210526315,1.8421052631578947,11.68421052631579,3.8421052631578947,1.6842105263157894,0.4736842105263158,1.8947368421052637
Premier League (England),2018/19,Tottenham,19,1.7894736842105263,0.8421052631578947,16.210526315789473,5.526315789473684,1.0526315789473684,19,1.736842105263158,1.2105263157894737,12.0,4.421052631578948,1.894736842105263,0.05263157894736836,4.210526315789473
Premier League (England),2018/19,Watford,19,1.368421052631579,1.4736842105263157,11.789473684210526,4.368421052631579,2.0,19,1.368421052631579,1.631578947368421,11.052631578947368,3.5789473684210527,2.0526315789473686,0.0,0.7368421052631575
Premier League (England),2018/19,West Ham,19,1.6842105263157894,1.4210526315789473,12.894736842105264,4.631578947368421,1.4736842105263157,19,1.0526315789473684,1.4736842105263157,10.31578947368421,3.6315789473684212,1.631578947368421,0.631578947368421,2.578947368421053
Premier League (England),2018/19,Wolves,19,1.4736842105263157,1.105263157894737,14.052631578947368,4.473684210526316,1.736842105263158,19,1.0,1.3157894736842106,10.894736842105264,3.473684210526316,2.0526315789473686,0.4736842105263157,3.1578947368421044
Premier League (England),2019/20,Arsenal,19,1.894736842105263,1.263157894736842,12.157894736842104,4.7894736842105265,2.210526315789474,19,1.0526315789473684,1.263157894736842,9.421052631578947,3.1578947368421053,2.3157894736842106,0.8421052631578947,2.7368421052631575
Premier League (England),2019/20,Aston Villa,19,1.1578947368421053,1.5789473684210527,13.105263157894736,4.2105263157894735,1.7894736842105263,19,1.0,1.9473684210526316,11.052631578947368,3.6842105263157894,1.7894736842105263,0.1578947368421053,2.052631578947368
Premier League (England),2019/20,Bournemouth,19,1.1578947368421053,1.5789473684210527,10.473684210526315,3.210526315789474,1.894736842105263,19,0.9473684210526315,1.8421052631578947,10.0,3.1578947368421053,1.9473684210526316,0.21052631578947378,0.47368421052631504
Premier League (England),2019/20,Brighton,19,1.0526315789473684,1.4210526315789473,12.421052631578947,3.5789473684210527,1.4210526315789473,19,1.0,1.4210526315789473,11.842105263157896,3.8947368421052633,1.5263157894736843,0.05263157894736836,0.5789473684210513
Premier League (England),2019/20,Burnley,19,1.263157894736842,1.2105263157894737,11.578947368421053,4.2631578947368425,1.5789473684210527,19,1.0,1.4210526315789473,8.842105263157896,2.789473684210526,1.9473684210526316,0.26315789473684204,2.7368421052631575
Premier League (England),2019/20,Chelsea,19,1.5789473684210527,0.8421052631578947,17.473684210526315,6.368421052631579,1.5789473684210527,19,2.0526315789473686,2.0,15.421052631578947,5.368421052631579,1.5789473684210527,-0.47368421052631593,2.052631578947368
Premier League (England),2019/20,Crystal Palace,19,0.7894736842105263,1.0526315789473684,12.157894736842104,3.5789473684210527,1.7894736842105263,19,0.8421052631578947,1.5789473684210527,7.631578947368421,2.736842105263158,1.4210526315789473,-0.05263157894736836,4.526315789473683
Premier League (England),2019/20,Everton,19,1.263157894736842,1.105263157894737,13.263157894736842,4.894736842105263,1.6842105263157894,19,1.0526315789473684,1.8421052631578947,11.473684210526315,3.6315789473684212,2.0,0.21052631578947367,1.7894736842105274
Premier League (England),2019/20,Leicester,19,1.8421052631578947,0.8947368421052632,13.789473684210526,4.631578947368421,1.0,19,1.6842105263157894,1.263157894736842,14.473684210526315,5.368421052631579,1.1578947368421053,0.1578947368421053,-0.6842105263157894
Premier League (England),2019/20,Liverpool,19,2.736842105263158,0.8421052631578947,16.526315789473685,6.7894736842105265,0.6842105263157895,19,1.736842105263158,0.8947368421052632,14.526315789473685,5.368421052631579,1.3157894736842106,1.0,2.0
Premier League (England),2019/20,Man City,19,3.0,0.6842105263157895,20.736842105263158,7.105263157894737,1.4210526315789473,19,2.3684210526315788,1.1578947368421053,18.473684210526315,6.7368421052631575,1.736842105263158,0.6315789473684212,2.2631578947368425
Premier League (England),2019/20,Man United,19,2.1052631578947367,0.8947368421052632,15.736842105263158,6.2105263157894735,1.5263157894736843,19,1.368421052631579,1.0,12.842105263157896,5.157894736842105,2.263157894736842,0.7368421052631577,2.894736842105262
Premier League (England),2019/20,Newcastle,19,1.0526315789473684,1.105263157894737,12.263157894736842,4.052631578947368,1.736842105263158,19,0.9473684210526315,1.9473684210526316,8.526315789473685,2.8421052631578947,1.6842105263157894,0.10526315789473684,3.7368421052631575
Premier League (England),2019/20,Norwich,19,1.0,1.9473684210526316,11.421052631578947,3.8421052631578947,1.5263157894736843,19,0.3684210526315789,2.0,10.052631578947368,3.0526315789473686,2.0,0.631578947368421,1.3684210526315788
Premier League (England),2019/20,Sheffield United,19,1.263157894736842,0.7894736842105263,11.0,3.6842105263157894,1.5789473684210527,19,0.7894736842105263,1.263157894736842,7.631578947368421,2.3684210526315788,1.631578947368421,0.4736842105263157,3.3684210526315788
Premier League (England),2019/20,Southampton,19,1.105263157894737,1.8421052631578947,12.631578947368421,4.052631578947368,1.0,19,1.5789473684210527,1.3157894736842106,13.68421052631579,5.473684210526316,1.7894736842105263,-0.4736842105263157,-1.0526315789473681
Premier League (England),2019/20,Tottenham,19,1.894736842105263,0.8947368421052632,12.947368421052632,4.157894736842105,2.0526315789473686,19,1.3157894736842106,1.5789473684210527,10.473684210526315,4.2631578947368425,2.263157894736842,0.5789473684210524,2.473684210526317
Premier League (England),2019/20,Watford,19,1.1578947368421053,1.4210526315789473,12.842105263157896,3.263157894736842,2.0,19,0.7368421052631579,1.9473684210526316,9.473684210526315,3.0526315789473686,1.9473684210526316,0.42105263157894746,3.3684210526315805
Premier League (England),2019/20,West Ham,19,1.5789473684210527,1.736842105263158,11.631578947368421,4.684210526315789,1.7894736842105263,19,1.0,1.5263157894736843,10.31578947368421,3.8947368421052633,1.4736842105263157,0.5789473684210527,1.3157894736842106
Premier League (England),2019/20,Wolves,19,1.4210526315789473,1.0,12.31578947368421,3.736842105263158,1.4736842105263157,19,1.263157894736842,1.105263157894737,11.842105263157896,3.8947368421052633,1.5263157894736843,0.1578947368421053,0.47368421052631504
Premier League (England),2020/21,Arsenal,19,1.263157894736842,1.105263157894737,12.631578947368421,4.052631578947368,1.0,19,1.631578947368421,0.9473684210526315,11.526315789473685,3.9473684210526314,1.4736842105263157,-0.368421052631579,1.1052631578947363
Premier League (England),2020/21,Aston Villa,19,1.5263157894736843,1.4210526315789473,14.157894736842104,5.0,1.5263157894736843,19,1.368421052631579,1.0,12.736842105263158,4.842105263157895,1.7894736842105263,0.1578947368421053,1.421052631578947
Premier League (England),2020/21,Brighton,19,1.1578947368421053,1.1578947368421053,15.526315789473685,4.2105263157894735,1.6842105263157894,19,0.9473684210526315,1.263157894736842,10.105263157894736,3.3157894736842106,0.6842105263157895,0.21052631578947378,5.421052631578949
Premier League (England),2020/21,Burnley,19,0.7368421052631579,1.4210526315789473,10.368421052631579,3.3157894736842106,1.263157894736842,19,1.0,1.4736842105263157,9.842105263157896,3.526315789473684,1.263157894736842,-0.26315789473684215,0.5263157894736832
Premier League (England),2020/21,Chelsea,19,1.631578947368421,0.9473684210526315,14.894736842105264,5.894736842105263,1.105263157894737,19,1.4210526315789473,0.9473684210526315,14.473684210526315,5.105263157894737,1.4210526315789473,0.21052631578947367,0.4210526315789487
Premier League (England),2020/21,Crystal Palace,19,1.0526315789473684,1.6842105263157894,8.526315789473685,3.1578947368421053,1.4210526315789473,19,1.105263157894737,1.7894736842105263,9.842105263157896,3.736842105263158,1.4210526315789473,-0.052631578947368585,-1.3157894736842106
Premier League (England),2020/21,Everton,19,1.263157894736842,1.4736842105263157,11.473684210526315,4.0,1.3157894736842106,19,1.2105263157894737,1.0526315789473684,9.578947368421053,3.789473684210526,1.736842105263158,0.05263157894736836,1.894736842105262
Premier League (England),2020/21,Fulham,19,0.47368421052631576,1.4736842105263157,12.31578947368421,3.3157894736842106,1.894736842105263,19,0.9473684210526315,1.3157894736842106,10.947368421052632,3.8421052631578947,1.5789473684210527,-0.47368421052631576,1.3684210526315788
Premier League (England),2020/21,Leeds,19,1.4736842105263157,1.105263157894737,13.947368421052632,5.631578947368421,1.736842105263158,19,1.7894736842105263,1.736842105263158,13.526315789473685,4.842105263157895,1.4736842105263157,-0.3157894736842106,0.4210526315789469
Premier League (England),2020/21,Leicester,19,1.7894736842105263,1.5789473684210527,12.842105263157896,4.947368421052632,1.263157894736842,19,1.7894736842105263,1.0526315789473684,12.631578947368421,4.7894736842105265,1.894736842105263,0.0,0.21052631578947434
Premier League (England),2020/21,Liverpool,19,1.5263157894736843,1.0526315789473684,16.68421052631579,5.7368421052631575,1.105263157894737,19,2.0526315789473686,1.1578947368421053,15.31578947368421,5.526315789473684,1.0,-0.5263157894736843,1.3684210526315805
Premier League (England),2020/21,Man City,19,2.263157894736842,0.8947368421052632,17.263157894736842,6.315789473684211,1.1578947368421053,19,2.1052631578947367,0.7894736842105263,14.526315789473685,5.2105263157894735,1.263157894736842,0.1578947368421053,2.7368421052631575
Premier League (England),2020/21,Man United,19,2.0,1.4736842105263157,14.473684210526315,5.631578947368421,1.894736842105263,19,1.8421052631578947,0.8421052631578947,12.947368421052632,5.526315789473684,1.4736842105263157,0.1578947368421053,1.5263157894736832
Premier League (England),2020/21,Newcastle,19,1.368421052631579,1.736842105263158,12.210526315789474,4.157894736842105,1.6842105263157894,19,1.0526315789473684,1.5263157894736843,8.68421052631579,3.3157894736842106,1.5263157894736843,0.3157894736842106,3.526315789473685
Premier League (England),2020/21,Sheffield United,19,0.631578947368421,1.4210526315789473,9.736842105263158,3.1052631578947367,1.6842105263157894,19,0.42105263157894735,1.894736842105263,7.368421052631579,2.1052631578947367,2.1578947368421053,0.21052631578947367,2.3684210526315788
Premier League (England),2020/21,Southampton,19,1.4736842105263157,1.3157894736842106,12.0,4.947368421052632,1.2105263157894737,19,1.0,2.263157894736842,10.263157894736842,3.789473684210526,1.5263157894736843,0.4736842105263157,1.7368421052631575
Premier League (England),2020/21,Tottenham,19,1.8421052631578947,1.0526315789473684,12.31578947368421,5.421052631578948,1.263157894736842,19,1.736842105263158,1.3157894736842106,11.052631578947368,3.8421052631578947,1.5263157894736843,0.10526315789473673,1.2631578947368425
Premier League (England),2020/21,West Brom,19,0.7894736842105263,2.0526315789473686,9.157894736842104,3.1052631578947367,1.368421052631579,19,1.0526315789473684,1.9473684210526316,8.736842105263158,2.789473684210526,1.3157894736842106,-0.26315789473684204,0.4210526315789469
Premier League (England),2020/21,West Ham,19,1.6842105263157894,1.1578947368421053,11.578947368421053,4.2631578947368425,1.263157894736842,19,1.5789473684210527,1.3157894736842106,13.052631578947368,4.421052631578948,1.263157894736842,0.10526315789473673,-1.473684210526315
Premier League (England),2020/21,Wolves,19,1.105263157894737,1.3157894736842106,14.210526315789474,4.684210526315789,1.631578947368421,19,0.7894736842105263,1.4210526315789473,10.105263157894736,3.4210526315789473,1.1578947368421053,0.3157894736842106,4.105263157894738
Premier League (England),2021/22,Arsenal,19,1.8421052631578947,0.8947368421052632,18.263157894736842,6.105263157894737,1.631578947368421,19,1.368421052631579,1.631578947368421,12.68421052631579,4.2631578947368425,1.5263157894736843,0.4736842105263157,5.578947368421053
Premier League (England),2021/22,Aston Villa,19,1.5263157894736843,1.5263157894736843,12.368421052631579,4.526315789473684,1.631578947368421,19,1.2105263157894737,1.3157894736842106,11.526315789473685,4.0,2.4210526315789473,0.3157894736842106,0.8421052631578938
Premier League (England),2021/22,Brentford,19,1.1578947368421053,1.105263157894737,12.263157894736842,4.052631578947368,1.5263157894736843,19,1.368421052631579,1.8421052631578947,11.0,4.052631578947368,1.6842105263157894,-0.21052631578947367,1.2631578947368425
Premier League (England),2021/22,Brighton,19,1.0,1.2105263157894737,14.736842105263158,3.526315789473684,1.6842105263157894,19,1.2105263157894737,1.105263157894737,11.052631578947368,4.473684210526316,2.0526315789473686,-0.21052631578947367,3.6842105263157894
Premier League (England),2021/22,Burnley,19,0.9473684210526315,1.3157894736842106,12.052631578947368,3.8421052631578947,1.7894736842105263,19,0.8421052631578947,1.4736842105263157,9.368421052631579,2.736842105263158,1.7894736842105263,0.10526315789473684,2.6842105263157894
Premier League (England),2021/22,Chelsea,19,1.9473684210526316,1.1578947368421053,17.157894736842106,6.052631578947368,1.6842105263157894,19,2.0526315789473686,0.5789473684210527,14.0,5.052631578947368,1.631578947368421,-0.10526315789473695,3.157894736842106
Premier League (England),2021/22,Crystal Palace,19,1.4210526315789473,0.8947368421052632,12.157894736842104,4.2631578947368425,1.7894736842105263,19,1.2105263157894737,1.5263157894736843,9.526315789473685,3.473684210526316,1.736842105263158,0.21052631578947367,2.6315789473684195
Premier League (England),2021/22,Everton,19,1.4210526315789473,1.3157894736842106,11.947368421052632,4.0,2.1578947368421053,19,0.8421052631578947,2.1578947368421053,11.105263157894736,3.263157894736842,1.8421052631578947,0.5789473684210527,0.8421052631578956
Premier League (England),2021/22,Leeds,19,1.0,2.0,13.894736842105264,3.9473684210526314,2.789473684210526,19,1.2105263157894737,2.1578947368421053,11.631578947368421,4.157894736842105,2.473684210526316,-0.21052631578947367,2.2631578947368425
Premier League (England),2021/22,Leicester,19,1.7894736842105263,1.2105263157894737,12.473684210526315,4.947368421052632,1.1578947368421053,19,1.4736842105263157,1.894736842105263,10.421052631578947,3.9473684210526314,1.6842105263157894,0.3157894736842106,2.052631578947368
Premier League (England),2021/22,Liverpool,19,2.5789473684210527,0.47368421052631576,21.263157894736842,7.157894736842105,1.2105263157894737,19,2.3684210526315788,0.8947368421052632,17.157894736842106,6.315789473684211,1.4210526315789473,0.2105263157894739,4.105263157894736
Premier League (England),2021/22,Man City,19,3.0526315789473686,0.7894736842105263,19.0,7.0,0.8421052631578947,19,2.1578947368421053,0.5789473684210527,18.63157894736842,6.368421052631579,1.368421052631579,0.8947368421052633,0.36842105263157876
Premier League (England),2021/22,Man United,19,1.6842105263157894,1.1578947368421053,14.68421052631579,5.2631578947368425,1.631578947368421,19,1.3157894736842106,1.8421052631578947,12.052631578947368,4.578947368421052,2.3157894736842106,0.36842105263157876,2.6315789473684212
Premier League (England),2021/22,Newcastle,19,1.368421052631579,1.4210526315789473,12.578947368421053,4.052631578947368,1.7894736842105263,19,0.9473684210526315,1.8421052631578947,11.0,3.736842105263158,2.3684210526315788,0.42105263157894746,1.578947368421053
Premier League (England),2021/22,Norwich,19,0.631578947368421,2.263157894736842,10.68421052631579,3.3157894736842106,1.5263157894736843,19,0.5789473684210527,2.1578947368421053,9.0,2.4210526315789473,1.368421052631579,0.05263157894736836,1.6842105263157894
Premier League (England),2021/22,Southampton,19,1.2105263157894737,1.263157894736842,12.421052631578947,4.578947368421052,1.631578947368421,19,1.0526315789473684,2.263157894736842,12.947368421052632,4.368421052631579,1.6842105263157894,0.1578947368421053,-0.526315789473685
Premier League (England),2021/22,Tottenham,19,2.0,1.0,13.68421052631579,5.105263157894737,1.7894736842105263,19,1.631578947368421,1.105263157894737,12.157894736842104,5.315789473684211,1.736842105263158,0.368421052631579,1.526315789473685
Premier League (England),2021/22,Watford,19,0.8947368421052632,2.4210526315789473,11.368421052631579,3.6315789473684212,1.736842105263158,19,0.8947368421052632,1.631578947368421,9.473684210526315,3.0526315789473686,1.263157894736842,0.0,1.8947368421052637
Premier League (England),2021/22,West Ham,19,1.736842105263158,1.368421052631579,12.210526315789474,4.473684210526316,1.4210526315789473,19,1.4210526315789473,1.3157894736842106,10.578947368421053,3.8421052631578947,1.0526315789473684,0.3157894736842106,1.6315789473684212
Premier League (England),2021/22,Wolves,19,1.0526315789473684,1.3157894736842106,11.736842105263158,3.736842105263158,1.631578947368421,19,0.9473684210526315,0.9473684210526315,9.421052631578947,3.4210526315789473,1.4736842105263157,0.10526315789473684,2.3157894736842106
Premier League (England),2022/23,Arsenal,19,2.789473684210526,1.3157894736842106,18.63157894736842,6.473684210526316,0.8947368421052632,19,1.8421052631578947,0.9473684210526315,12.578947368421053,4.2631578947368425,1.7894736842105263,0.9473684210526314,6.052631578947368
Premier League (England),2022/23,Aston Villa,19,1.736842105263158,1.105263157894737,11.894736842105264,4.631578947368421,1.9473684210526316,19,0.9473684210526315,1.3157894736842106,10.789473684210526,3.3157894736842106,2.263157894736842,0.7894736842105264,1.105263157894738
Premier League (England),2022/23,Bournemouth,19,1.0526315789473684,1.4736842105263157,10.421052631578947,3.789473684210526,1.5789473684210527,19,0.8947368421052632,2.263157894736842,8.263157894736842,3.210526315789474,2.0,0.1578947368421052,2.1578947368421044
Premier League (England),2022/23,Brentford,19,1.8421052631578947,0.9473684210526315,11.947368421052632,5.2105263157894735,1.4736842105263157,19,1.2105263157894737,1.4736842105263157,8.947368421052632,3.3157894736842106,1.4210526315789473,0.631578947368421,3.0
Premier League (England),2022/23,Brighton,19,1.9473684210526316,1.105263157894737,18.473684210526315,7.052631578947368,1.6842105263157894,19,1.8421052631578947,1.6842105263157894,13.736842105263158,5.105263157894737,1.4210526315789473,0.10526315789473695,4.7368421052631575
Premier League (England),2022/23,Chelsea,19,1.0526315789473684,1.0,13.68421052631579,4.052631578947368,2.0,19,0.9473684210526315,1.4736842105263157,11.789473684210526,4.2631578947368425,2.0526315789473686,0.10526315789473684,1.8947368421052637
Premier League (England),2022/23,Crystal Palace,19,1.105263157894737,1.2105263157894737,12.263157894736842,3.526315789473684,1.736842105263158,19,1.0,1.368421052631579,10.105263157894736,3.6315789473684212,2.3684210526315788,0.10526315789473695,2.157894736842106
Premier League (England),2022/23,Everton,19,0.8421052631578947,1.4210526315789473,12.210526315789474,4.684210526315789,1.9473684210526316,19,0.9473684210526315,1.5789473684210527,10.368421052631579,3.3157894736842106,2.210526315789474,-0.10526315789473684,1.8421052631578956
Premier League (England),2022/23,Fulham,19,1.631578947368421,1.5263157894736843,12.578947368421053,4.2631578947368425,1.4210526315789473,19,1.263157894736842,1.263157894736842,10.0,3.5789473684210527,2.789473684210526,0.368421052631579,2.578947368421053
Premier League (England),2022/23,Leeds,19,1.368421052631579,1.9473684210526316,13.421052631578947,4.2105263157894735,2.0,19,1.1578947368421053,2.1578947368421053,11.052631578947368,3.4210526315789473,2.4210526315789473,0.21052631578947367,2.3684210526315788
Premier League (England),2022/23,Leicester,19,1.2105263157894737,1.4210526315789473,11.105263157894736,4.2105263157894735,1.4210526315789473,19,1.4736842105263157,2.1578947368421053,10.842105263157896,3.789473684210526,1.631578947368421,-0.26315789473684204,0.2631578947368407
Premier League (England),2022/23,Liverpool,19,2.4210526315789473,0.8947368421052632,17.263157894736842,5.894736842105263,1.4736842105263157,19,1.5263157894736843,1.5789473684210527,14.578947368421053,5.2631578947368425,1.5263157894736843,0.894736842105263,2.6842105263157894
Premier League (England),2022/23,Man City,19,3.1578947368421053,0.8947368421052632,16.68421052631579,6.2105263157894735,1.0,19,1.7894736842105263,0.8421052631578947,15.052631578947368,5.315789473684211,1.263157894736842,1.368421052631579,1.631578947368423
Premier League (England),2022/23,Man United,19,1.894736842105263,0.5263157894736842,18.0,6.2105263157894735,1.8421052631578947,19,1.1578947368421053,1.736842105263158,13.157894736842104,5.052631578947368,2.263157894736842,0.7368421052631577,4.842105263157896
Premier League (England),2022/23,Newcastle,19,1.894736842105263,0.7368421052631579,18.05263157894737,5.7894736842105265,1.5263157894736843,19,1.6842105263157894,1.0,12.0,4.578947368421052,1.4736842105263157,0.21052631578947367,6.05263157894737
Premier League (England),2022/23,Nott'm Forest,19,1.4210526315789473,1.263157894736842,10.210526315789474,3.6842105263157894,2.5789473684210527,19,0.5789473684210527,2.3157894736842106,9.157894736842104,2.526315789473684,1.8421052631578947,0.8421052631578947,1.05263157894737
Premier League (England),2022/23,Southampton,19,1.0,1.9473684210526316,12.0,4.2105263157894735,1.368421052631579,19,0.8947368421052632,1.894736842105263,9.947368421052632,3.263157894736842,2.473684210526316,0.10526315789473684,2.052631578947368
Premier League (England),2022/23,Tottenham,19,1.9473684210526316,1.3157894736842106,15.210526315789474,6.052631578947368,2.1578947368421053,19,1.736842105263158,2.0,12.157894736842104,4.473684210526316,1.7894736842105263,0.21052631578947367,3.05263157894737
Premier League (England),2022/23,West Ham,19,1.368421052631579,1.263157894736842,13.842105263157896,4.052631578947368,1.0,19,0.8421052631578947,1.631578947368421,11.105263157894736,3.5789473684210527,1.3157894736842106,0.5263157894736843,2.7368421052631593
Premier League (England),2022/23,Wolves,19,1.0,1.0526315789473684,11.157894736842104,3.9473684210526314,2.3684210526315788,19,0.631578947368421,2.0,10.578947368421053,2.6315789473684212,2.0,0.368421052631579,0.5789473684210513
Premier League (England),2023/24,Arsenal,19,2.526315789473684,0.8421052631578947,18.94736842105263,6.684210526315789,1.7894736842105263,19,2.263157894736842,0.6842105263157895,15.631578947368421,5.2631578947368425,1.4736842105263157,0.26315789473684204,3.315789473684209
Premier League (England),2023/24,Aston Villa,19,2.526315789473684,1.4736842105263157,14.736842105263158,5.526315789473684,2.526315789473684,19,1.4736842105263157,1.736842105263158,12.31578947368421,4.473684210526316,2.4210526315789473,1.0526315789473684,2.421052631578947
Premier League (England),2023/24,Bournemouth,19,1.4210526315789473,1.4736842105263157,14.473684210526315,5.157894736842105,1.894736842105263,19,1.4210526315789473,2.0526315789473686,14.052631578947368,4.578947368421052,2.3157894736842106,0.0,0.4210526315789469
Premier League (England),2023/24,Brentford,19,1.5263157894736843,1.7894736842105263,13.68421052631579,4.473684210526316,1.9473684210526316,19,1.4210526315789473,1.631578947368421,11.210526315789474,4.578947368421052,2.6842105263157894,0.10526315789473695,2.473684210526315
Premier League (England),2023/24,Brighton,19,1.5789473684210527,1.4210526315789473,15.947368421052632,5.947368421052632,1.894736842105263,19,1.3157894736842106,1.8421052631578947,13.631578947368421,5.0,2.789473684210526,0.26315789473684204,2.3157894736842106
Premier League (England),2023/24,Burnley,19,1.0,2.263157894736842,13.368421052631579,3.8421052631578947,1.4210526315789473,19,1.1578947368421053,1.8421052631578947,9.421052631578947,3.6315789473684212,2.3157894736842106,-0.1578947368421053,3.947368421052632
Premier League (England),2023/24,Chelsea,19,2.3157894736842106,1.368421052631579,16.473684210526315,6.526315789473684,2.4210526315789473,19,1.736842105263158,1.9473684210526316,12.368421052631579,4.7894736842105265,3.0526315789473686,0.5789473684210527,4.105263157894736
Premier League (England),2023/24,Crystal Palace,19,1.9473684210526316,1.368421052631579,13.578947368421053,5.052631578947368,1.9473684210526316,19,1.0526315789473684,1.6842105263157894,10.421052631578947,3.8421052631578947,1.6842105263157894,0.8947368421052633,3.157894736842106
Premier League (England),2023/24,Everton,19,1.1578947368421053,0.9473684210526315,15.473684210526315,5.0,1.736842105263158,19,0.9473684210526315,1.736842105263158,11.210526315789474,3.526315789473684,2.4210526315789473,0.21052631578947378,4.263157894736841
Premier League (England),2023/24,Fulham,19,1.631578947368421,1.263157894736842,13.473684210526315,4.473684210526316,1.894736842105263,19,1.263157894736842,1.9473684210526316,12.842105263157896,4.894736842105263,2.1578947368421053,0.368421052631579,0.6315789473684195
Premier League (England),2023/24,Liverpool,19,2.5789473684210527,0.8947368421052632,25.157894736842106,9.210526315789474,1.368421052631579,19,1.9473684210526316,1.263157894736842,16.42105263157895,5.368421052631579,2.0526315789473686,0.631578947368421,8.736842105263158
Premier League (England),2023/24,Luton,19,1.4736842105263157,1.9473684210526316,13.894736842105264,4.421052631578948,1.9473684210526316,19,1.263157894736842,2.526315789473684,8.789473684210526,3.0,1.7894736842105263,0.21052631578947367,5.105263157894738
Premier League (England),2023/24,Man City,19,2.6842105263157894,0.8421052631578947,19.157894736842106,6.7894736842105265,1.1578947368421053,19,2.3684210526315788,0.9473684210526315,17.157894736842106,7.842105263157895,1.5263157894736843,0.3157894736842106,2.0
Premier League (England),2023/24,Man United,19,1.631578947368421,1.4736842105263157,16.789473684210527,6.105263157894737,1.9473684210526316,19,1.368421052631579,1.5789473684210527,12.157894736842104,4.052631578947368,2.263157894736842,0.26315789473684204,4.631578947368423
Premier League (England),2023/24,Newcastle,19,2.5789473684210527,1.1578947368421053,17.36842105263158,6.473684210526316,1.6842105263157894,19,1.894736842105263,2.1052631578947367,11.631578947368421,4.7368421052631575,2.3157894736842106,0.6842105263157896,5.7368421052631575
Premier League (England),2023/24,Nott'm Forest,19,1.4210526315789473,1.5789473684210527,13.368421052631579,3.9473684210526314,1.4736842105263157,19,1.1578947368421053,1.9473684210526316,10.368421052631579,3.8421052631578947,2.473684210526316,0.26315789473684204,3.0
Premier League (England),2023/24,Sheffield United,19,1.0,3.0,10.842105263157896,3.789473684210526,2.526315789473684,19,0.8421052631578947,2.473684210526316,8.526315789473685,3.0,2.3684210526315788,0.1578947368421053,2.3157894736842106
Premier League (England),2023/24,Tottenham,19,2.0,1.4210526315789473,17.05263157894737,6.368421052631579,2.1052631578947367,19,1.894736842105263,1.7894736842105263,13.578947368421053,4.894736842105263,2.526315789473684,0.10526315789473695,3.473684210526317
Premier League (England),2023/24,West Ham,19,1.631578947368421,1.4736842105263157,12.526315789473685,4.526315789473684,1.9473684210526316,19,1.5263157894736843,2.4210526315789473,11.157894736842104,3.3684210526315788,2.0526315789473686,0.10526315789473673,1.3684210526315805
Premier League (England),2023/24,Wolves,19,1.368421052631579,1.5789473684210527,11.736842105263158,4.421052631578948,2.5789473684210527,19,1.263157894736842,1.8421052631578947,10.736842105263158,3.9473684210526314,2.5789473684210527,0.10526315789473695,1.0
Premier League (England),2024/25,Arsenal,19,1.8421052631578947,0.8947368421052632,16.105263157894736,5.526315789473684,1.631578947368421,19,1.7894736842105263,0.8947368421052632,12.68421052631579,4.368421052631579,1.736842105263158,0.05263157894736836,3.421052631578947
Premier League (England),2024/25,Aston Villa,19,1.7894736842105263,1.0526315789473684,15.421052631578947,5.578947368421052,1.6842105263157894,19,1.263157894736842,1.631578947368421,10.052631578947368,3.3684210526315788,2.1052631578947367,0.5263157894736843,5.368421052631579
Premier League (England),2024/25,Bournemouth,19,1.2105263157894737,0.8421052631578947,16.263157894736842,5.473684210526316,2.263157894736842,19,1.8421052631578947,1.5789473684210527,14.263157894736842,5.157894736842105,2.8421052631578947,-0.631578947368421,2.0
Premier League (England),2024/25,Brentford,19,2.1052631578947367,1.8421052631578947,12.947368421052632,5.526315789473684,1.631578947368421,19,1.368421052631579,1.1578947368421053,10.263157894736842,4.157894736842105,1.631578947368421,0.7368421052631577,2.6842105263157894
Premier League (England),2024/25,Brighton,19,1.5789473684210527,1.368421052631579,15.263157894736842,5.105263157894737,1.7894736842105263,19,1.894736842105263,1.736842105263158,12.789473684210526,4.947368421052632,2.0,-0.3157894736842104,2.473684210526317
Premier League (England),2024/25,Chelsea,19,1.8421052631578947,0.9473684210526315,17.789473684210527,6.684210526315789,2.526315789473684,19,1.5263157894736843,1.3157894736842106,13.526315789473685,4.7894736842105265,2.6315789473684212,0.3157894736842104,4.2631578947368425
Premier League (England),2024/25,Crystal Palace,19,1.263157894736842,1.368421052631579,14.31578947368421,4.842105263157895,1.9473684210526316,19,1.4210526315789473,1.3157894736842106,12.842105263157896,4.947368421052632,2.0,-0.1578947368421053,1.473684210526315
Premier League (England),2024/25,Everton,19,1.368421052631579,1.2105263157894737,11.157894736842104,4.105263157894737,2.1052631578947367,19,0.8421052631578947,1.105263157894737,10.157894736842104,3.473684210526316,2.1052631578947367,0.5263157894736843,1.0
Premier League (England),2024/25,Fulham,19,1.4210526315789473,1.5789473684210527,13.789473684210526,4.894736842105263,1.736842105263158,19,1.4210526315789473,1.263157894736842,13.631578947368421,4.2105263157894735,2.473684210526316,0.0,0.15789473684210442
Premier League (England),2024/25,Ipswich,19,0.7368421052631579,2.3157894736842106,10.947368421052632,3.5789473684210527,1.7894736842105263,19,1.1578947368421053,2.0,8.842105263157896,3.1052631578947367,2.6315789473684212,-0.42105263157894746,2.1052631578947363
Premier League (England),2024/25,Leicester,19,0.7894736842105263,1.7894736842105263,9.263157894736842,2.8947368421052633,2.210526315789474,19,0.9473684210526315,2.4210526315789473,8.368421052631579,2.9473684210526314,2.3684210526315788,-0.1578947368421052,0.8947368421052637
Premier League (England),2024/25,Liverpool,19,2.210526315789474,0.8421052631578947,16.526315789473685,5.894736842105263,1.631578947368421,19,2.3157894736842106,1.3157894736842106,17.57894736842105,6.2631578947368425,1.736842105263158,-0.10526315789473673,-1.0526315789473664
Premier League (England),2024/25,Man City,19,2.263157894736842,1.2105263157894737,16.736842105263158,5.947368421052632,1.736842105263158,19,1.5263157894736843,1.105263157894737,15.210526315789474,5.473684210526316,1.263157894736842,0.7368421052631577,1.5263157894736832
Premier League (England),2024/25,Man United,19,1.2105263157894737,1.4736842105263157,14.789473684210526,4.7368421052631575,2.1578947368421053,19,1.105263157894737,1.368421052631579,12.947368421052632,4.421052631578948,2.210526315789474,0.10526315789473673,1.8421052631578938
Premier League (England),2024/25,Newcastle,19,2.1052631578947367,1.0526315789473684,15.578947368421053,5.157894736842105,2.0526315789473686,19,1.4736842105263157,1.4210526315789473,12.0,4.0,1.5263157894736843,0.631578947368421,3.578947368421053
Premier League (England),2024/25,Nott'm Forest,19,1.368421052631579,0.8421052631578947,12.31578947368421,4.421052631578948,1.5789473684210527,19,1.6842105263157894,1.5789473684210527,12.052631578947368,4.315789473684211,2.8947368421052633,-0.3157894736842104,0.2631578947368425
Premier League (England),2024/25,Southampton,19,0.6842105263157895,2.473684210526316,8.578947368421053,3.0,1.9473684210526316,19,0.6842105263157895,2.0526315789473686,9.473684210526315,2.8421052631578947,2.736842105263158,0.0,-0.8947368421052619
Premier League (England),2024/25,Tottenham,19,1.8421052631578947,1.8421052631578947,14.157894736842104,5.2631578947368425,1.631578947368421,19,1.5263157894736843,1.5789473684210527,12.0,4.473684210526316,2.0526315789473686,0.3157894736842104,2.1578947368421044
Premier League (England),2024/25,West Ham,19,1.2105263157894737,1.7894736842105263,11.736842105263158,3.736842105263158,2.263157894736842,19,1.2105263157894737,1.4736842105263157,13.31578947368421,3.9473684210526314,1.8421052631578947,0.0,-1.578947368421053
Premier League (England),2024/25,Wolves,19,1.4210526315789473,1.6842105263157894,11.368421052631579,4.315789473684211,1.7894736842105263,19,1.4210526315789473,1.9473684210526316,11.31578947368421,4.105263157894737,2.1052631578947367,0.0,0.05263157894736814
Premier League (England),2025/26,Arsenal,19,2.1578947368421053,0.5789473684210527,16.05263157894737,5.0,0.8947368421052632,19,1.5789473684210527,0.8421052631578947,13.0,4.7894736842105265,1.7894736842105263,0.5789473684210527,3.05263157894737
Premier League (England),2025/26,Aston Villa,19,1.6842105263157894,1.1578947368421053,13.736842105263158,4.842105263157895,1.3157894736842106,19,1.263157894736842,1.4210526315789473,11.68421052631579,4.105263157894737,1.736842105263158,0.42105263157894735,2.052631578947368
Premier League (England),2025/26,Bournemouth,19,1.5263157894736843,1.0526315789473684,14.473684210526315,4.526315789473684,2.1578947368421053,19,1.5263157894736843,1.7894736842105263,13.157894736842104,4.842105263157895,2.473684210526316,0.0,1.3157894736842106
Premier League (England),2025/26,Brentford,19,1.736842105263158,1.105263157894737,12.0,4.105263157894737,1.4736842105263157,19,1.1578947368421053,1.631578947368421,9.31578947368421,3.6315789473684212,2.1578947368421053,0.5789473684210527,2.6842105263157894
Premier League (England),2025/26,Brighton,19,1.5789473684210527,1.0526315789473684,13.789473684210526,4.947368421052632,1.7894736842105263,19,1.1578947368421053,1.368421052631579,12.263157894736842,4.315789473684211,2.736842105263158,0.42105263157894735,1.5263157894736832
Premier League (England),2025/26,Burnley,19,0.9473684210526315,1.5263157894736843,10.842105263157896,3.3157894736842106,1.263157894736842,19,1.0526315789473684,2.4210526315789473,7.842105263157895,2.8947368421052633,2.1052631578947367,-0.10526315789473684,3.000000000000001
Premier League (England),2025/26,Chelsea,19,1.368421052631579,1.3157894736842106,15.157894736842104,4.2105263157894735,2.210526315789474,19,1.6842105263157894,1.4210526315789473,11.736842105263158,4.421052631578948,2.473684210526316,-0.3157894736842104,3.421052631578947
Premier League (England),2025/26,Crystal Palace,19,1.0,1.2105263157894737,13.31578947368421,3.8947368421052633,1.5789473684210527,19,1.1578947368421053,1.4736842105263157,9.947368421052632,3.526315789473684,2.3157894736842106,-0.1578947368421053,3.3684210526315788
Premier League (England),2025/26,Everton,19,1.368421052631579,1.4210526315789473,12.210526315789474,4.315789473684211,1.8421052631578947,19,1.105263157894737,1.2105263157894737,9.894736842105264,3.263157894736842,2.0,0.26315789473684204,2.3157894736842106
Premier League (England),2025/26,Fulham,19,1.5789473684210527,1.0526315789473684,14.157894736842104,4.0,1.894736842105263,19,0.8947368421052632,1.631578947368421,11.157894736842104,3.263157894736842,2.0526315789473686,0.6842105263157895,3.0
Premier League (England),2025/26,Leeds,19,1.5263157894736843,1.105263157894737,14.31578947368421,4.368421052631579,1.631578947368421,19,1.0526315789473684,1.8421052631578947,10.842105263157896,3.5789473684210527,1.631578947368421,0.47368421052631593,3.473684210526315
Premier League (England),2025/26,Liverpool,19,1.7894736842105263,1.0526315789473684,17.210526315789473,5.157894736842105,1.1578947368421053,19,1.5263157894736843,1.736842105263158,13.736842105263158,4.052631578947368,1.8421052631578947,0.26315789473684204,3.473684210526315
Premier League (England),2025/26,Man City,19,2.3684210526315788,0.7368421052631579,16.42105263157895,6.105263157894737,1.5263157894736843,19,1.6842105263157894,1.105263157894737,14.894736842105264,4.684210526315789,2.0,0.6842105263157894,1.526315789473685
Premier League (England),2025/26,Man United,19,2.0526315789473686,1.263157894736842,17.894736842105264,6.842105263157895,1.6842105263157894,19,1.5789473684210527,1.368421052631579,13.473684210526315,4.526315789473684,1.5789473684210527,0.47368421052631593,4.421052631578949
Premier League (England),2025/26,Newcastle,19,1.894736842105263,1.5789473684210527,14.31578947368421,5.526315789473684,1.5263157894736843,19,0.8947368421052632,1.3157894736842106,11.578947368421053,3.736842105263158,1.7894736842105263,0.9999999999999999,2.7368421052631575
Premier League (England),2025/26,Nott'm Forest,19,1.0526315789473684,1.2105263157894737,15.0,4.0,1.263157894736842,19,1.4736842105263157,1.4736842105263157,10.052631578947368,4.2105263157894735,1.894736842105263,-0.42105263157894735,4.947368421052632
Premier League (England),2025/26,Sunderland,19,1.3157894736842106,1.0526315789473684,12.0,3.4210526315789473,1.9473684210526316,19,0.8947368421052632,1.4736842105263157,8.789473684210526,3.210526315789474,2.263157894736842,0.42105263157894746,3.2105263157894743
Premier League (England),2025/26,Tottenham,19,1.1578947368421053,1.631578947368421,12.68421052631579,4.052631578947368,2.8947368421052633,19,1.368421052631579,1.368421052631579,10.263157894736842,3.8421052631578947,2.4210526315789473,-0.21052631578947367,2.421052631578947
Premier League (England),2025/26,West Ham,19,1.4210526315789473,1.5789473684210527,11.052631578947368,3.8421052631578947,1.5789473684210527,19,1.0,1.8421052631578947,10.210526315789474,3.6315789473684212,1.9473684210526316,0.42105263157894735,0.8421052631578938
Premier League (England),2025/26,Wolves,19,1.0,1.7894736842105263,10.157894736842104,3.5789473684210527,1.6842105263157894,19,0.42105263157894735,1.7894736842105263,9.31578947368421,2.8947368421052633,2.4210526315789473,0.5789473684210527,0.8421052631578938
Serie A (Italy),2005/06,Ascoli,19,1.4210526315789473,1.3157894736842106,9.789473684210526,4.947368421052632,2.210526315789474,19,0.8421052631578947,1.4736842105263157,8.736842105263158,4.157894736842105,1.9473684210526316,0.5789473684210527,1.0526315789473681
Serie A (Italy),2005/06,Cagliari,19,1.2105263157894737,0.8947368421052632,9.210526315789474,4.2105263157894735,2.1578947368421053,18,0.9444444444444444,2.0,7.555555555555555,3.8333333333333335,2.8333333333333335,0.26608187134502925,1.654970760233919
Serie A (Italy),2005/06,Chievo,19,1.736842105263158,1.0,9.842105263157896,4.842105263157895,1.5789473684210527,17,1.1176470588235294,1.5294117647058822,7.235294117647059,3.4705882352941178,2.235294117647059,0.6191950464396285,2.6068111455108367
Serie A (Italy),2005/06,Empoli,19,1.368421052631579,1.368421052631579,9.473684210526315,4.526315789473684,1.5789473684210527,17,1.1764705882352942,1.9411764705882353,7.0,3.2941176470588234,1.588235294117647,0.19195046439628483,2.473684210526315
Serie A (Italy),2005/06,Fiorentina,17,2.3529411764705883,1.0588235294117647,12.647058823529411,6.588235294117647,1.5294117647058822,19,1.263157894736842,1.105263157894737,10.368421052631579,4.368421052631579,2.0526315789473686,1.0897832817337463,2.2786377708978325
Serie A (Italy),2005/06,Inter,19,2.473684210526316,0.6842105263157895,15.052631578947368,8.263157894736842,1.368421052631579,19,1.105263157894737,0.8947368421052632,13.157894736842104,5.947368421052632,2.4210526315789473,1.368421052631579,1.8947368421052637
Serie A (Italy),2005/06,Juventus,19,1.736842105263158,0.47368421052631576,13.842105263157896,6.842105263157895,1.4210526315789473,17,2.0588235294117645,0.7647058823529411,10.470588235294118,5.294117647058823,1.7647058823529411,-0.32198142414860653,3.371517027863778
Serie A (Italy),2005/06,Lazio,16,1.75,0.8125,9.1875,4.5625,1.5,19,1.2105263157894737,1.5263157894736843,7.526315789473684,3.8947368421052633,2.263157894736842,0.5394736842105263,1.661184210526316
Serie A (Italy),2005/06,Lecce,18,0.7777777777777778,1.1111111111111112,12.333333333333334,5.722222222222222,2.0,18,0.7222222222222222,1.8333333333333333,9.555555555555555,4.111111111111111,2.8333333333333335,0.05555555555555558,2.7777777777777786
Serie A (Italy),2005/06,Livorno,19,1.1578947368421053,0.8947368421052632,9.631578947368421,4.052631578947368,1.736842105263158,18,0.7222222222222222,1.5,6.722222222222222,3.2777777777777777,1.6111111111111112,0.4356725146198831,2.909356725146199
Serie A (Italy),2005/06,Messina,18,1.0,1.3333333333333333,11.0,5.611111111111111,2.9444444444444446,18,0.7777777777777778,1.8888888888888888,9.222222222222221,4.333333333333333,2.5,0.2222222222222222,1.7777777777777786
Serie A (Italy),2005/06,Milan,19,2.6315789473684212,0.6842105263157895,14.421052631578947,7.2105263157894735,1.1578947368421053,19,1.8421052631578947,0.9473684210526315,11.473684210526315,5.7368421052631575,1.6842105263157894,0.7894736842105265,2.947368421052632
Serie A (Italy),2005/06,Palermo,18,1.6111111111111112,1.3333333333333333,11.833333333333334,6.0,2.0555555555555554,19,1.0,1.368421052631579,9.263157894736842,4.421052631578948,2.1052631578947367,0.6111111111111112,2.5701754385964914
Serie A (Italy),2005/06,Parma,19,1.3157894736842106,1.1578947368421053,8.789473684210526,4.684210526315789,2.5789473684210527,18,1.1111111111111112,2.0,7.444444444444445,3.611111111111111,2.2222222222222223,0.20467836257309946,1.345029239766081
Serie A (Italy),2005/06,Reggina,18,1.2777777777777777,1.5,8.944444444444445,4.777777777777778,2.2222222222222223,19,0.7368421052631579,1.9473684210526316,7.947368421052632,3.210526315789474,2.3157894736842106,0.5409356725146198,0.9970760233918128
Serie A (Italy),2005/06,Roma,19,1.8421052631578947,1.105263157894737,12.526315789473685,6.2631578947368425,1.5789473684210527,18,1.8333333333333333,1.0555555555555556,11.555555555555555,6.0,2.3333333333333335,0.00877192982456143,0.9707602339181296
Serie A (Italy),2005/06,Sampdoria,18,1.5,1.6111111111111112,10.777777777777779,5.888888888888889,2.0,19,0.9473684210526315,1.1578947368421053,9.31578947368421,4.315789473684211,2.6842105263157894,0.5526315789473685,1.461988304093568
Serie A (Italy),2005/06,Siena,18,0.9444444444444444,1.5,10.277777777777779,4.833333333333333,2.5,18,1.2222222222222223,1.6666666666666667,8.666666666666666,4.5,2.388888888888889,-0.2777777777777779,1.6111111111111125
Serie A (Italy),2005/06,Treviso,17,0.5882352941176471,1.4705882352941178,9.647058823529411,4.352941176470588,2.0588235294117645,18,0.6666666666666666,1.6111111111111112,7.5,3.388888888888889,2.2222222222222223,-0.07843137254901955,2.1470588235294112
Serie A (Italy),2005/06,Udinese,18,1.0555555555555556,1.1111111111111112,11.11111111111111,5.055555555555555,2.2222222222222223,19,1.105263157894737,1.6842105263157894,8.157894736842104,4.157894736842105,2.263157894736842,-0.04970760233918137,2.9532163742690063
Serie A (Italy),2006/07,Ascoli,19,1.263157894736842,1.6842105263157894,10.052631578947368,4.578947368421052,3.1052631578947367,19,0.631578947368421,1.8421052631578947,8.526315789473685,3.9473684210526314,2.526315789473684,0.631578947368421,1.5263157894736832
Serie A (Italy),2006/07,Atalanta,19,1.7894736842105263,1.1578947368421053,10.631578947368421,5.7368421052631575,2.1578947368421053,19,1.1578947368421053,1.6842105263157894,10.210526315789474,4.7894736842105265,2.6315789473684212,0.631578947368421,0.4210526315789469
Serie A (Italy),2006/07,Cagliari,19,1.0,1.0,9.894736842105264,4.578947368421052,1.105263157894737,19,0.8421052631578947,1.4210526315789473,8.421052631578947,3.526315789473684,2.0526315789473686,0.1578947368421053,1.4736842105263168
Serie A (Italy),2006/07,Catania,19,1.5263157894736843,1.5263157894736843,9.894736842105264,5.2631578947368425,2.3684210526315788,19,0.8947368421052632,2.0526315789473686,7.578947368421052,3.5789473684210527,2.473684210526316,0.6315789473684211,2.3157894736842115
Serie A (Italy),2006/07,Chievo,19,1.105263157894737,0.9473684210526315,9.631578947368421,4.473684210526316,2.3684210526315788,19,0.8947368421052632,1.5789473684210527,8.31578947368421,3.789473684210526,1.7894736842105263,0.21052631578947378,1.3157894736842106
Serie A (Italy),2006/07,Empoli,19,1.5263157894736843,0.8421052631578947,11.368421052631579,4.631578947368421,1.894736842105263,19,0.6842105263157895,1.4210526315789473,7.684210526315789,3.4210526315789473,1.5789473684210527,0.8421052631578948,3.6842105263157894
Serie A (Italy),2006/07,Fiorentina,19,2.3157894736842106,0.631578947368421,14.473684210526315,7.368421052631579,1.736842105263158,19,0.9473684210526315,1.0,10.789473684210526,5.2631578947368425,2.526315789473684,1.3684210526315792,3.6842105263157894
Serie A (Italy),2006/07,Inter,19,2.210526315789474,1.0,12.68421052631579,6.684210526315789,2.0,19,2.0,0.7894736842105263,11.421052631578947,5.947368421052632,2.3157894736842106,0.2105263157894739,1.2631578947368425
Serie A (Italy),2006/07,Lazio,19,1.3157894736842106,0.47368421052631576,11.631578947368421,6.157894736842105,2.263157894736842,19,1.7894736842105263,1.263157894736842,10.473684210526315,5.368421052631579,2.210526315789474,-0.4736842105263157,1.1578947368421062
Serie A (Italy),2006/07,Livorno,19,1.263157894736842,0.7894736842105263,9.842105263157896,4.526315789473684,1.9473684210526316,19,0.8947368421052632,2.0526315789473686,7.421052631578948,3.6842105263157894,1.9473684210526316,0.36842105263157887,2.421052631578948
Serie A (Italy),2006/07,Messina,19,1.0526315789473684,1.368421052631579,9.157894736842104,4.052631578947368,2.473684210526316,19,0.8947368421052632,2.263157894736842,7.842105263157895,3.3684210526315788,2.8421052631578947,0.1578947368421052,1.3157894736842097
Serie A (Italy),2006/07,Milan,19,1.5789473684210527,0.8947368421052632,15.157894736842104,7.2105263157894735,1.105263157894737,19,1.4210526315789473,1.0,11.368421052631579,4.842105263157895,2.1578947368421053,0.1578947368421053,3.7894736842105257
Serie A (Italy),2006/07,Palermo,19,1.9473684210526316,1.4736842105263157,11.578947368421053,5.473684210526316,2.210526315789474,19,1.105263157894737,1.2105263157894737,9.31578947368421,4.2631578947368425,2.3157894736842106,0.8421052631578947,2.2631578947368425
Serie A (Italy),2006/07,Parma,19,1.3157894736842106,1.263157894736842,11.105263157894736,5.7368421052631575,2.473684210526316,19,0.8421052631578947,1.6842105263157894,9.473684210526315,4.684210526315789,2.526315789473684,0.47368421052631593,1.6315789473684212
Serie A (Italy),2006/07,Reggina,19,1.368421052631579,1.0,9.473684210526315,4.526315789473684,2.6842105263157894,19,1.368421052631579,1.631578947368421,8.368421052631579,4.2105263157894735,2.6842105263157894,0.0,1.1052631578947363
Serie A (Italy),2006/07,Roma,19,2.263157894736842,0.631578947368421,16.789473684210527,8.31578947368421,1.631578947368421,19,1.631578947368421,1.1578947368421053,14.263157894736842,7.578947368421052,2.526315789473684,0.631578947368421,2.526315789473685
Serie A (Italy),2006/07,Sampdoria,19,1.5789473684210527,1.0,13.31578947368421,5.631578947368421,2.3157894736842106,19,0.7368421052631579,1.5263157894736843,7.578947368421052,3.3157894736842106,2.210526315789474,0.8421052631578948,5.736842105263158
Serie A (Italy),2006/07,Siena,19,1.2105263157894737,1.263157894736842,11.421052631578947,5.526315789473684,2.1052631578947367,19,0.631578947368421,1.105263157894737,9.789473684210526,4.368421052631579,2.473684210526316,0.5789473684210527,1.6315789473684212
Serie A (Italy),2006/07,Torino,19,0.7894736842105263,1.1578947368421053,11.421052631578947,4.947368421052632,2.0526315789473686,19,0.631578947368421,1.3157894736842106,8.421052631578947,3.4210526315789473,2.473684210526316,0.1578947368421053,3.0
Serie A (Italy),2006/07,Udinese,19,1.368421052631579,1.105263157894737,12.894736842105264,5.7894736842105265,2.473684210526316,19,1.2105263157894737,1.7894736842105263,9.736842105263158,4.315789473684211,2.0,0.1578947368421053,3.157894736842106
Serie A (Italy),2007/08,Atalanta,19,1.894736842105263,1.4736842105263157,14.368421052631579,5.0,2.5789473684210527,19,0.8421052631578947,1.4736842105263157,11.68421052631579,3.6842105263157894,3.1052631578947367,1.0526315789473684,2.6842105263157894
Serie A (Italy),2007/08,Cagliari,19,1.1578947368421053,1.0526315789473684,13.842105263157896,4.578947368421052,2.0,19,0.9473684210526315,1.894736842105263,12.578947368421053,3.5789473684210527,2.4210526315789473,0.21052631578947378,1.2631578947368425
Serie A (Italy),2007/08,Catania,19,1.105263157894737,0.7368421052631579,13.68421052631579,4.7894736842105265,2.526315789473684,19,0.631578947368421,1.631578947368421,10.31578947368421,2.736842105263158,2.6315789473684212,0.47368421052631593,3.3684210526315788
Serie A (Italy),2007/08,Empoli,19,0.9473684210526315,1.105263157894737,14.052631578947368,4.421052631578948,2.6842105263157894,19,0.5789473684210527,1.631578947368421,12.0,3.263157894736842,2.1578947368421053,0.36842105263157887,2.052631578947368
Serie A (Italy),2007/08,Fiorentina,19,1.8421052631578947,0.9473684210526315,17.36842105263158,5.7894736842105265,1.7894736842105263,19,1.0526315789473684,1.105263157894737,13.894736842105264,3.6315789473684212,2.1052631578947367,0.7894736842105263,3.473684210526315
Serie A (Italy),2007/08,Genoa,19,1.2105263157894737,1.1578947368421053,16.94736842105263,5.368421052631579,2.4210526315789473,19,1.105263157894737,1.5789473684210527,12.0,3.9473684210526314,3.0526315789473686,0.10526315789473673,4.94736842105263
Serie A (Italy),2007/08,Inter,19,2.1578947368421053,0.7368421052631579,14.631578947368421,5.315789473684211,1.5789473684210527,19,1.4736842105263157,0.631578947368421,11.68421052631579,5.157894736842105,1.9473684210526316,0.6842105263157896,2.947368421052632
Serie A (Italy),2007/08,Juventus,19,2.0526315789473686,0.631578947368421,15.842105263157896,5.368421052631579,2.0,19,1.736842105263158,1.3157894736842106,13.052631578947368,3.8947368421052633,2.6315789473684212,0.3157894736842106,2.7894736842105274
Serie A (Italy),2007/08,Lazio,19,1.4736842105263157,1.2105263157894737,15.052631578947368,5.631578947368421,1.9473684210526316,19,1.0,1.4736842105263157,13.210526315789474,4.0,2.6315789473684212,0.4736842105263157,1.8421052631578938
Serie A (Italy),2007/08,Livorno,19,0.9473684210526315,1.4736842105263157,13.368421052631579,4.526315789473684,2.3684210526315788,19,0.8947368421052632,1.6842105263157894,9.421052631578947,2.789473684210526,2.3157894736842106,0.05263157894736836,3.947368421052632
Serie A (Italy),2007/08,Milan,19,1.631578947368421,0.9473684210526315,17.42105263157895,5.894736842105263,1.6842105263157894,19,1.8421052631578947,1.0526315789473684,15.368421052631579,5.473684210526316,2.263157894736842,-0.21052631578947367,2.05263157894737
Serie A (Italy),2007/08,Napoli,19,1.4210526315789473,0.8421052631578947,15.105263157894736,5.894736842105263,2.3157894736842106,19,1.2105263157894737,1.9473684210526316,11.789473684210526,3.5789473684210527,2.8421052631578947,0.21052631578947367,3.3157894736842106
Serie A (Italy),2007/08,Palermo,19,1.3157894736842106,1.105263157894737,16.210526315789473,5.157894736842105,2.526315789473684,19,1.1578947368421053,1.894736842105263,9.631578947368421,3.3684210526315788,2.1578947368421053,0.1578947368421053,6.578947368421051
Serie A (Italy),2007/08,Parma,19,1.4736842105263157,1.368421052631579,15.68421052631579,5.0,2.0526315789473686,19,0.7368421052631579,1.894736842105263,10.631578947368421,2.5789473684210527,3.0,0.7368421052631579,5.052631578947368
Serie A (Italy),2007/08,Reggina,19,1.263157894736842,1.0,11.105263157894736,4.105263157894737,2.210526315789474,19,0.6842105263157895,1.9473684210526316,10.631578947368421,3.210526315789474,2.263157894736842,0.5789473684210525,0.47368421052631504
Serie A (Italy),2007/08,Roma,19,2.263157894736842,1.0526315789473684,19.0,6.2105263157894735,1.736842105263158,19,1.5263157894736843,0.8947368421052632,18.57894736842105,5.631578947368421,2.1578947368421053,0.7368421052631577,0.4210526315789487
Serie A (Italy),2007/08,Sampdoria,19,1.8421052631578947,0.9473684210526315,13.31578947368421,5.157894736842105,2.0526315789473686,19,1.105263157894737,1.4736842105263157,9.31578947368421,2.9473684210526314,3.0526315789473686,0.7368421052631577,4.0
Serie A (Italy),2007/08,Siena,19,1.263157894736842,0.8947368421052632,13.736842105263158,4.368421052631579,1.3157894736842106,19,0.8421052631578947,1.4736842105263157,10.473684210526315,4.0,2.473684210526316,0.42105263157894735,3.2631578947368425
Serie A (Italy),2007/08,Torino,19,1.0,1.0,13.947368421052632,4.2105263157894735,2.473684210526316,19,0.8947368421052632,1.5789473684210527,11.210526315789474,3.0526315789473686,3.210526315789474,0.10526315789473684,2.7368421052631575
Serie A (Italy),2007/08,Udinese,19,1.5789473684210527,1.5263157894736843,16.63157894736842,5.894736842105263,1.6842105263157894,19,0.9473684210526315,1.263157894736842,13.421052631578947,4.0,2.0,0.6315789473684211,3.2105263157894743
Serie A (Italy),2008/09,Atalanta,19,1.4736842105263157,0.8947368421052632,14.631578947368421,5.368421052631579,2.1052631578947367,19,0.8947368421052632,1.631578947368421,12.842105263157896,3.8947368421052633,2.1052631578947367,0.5789473684210525,1.7894736842105257
Serie A (Italy),2008/09,Bologna,19,1.4210526315789473,1.631578947368421,10.263157894736842,3.789473684210526,2.0526315789473686,19,0.8421052631578947,1.631578947368421,10.210526315789474,3.473684210526316,2.3684210526315788,0.5789473684210527,0.05263157894736814
Serie A (Italy),2008/09,Cagliari,19,1.263157894736842,0.631578947368421,11.052631578947368,4.368421052631579,2.0,19,1.3157894736842106,2.0,12.0,4.105263157894737,2.473684210526316,-0.052631578947368585,-0.9473684210526319
Serie A (Italy),2008/09,Catania,19,1.263157894736842,1.1578947368421053,14.842105263157896,4.105263157894737,2.1578947368421053,19,0.8947368421052632,1.5263157894736843,10.947368421052632,3.1052631578947367,2.0,0.36842105263157887,3.8947368421052637
Serie A (Italy),2008/09,Chievo,19,0.7894736842105263,1.2105263157894737,13.210526315789474,4.578947368421052,2.789473684210526,19,1.0526315789473684,1.368421052631579,9.68421052631579,3.526315789473684,2.1578947368421053,-0.26315789473684204,3.526315789473685
Serie A (Italy),2008/09,Fiorentina,19,1.5263157894736843,0.7368421052631579,18.63157894736842,5.2105263157894735,2.0,19,1.263157894736842,1.263157894736842,16.63157894736842,5.631578947368421,2.473684210526316,0.26315789473684226,2.0
Serie A (Italy),2008/09,Genoa,19,2.0526315789473686,1.0,14.157894736842104,5.526315789473684,2.0,19,0.8947368421052632,1.0526315789473684,11.68421052631579,3.8421052631578947,2.526315789473684,1.1578947368421053,2.473684210526315
Serie A (Italy),2008/09,Inter,19,1.9473684210526316,0.8421052631578947,17.210526315789473,6.2105263157894735,2.473684210526316,19,1.736842105263158,0.8421052631578947,12.842105263157896,4.7368421052631575,1.9473684210526316,0.21052631578947367,4.368421052631577
Serie A (Italy),2008/09,Juventus,19,2.0,1.0,16.894736842105264,5.684210526315789,1.2105263157894737,19,1.631578947368421,0.9473684210526315,13.31578947368421,4.894736842105263,2.3684210526315788,0.368421052631579,3.578947368421053
Serie A (Italy),2008/09,Lazio,19,1.2105263157894737,1.263157894736842,16.526315789473685,5.421052631578948,2.3684210526315788,19,1.2105263157894737,1.631578947368421,13.31578947368421,4.7368421052631575,2.3157894736842106,0.0,3.2105263157894743
Serie A (Italy),2008/09,Lecce,19,1.0526315789473684,1.4736842105263157,12.68421052631579,4.2105263157894735,2.473684210526316,19,0.8947368421052632,2.0526315789473686,11.210526315789474,3.789473684210526,2.5789473684210527,0.1578947368421052,1.473684210526315
Serie A (Italy),2008/09,Milan,19,2.0526315789473686,0.631578947368421,17.736842105263158,6.7894736842105265,1.5263157894736843,19,1.631578947368421,1.2105263157894737,13.631578947368421,4.7894736842105265,2.4210526315789473,0.42105263157894757,4.105263157894736
Serie A (Italy),2008/09,Napoli,19,1.4210526315789473,0.8421052631578947,12.157894736842104,4.421052631578948,2.0526315789473686,19,0.8421052631578947,1.5263157894736843,9.421052631578947,3.0,2.1052631578947367,0.5789473684210527,2.7368421052631575
Serie A (Italy),2008/09,Palermo,19,2.210526315789474,1.3157894736842106,16.36842105263158,6.7894736842105265,2.0,19,0.7894736842105263,1.3157894736842106,12.68421052631579,3.5789473684210527,2.1578947368421053,1.4210526315789476,3.6842105263157894
Serie A (Italy),2008/09,Reggina,19,1.2105263157894737,1.4210526315789473,16.36842105263158,4.842105263157895,2.1578947368421053,19,0.3684210526315789,1.8421052631578947,10.421052631578947,3.0526315789473686,2.473684210526316,0.8421052631578947,5.947368421052632
Serie A (Italy),2008/09,Roma,19,1.8421052631578947,1.2105263157894737,18.105263157894736,6.631578947368421,1.631578947368421,19,1.5263157894736843,2.0,16.105263157894736,6.0,2.4210526315789473,0.3157894736842104,2.0
Serie A (Italy),2008/09,Sampdoria,19,1.736842105263158,1.105263157894737,14.473684210526315,5.2105263157894735,2.789473684210526,19,0.8421052631578947,1.631578947368421,10.842105263157896,4.157894736842105,2.263157894736842,0.8947368421052633,3.6315789473684195
Serie A (Italy),2008/09,Siena,19,0.9473684210526315,0.9473684210526315,13.052631578947368,4.315789473684211,1.6842105263157894,19,0.7894736842105263,1.368421052631579,12.736842105263158,4.052631578947368,1.5789473684210527,0.1578947368421052,0.3157894736842106
Serie A (Italy),2008/09,Torino,19,1.105263157894737,1.3157894736842106,14.473684210526315,4.7894736842105265,2.473684210526316,19,0.8421052631578947,1.894736842105263,10.105263157894736,3.473684210526316,2.736842105263158,0.26315789473684226,4.368421052631579
Serie A (Italy),2008/09,Udinese,19,1.894736842105263,0.9473684210526315,16.157894736842106,5.526315789473684,1.5789473684210527,19,1.3157894736842106,1.6842105263157894,15.31578947368421,4.947368421052632,2.263157894736842,0.5789473684210524,0.8421052631578956
Serie A (Italy),2009/10,Atalanta,19,1.263157894736842,1.0526315789473684,15.842105263157896,4.7894736842105265,3.210526315789474,19,0.6842105263157895,1.736842105263158,11.842105263157896,3.3157894736842106,2.4210526315789473,0.5789473684210525,4.0
Serie A (Italy),2009/10,Bari,19,1.5789473684210527,0.7894736842105263,11.368421052631579,4.2105263157894735,1.263157894736842,19,1.0,1.7894736842105263,10.842105263157896,3.736842105263158,1.8421052631578947,0.5789473684210527,0.5263157894736832
Serie A (Italy),2009/10,Bologna,19,1.3157894736842106,1.4210526315789473,10.842105263157896,3.6315789473684212,1.631578947368421,19,0.8947368421052632,1.4736842105263157,8.789473684210526,2.6315789473684212,2.0526315789473686,0.42105263157894746,2.05263157894737
Serie A (Italy),2009/10,Cagliari,19,1.9473684210526316,1.5263157894736843,11.473684210526315,4.526315789473684,1.8421052631578947,19,1.0,1.5263157894736843,10.210526315789474,3.263157894736842,2.4210526315789473,0.9473684210526316,1.2631578947368407
Serie A (Italy),2009/10,Catania,19,1.3157894736842106,0.7894736842105263,13.263157894736842,3.9473684210526314,2.3157894736842106,19,1.0,1.5789473684210527,9.842105263157896,3.263157894736842,2.4210526315789473,0.3157894736842106,3.421052631578947
Serie A (Italy),2009/10,Chievo,19,1.0526315789473684,1.105263157894737,13.105263157894736,5.0,2.3684210526315788,19,0.8947368421052632,1.105263157894737,10.736842105263158,3.3684210526315788,2.8947368421052633,0.1578947368421052,2.3684210526315788
Serie A (Italy),2009/10,Fiorentina,19,1.4736842105263157,1.0526315789473684,18.63157894736842,6.157894736842105,1.631578947368421,19,1.0526315789473684,1.4210526315789473,14.736842105263158,4.684210526315789,2.473684210526316,0.42105263157894735,3.8947368421052637
Serie A (Italy),2009/10,Genoa,19,2.210526315789474,1.4736842105263157,12.894736842105264,5.105263157894737,2.526315789473684,19,0.7894736842105263,1.736842105263158,9.578947368421053,2.789473684210526,2.473684210526316,1.4210526315789476,3.3157894736842106
Serie A (Italy),2009/10,Inter,19,2.210526315789474,0.7894736842105263,17.31578947368421,6.052631578947368,2.1052631578947367,19,1.736842105263158,1.0,15.894736842105264,4.7894736842105265,2.6315789473684212,0.47368421052631593,1.4210526315789451
Serie A (Italy),2009/10,Juventus,19,1.6842105263157894,1.368421052631579,16.42105263157895,5.473684210526316,2.1578947368421053,19,1.2105263157894737,1.5789473684210527,14.578947368421053,4.947368421052632,2.736842105263158,0.4736842105263157,1.8421052631578956
Serie A (Italy),2009/10,Lazio,19,1.0,1.105263157894737,17.789473684210527,5.7368421052631575,2.210526315789474,19,1.0526315789473684,1.1578947368421053,13.263157894736842,3.9473684210526314,2.736842105263158,-0.05263157894736836,4.526315789473685
Serie A (Italy),2009/10,Livorno,19,1.0,1.3157894736842106,13.631578947368421,4.2105263157894735,2.263157894736842,19,0.42105263157894735,1.894736842105263,12.0,3.736842105263158,2.1578947368421053,0.5789473684210527,1.6315789473684212
Serie A (Italy),2009/10,Milan,19,1.9473684210526316,1.0526315789473684,14.421052631578947,5.631578947368421,1.8421052631578947,19,1.2105263157894737,1.0,12.578947368421053,3.8947368421052633,1.736842105263158,0.736842105263158,1.8421052631578938
Serie A (Italy),2009/10,Napoli,19,1.368421052631579,0.8421052631578947,16.473684210526315,5.315789473684211,2.526315789473684,19,1.263157894736842,1.4210526315789473,12.736842105263158,4.631578947368421,2.789473684210526,0.10526315789473695,3.7368421052631575
Serie A (Italy),2009/10,Palermo,19,1.7894736842105263,0.7368421052631579,16.05263157894737,5.947368421052632,2.4210526315789473,19,1.3157894736842106,1.736842105263158,13.631578947368421,4.684210526315789,2.263157894736842,0.4736842105263157,2.4210526315789487
Serie A (Italy),2009/10,Parma,19,1.263157894736842,0.8947368421052632,14.052631578947368,4.894736842105263,2.1052631578947367,19,1.1578947368421053,1.7894736842105263,10.947368421052632,3.6842105263157894,2.3157894736842106,0.10526315789473673,3.1052631578947363
Serie A (Italy),2009/10,Roma,19,1.894736842105263,0.8947368421052632,18.526315789473685,5.894736842105263,1.9473684210526316,19,1.6842105263157894,1.263157894736842,13.578947368421053,4.368421052631579,2.6315789473684212,0.21052631578947367,4.947368421052632
Serie A (Italy),2009/10,Sampdoria,19,1.631578947368421,0.5263157894736842,13.894736842105264,4.894736842105263,2.1578947368421053,19,0.9473684210526315,1.631578947368421,9.263157894736842,3.6315789473684212,1.9473684210526316,0.6842105263157895,4.631578947368421
Serie A (Italy),2009/10,Siena,19,0.8947368421052632,1.3157894736842106,14.736842105263158,4.2631578947368425,1.9473684210526316,19,1.2105263157894737,2.210526315789474,11.789473684210526,4.2105263157894735,2.8421052631578947,-0.3157894736842105,2.947368421052632
Serie A (Italy),2009/10,Udinese,19,2.0,1.3157894736842106,16.894736842105264,6.7894736842105265,2.263157894736842,19,0.8421052631578947,1.7894736842105263,13.368421052631579,4.368421052631579,2.4210526315789473,1.1578947368421053,3.526315789473685
Serie A (Italy),2010/11,Bari,19,0.631578947368421,1.4736842105263157,12.105263157894736,3.1052631578947367,1.4210526315789473,19,0.7894736842105263,1.4736842105263157,9.947368421052632,3.6315789473684212,2.263157894736842,-0.1578947368421053,2.1578947368421044
Serie A (Italy),2010/11,Bologna,19,0.8947368421052632,1.0526315789473684,12.789473684210526,3.736842105263158,1.9473684210526316,19,0.9473684210526315,1.6842105263157894,10.157894736842104,3.1052631578947367,2.4210526315789473,-0.05263157894736836,2.6315789473684212
Serie A (Italy),2010/11,Brescia,19,1.1578947368421053,1.263157894736842,14.526315789473685,4.7368421052631575,2.3684210526315788,19,0.631578947368421,1.4736842105263157,11.31578947368421,3.3684210526315788,2.526315789473684,0.5263157894736843,3.2105263157894743
Serie A (Italy),2010/11,Cagliari,19,1.4210526315789473,1.2105263157894737,13.31578947368421,4.2105263157894735,1.894736842105263,19,0.8947368421052632,1.4736842105263157,12.31578947368421,3.526315789473684,2.0526315789473686,0.5263157894736842,1.0
Serie A (Italy),2010/11,Catania,19,1.4210526315789473,1.0,15.052631578947368,4.473684210526316,1.5789473684210527,19,0.6842105263157895,1.736842105263158,12.105263157894736,3.1578947368421053,1.894736842105263,0.7368421052631579,2.947368421052632
Serie A (Italy),2010/11,Cesena,19,0.8947368421052632,1.105263157894737,13.157894736842104,3.8947368421052633,2.0526315789473686,19,1.105263157894737,1.5263157894736843,11.0,3.210526315789474,2.0526315789473686,-0.21052631578947378,2.1578947368421044
Serie A (Italy),2010/11,Chievo,19,0.7894736842105263,0.6842105263157895,13.473684210526315,4.368421052631579,2.526315789473684,19,1.2105263157894737,1.4210526315789473,13.210526315789474,4.157894736842105,2.263157894736842,-0.42105263157894735,0.2631578947368407
Serie A (Italy),2010/11,Fiorentina,19,1.4736842105263157,0.9473684210526315,16.736842105263158,5.421052631578948,1.631578947368421,19,1.105263157894737,1.368421052631579,11.578947368421053,3.8947368421052633,2.1052631578947367,0.36842105263157876,5.157894736842104
Serie A (Italy),2010/11,Genoa,19,1.5263157894736843,1.263157894736842,16.263157894736842,5.157894736842105,1.8421052631578947,19,0.8421052631578947,1.2105263157894737,12.0,3.0526315789473686,1.5789473684210527,0.6842105263157896,4.2631578947368425
Serie A (Italy),2010/11,Inter,19,2.526315789473684,1.0526315789473684,18.36842105263158,6.315789473684211,1.105263157894737,19,1.105263157894737,1.1578947368421053,15.947368421052632,5.2631578947368425,1.7894736842105263,1.4210526315789471,2.421052631578947
Serie A (Italy),2010/11,Juventus,19,1.8421052631578947,1.631578947368421,17.263157894736842,5.105263157894737,1.5789473684210527,19,1.1578947368421053,0.8421052631578947,13.105263157894736,4.421052631578948,2.210526315789474,0.6842105263157894,4.157894736842106
Serie A (Italy),2010/11,Lazio,19,1.631578947368421,0.7894736842105263,16.263157894736842,5.631578947368421,1.3157894736842106,19,1.263157894736842,1.263157894736842,13.157894736842104,4.157894736842105,2.1052631578947367,0.368421052631579,3.105263157894738
Serie A (Italy),2010/11,Lecce,19,1.4736842105263157,1.5263157894736843,12.263157894736842,4.315789473684211,1.7894736842105263,19,0.9473684210526315,1.9473684210526316,11.894736842105264,4.105263157894737,2.4210526315789473,0.5263157894736842,0.36842105263157876
Serie A (Italy),2010/11,Milan,19,2.210526315789474,0.631578947368421,17.473684210526315,6.578947368421052,1.2105263157894737,19,1.2105263157894737,0.631578947368421,13.473684210526315,4.842105263157895,2.1052631578947367,1.0000000000000002,4.0
Serie A (Italy),2010/11,Napoli,19,1.736842105263158,0.7894736842105263,15.157894736842104,5.947368421052632,2.0,19,1.368421052631579,1.263157894736842,12.210526315789474,3.9473684210526314,2.736842105263158,0.368421052631579,2.94736842105263
Serie A (Italy),2010/11,Palermo,19,1.736842105263158,1.4736842105263157,17.36842105263158,5.7368421052631575,1.5263157894736843,19,1.3157894736842106,1.8421052631578947,14.736842105263158,5.2105263157894735,2.3684210526315788,0.42105263157894735,2.6315789473684212
Serie A (Italy),2010/11,Parma,19,1.105263157894737,0.8421052631578947,13.473684210526315,4.2631578947368425,2.1578947368421053,19,0.9473684210526315,1.631578947368421,11.263157894736842,3.6315789473684212,2.210526315789474,0.15789473684210542,2.2105263157894726
Serie A (Italy),2010/11,Roma,19,1.631578947368421,0.9473684210526315,16.736842105263158,5.421052631578948,1.9473684210526316,19,1.4736842105263157,1.7894736842105263,14.894736842105264,4.157894736842105,2.3157894736842106,0.1578947368421053,1.8421052631578938
Serie A (Italy),2010/11,Sampdoria,19,1.105263157894737,1.105263157894737,12.736842105263158,4.0,1.9473684210526316,19,0.631578947368421,1.4736842105263157,11.157894736842104,3.0,1.8421052631578947,0.47368421052631593,1.578947368421053
Serie A (Italy),2010/11,Udinese,19,1.4210526315789473,0.8421052631578947,14.842105263157896,5.0,1.6842105263157894,19,2.0,1.4210526315789473,13.789473684210526,5.157894736842105,2.1052631578947367,-0.5789473684210527,1.05263157894737
Serie A (Italy),2011/12,Atalanta,19,1.2105263157894737,0.7894736842105263,12.052631578947368,4.105263157894737,2.6315789473684212,19,0.9473684210526315,1.4736842105263157,9.68421052631579,3.3684210526315788,2.4210526315789473,0.26315789473684215,2.3684210526315788
Serie A (Italy),2011/12,Bologna,19,1.2105263157894737,1.263157894736842,12.421052631578947,4.421052631578948,2.3684210526315788,19,0.9473684210526315,1.0,10.947368421052632,3.736842105263158,2.6842105263157894,0.26315789473684215,1.473684210526315
Serie A (Italy),2011/12,Cagliari,19,1.2105263157894737,0.8421052631578947,14.894736842105264,4.578947368421052,1.9473684210526316,19,0.7368421052631579,1.5789473684210527,10.105263157894736,2.8947368421052633,2.1578947368421053,0.4736842105263158,4.789473684210527
Serie A (Italy),2011/12,Catania,19,1.263157894736842,0.7894736842105263,14.894736842105264,4.578947368421052,1.7894736842105263,19,1.2105263157894737,1.9473684210526316,13.947368421052632,4.684210526315789,2.1052631578947367,0.05263157894736836,0.9473684210526319
Serie A (Italy),2011/12,Cesena,19,0.7894736842105263,1.263157894736842,13.31578947368421,3.526315789473684,2.526315789473684,19,0.47368421052631576,1.894736842105263,10.473684210526315,3.210526315789474,2.3157894736842106,0.31578947368421056,2.8421052631578956
Serie A (Italy),2011/12,Chievo,19,0.8421052631578947,0.7894736842105263,12.68421052631579,3.9473684210526314,1.736842105263158,19,1.0,1.5789473684210527,9.947368421052632,3.210526315789474,2.5789473684210527,-0.1578947368421053,2.7368421052631575
Serie A (Italy),2011/12,Fiorentina,19,1.263157894736842,1.1578947368421053,14.157894736842104,4.2105263157894735,1.736842105263158,19,0.6842105263157895,1.105263157894737,11.947368421052632,3.736842105263158,3.0526315789473686,0.5789473684210525,2.2105263157894726
Serie A (Italy),2011/12,Genoa,19,1.5263157894736843,1.263157894736842,12.526315789473685,4.526315789473684,2.3157894736842106,19,1.105263157894737,2.3684210526315788,10.631578947368421,4.052631578947368,2.263157894736842,0.42105263157894735,1.8947368421052637
Serie A (Italy),2011/12,Inter,19,1.894736842105263,1.4210526315789473,18.789473684210527,5.7894736842105265,1.368421052631579,19,1.1578947368421053,1.4736842105263157,12.947368421052632,4.2631578947368425,1.8421052631578947,0.7368421052631577,5.842105263157896
Serie A (Italy),2011/12,Juventus,19,2.1052631578947367,0.631578947368421,20.263157894736842,7.7368421052631575,1.4210526315789473,19,1.4736842105263157,0.42105263157894735,17.894736842105264,6.052631578947368,2.1052631578947367,0.631578947368421,2.3684210526315788
Serie A (Italy),2011/12,Lazio,19,1.4736842105263157,0.8421052631578947,15.0,5.052631578947368,1.631578947368421,19,1.4736842105263157,1.631578947368421,11.31578947368421,4.315789473684211,2.3684210526315788,0.0,3.6842105263157894
Serie A (Italy),2011/12,Lecce,19,1.1578947368421053,1.5263157894736843,12.473684210526315,4.368421052631579,3.210526315789474,19,0.9473684210526315,1.4210526315789473,10.105263157894736,2.8421052631578947,2.263157894736842,0.21052631578947378,2.3684210526315788
Serie A (Italy),2011/12,Milan,19,1.894736842105263,0.5789473684210527,17.526315789473685,6.315789473684211,2.1578947368421053,19,2.0,1.1578947368421053,13.473684210526315,5.2105263157894735,1.7894736842105263,-0.10526315789473695,4.05263157894737
Serie A (Italy),2011/12,Napoli,19,2.0526315789473686,1.1578947368421053,14.842105263157896,5.578947368421052,1.631578947368421,19,1.4210526315789473,1.263157894736842,12.578947368421053,3.8947368421052633,2.526315789473684,0.6315789473684212,2.2631578947368425
Serie A (Italy),2011/12,Novara,19,1.0526315789473684,1.4210526315789473,13.473684210526315,4.157894736842105,2.1052631578947367,19,0.7894736842105263,2.0,11.105263157894736,3.3157894736842106,1.894736842105263,0.26315789473684204,2.3684210526315788
Serie A (Italy),2011/12,Palermo,19,2.0,1.5789473684210527,14.947368421052632,5.7368421052631575,2.1578947368421053,19,0.7368421052631579,1.6842105263157894,11.263157894736842,3.6842105263157894,2.263157894736842,1.263157894736842,3.6842105263157894
Serie A (Italy),2011/12,Parma,19,1.7894736842105263,1.0526315789473684,16.263157894736842,4.894736842105263,2.1578947368421053,19,1.0526315789473684,1.736842105263158,10.842105263157896,2.8947368421052633,2.0,0.736842105263158,5.421052631578947
Serie A (Italy),2011/12,Roma,19,2.0526315789473686,1.1578947368421053,18.789473684210527,6.7368421052631575,2.0526315789473686,19,1.105263157894737,1.6842105263157894,14.0,4.0,2.0,0.9473684210526316,4.789473684210527
Serie A (Italy),2011/12,Siena,19,1.4210526315789473,1.0,10.947368421052632,3.6842105263157894,2.3157894736842106,19,0.9473684210526315,1.368421052631579,9.368421052631579,3.4210526315789473,2.6315789473684212,0.4736842105263158,1.578947368421053
Serie A (Italy),2011/12,Udinese,19,1.736842105263158,0.6842105263157895,14.842105263157896,5.2105263157894735,2.0526315789473686,19,1.0,1.1578947368421053,12.789473684210526,3.9473684210526314,2.210526315789474,0.736842105263158,2.05263157894737
Serie A (Italy),2012/13,Atalanta,19,1.0,1.263157894736842,11.736842105263158,3.5789473684210527,2.8421052631578947,19,1.0526315789473684,1.6842105263157894,9.789473684210526,3.210526315789474,2.6842105263157894,-0.05263157894736836,1.9473684210526319
Serie A (Italy),2012/13,Bologna,19,1.5789473684210527,1.263157894736842,15.578947368421053,5.2105263157894735,2.4210526315789473,19,0.8421052631578947,1.4736842105263157,10.894736842105264,2.6842105263157894,3.0,0.736842105263158,4.684210526315789
Serie A (Italy),2012/13,Cagliari,18,1.3333333333333333,1.1666666666666667,14.444444444444445,4.888888888888889,2.611111111111111,19,1.0,1.631578947368421,10.578947368421053,3.0,3.1578947368421053,0.33333333333333326,3.8654970760233915
Serie A (Italy),2012/13,Catania,19,1.631578947368421,0.7894736842105263,13.736842105263158,4.315789473684211,2.3684210526315788,19,1.0,1.631578947368421,10.947368421052632,3.473684210526316,2.3684210526315788,0.631578947368421,2.7894736842105257
Serie A (Italy),2012/13,Chievo,19,0.9473684210526315,0.8421052631578947,10.105263157894736,3.3157894736842106,2.210526315789474,19,1.0,1.894736842105263,9.68421052631579,2.789473684210526,2.789473684210526,-0.052631578947368474,0.4210526315789469
Serie A (Italy),2012/13,Fiorentina,19,2.1052631578947367,1.0,17.894736842105264,6.315789473684211,2.1052631578947367,19,1.6842105263157894,1.3157894736842106,14.368421052631579,4.578947368421052,2.5789473684210527,0.42105263157894735,3.526315789473685
Serie A (Italy),2012/13,Genoa,19,1.368421052631579,1.5789473684210527,13.526315789473685,4.684210526315789,2.789473684210526,19,0.631578947368421,1.1578947368421053,10.210526315789474,3.789473684210526,2.526315789473684,0.736842105263158,3.3157894736842106
Serie A (Italy),2012/13,Inter,19,1.5789473684210527,1.631578947368421,16.157894736842106,5.578947368421052,1.894736842105263,19,1.3157894736842106,1.368421052631579,12.842105263157896,4.157894736842105,2.3684210526315788,0.26315789473684204,3.3157894736842106
Serie A (Italy),2012/13,Juventus,19,1.894736842105263,0.5263157894736842,20.0,7.421052631578948,1.894736842105263,19,1.8421052631578947,0.7368421052631579,16.68421052631579,6.105263157894737,2.1052631578947367,0.05263157894736836,3.315789473684209
Serie A (Italy),2012/13,Lazio,19,1.8421052631578947,0.8421052631578947,15.842105263157896,5.526315789473684,2.210526315789474,19,0.8421052631578947,1.368421052631579,11.210526315789474,3.8421052631578947,1.9473684210526316,1.0,4.631578947368421
Serie A (Italy),2012/13,Milan,19,1.736842105263158,0.7894736842105263,17.94736842105263,5.842105263157895,2.1578947368421053,19,1.7894736842105263,1.263157894736842,15.631578947368421,6.368421052631579,2.526315789473684,-0.05263157894736836,2.315789473684209
Serie A (Italy),2012/13,Napoli,19,2.3157894736842106,0.9473684210526315,16.263157894736842,6.526315789473684,2.0526315789473686,19,1.5263157894736843,0.9473684210526315,13.947368421052632,5.157894736842105,2.5789473684210527,0.7894736842105263,2.3157894736842106
Serie A (Italy),2012/13,Palermo,19,1.263157894736842,1.368421052631579,15.052631578947368,5.105263157894737,2.4210526315789473,19,0.5263157894736842,1.4736842105263157,11.842105263157896,3.5789473684210527,2.3157894736842106,0.7368421052631579,3.2105263157894726
Serie A (Italy),2012/13,Parma,19,1.4736842105263157,0.9473684210526315,15.105263157894736,5.105263157894737,2.6315789473684212,19,0.8947368421052632,1.4736842105263157,13.052631578947368,4.2105263157894735,2.9473684210526314,0.5789473684210525,2.052631578947368
Serie A (Italy),2012/13,Pescara,19,0.7894736842105263,2.210526315789474,12.736842105263158,3.5789473684210527,2.473684210526316,19,0.631578947368421,2.210526315789474,8.31578947368421,2.6842105263157894,2.473684210526316,0.1578947368421053,4.421052631578947
Serie A (Italy),2012/13,Roma,19,2.1052631578947367,1.263157894736842,17.94736842105263,6.368421052631579,2.3157894736842106,18,1.5555555555555556,1.7777777777777777,14.833333333333334,5.166666666666667,2.3333333333333335,0.5497076023391811,3.114035087719296
Serie A (Italy),2012/13,Sampdoria,19,1.3157894736842106,1.1578947368421053,13.842105263157896,4.526315789473684,2.210526315789474,19,0.9473684210526315,1.5263157894736843,8.789473684210526,2.736842105263158,2.263157894736842,0.3684210526315791,5.05263157894737
Serie A (Italy),2012/13,Siena,19,0.8421052631578947,1.0,8.68421052631579,2.5789473684210527,2.473684210526316,19,1.0526315789473684,2.0,9.789473684210526,3.1578947368421053,2.3684210526315788,-0.21052631578947367,-1.1052631578947363
Serie A (Italy),2012/13,Torino,19,1.2105263157894737,1.368421052631579,10.947368421052632,3.5789473684210527,1.894736842105263,19,1.2105263157894737,1.5263157894736843,11.263157894736842,4.052631578947368,2.263157894736842,0.0,-0.3157894736842106
Serie A (Italy),2012/13,Udinese,19,1.631578947368421,0.8421052631578947,12.947368421052632,4.684210526315789,2.210526315789474,19,1.4736842105263157,1.5263157894736843,10.368421052631579,3.6315789473684212,2.210526315789474,0.1578947368421053,2.578947368421053
Serie A (Italy),2013/14,Atalanta,19,1.4736842105263157,1.1578947368421053,13.0,4.473684210526316,2.0,19,0.7894736842105263,1.5263157894736843,10.526315789473685,3.6315789473684212,2.263157894736842,0.6842105263157894,2.473684210526315
Serie A (Italy),2013/14,Bologna,19,0.7894736842105263,1.4210526315789473,14.368421052631579,4.473684210526316,2.6315789473684212,19,0.6842105263157895,1.631578947368421,11.736842105263158,3.8421052631578947,2.526315789473684,0.10526315789473684,2.6315789473684212
Serie A (Italy),2013/14,Cagliari,19,1.263157894736842,1.4210526315789473,13.789473684210526,4.526315789473684,2.6842105263157894,19,0.5263157894736842,1.368421052631579,10.842105263157896,2.4210526315789473,2.526315789473684,0.7368421052631579,2.94736842105263
Serie A (Italy),2013/14,Catania,19,1.3157894736842106,1.3157894736842106,14.105263157894736,4.947368421052632,2.210526315789474,19,0.47368421052631576,2.1578947368421053,11.368421052631579,2.736842105263158,2.5789473684210527,0.8421052631578949,2.7368421052631575
Serie A (Italy),2013/14,Chievo,19,1.0,1.1578947368421053,11.578947368421053,3.8421052631578947,2.736842105263158,19,0.7894736842105263,1.6842105263157894,10.157894736842104,3.263157894736842,2.6842105263157894,0.21052631578947367,1.4210526315789487
Serie A (Italy),2013/14,Fiorentina,19,1.894736842105263,1.5263157894736843,16.57894736842105,4.7894736842105265,2.1052631578947367,19,1.5263157894736843,0.7894736842105263,13.631578947368421,4.2631578947368425,2.263157894736842,0.36842105263157876,2.94736842105263
Serie A (Italy),2013/14,Genoa,19,1.1578947368421053,1.0,12.842105263157896,4.7368421052631575,2.3684210526315788,19,1.0,1.631578947368421,6.894736842105263,2.3684210526315788,2.5789473684210527,0.1578947368421053,5.947368421052633
Serie A (Italy),2013/14,Inter,19,1.4210526315789473,0.9473684210526315,15.105263157894736,5.0,1.6842105263157894,19,1.8421052631578947,1.105263157894737,13.631578947368421,4.7368421052631575,2.0,-0.42105263157894735,1.473684210526315
Serie A (Italy),2013/14,Juventus,19,2.473684210526316,0.47368421052631576,18.105263157894736,6.842105263157895,1.5263157894736843,19,1.736842105263158,0.7368421052631579,13.578947368421053,4.842105263157895,2.1052631578947367,0.736842105263158,4.526315789473683
Serie A (Italy),2013/14,Lazio,19,1.6842105263157894,1.105263157894737,14.631578947368421,4.631578947368421,2.210526315789474,19,1.1578947368421053,1.736842105263158,13.736842105263158,4.947368421052632,1.9473684210526316,0.5263157894736841,0.8947368421052637
Serie A (Italy),2013/14,Livorno,19,1.2105263157894737,1.736842105263158,13.842105263157896,4.157894736842105,3.3684210526315788,19,0.8421052631578947,2.3157894736842106,11.578947368421053,3.3157894736842106,2.3157894736842106,0.368421052631579,2.2631578947368425
Serie A (Italy),2013/14,Milan,19,1.4736842105263157,0.8947368421052632,18.36842105263158,5.578947368421052,1.8421052631578947,19,1.5263157894736843,1.6842105263157894,14.263157894736842,5.157894736842105,2.5789473684210527,-0.052631578947368585,4.105263157894736
Serie A (Italy),2013/14,Napoli,19,2.263157894736842,0.7894736842105263,17.36842105263158,7.473684210526316,2.0526315789473686,19,1.7894736842105263,1.263157894736842,13.0,4.421052631578948,1.7894736842105263,0.4736842105263157,4.368421052631579
Serie A (Italy),2013/14,Parma,19,1.4210526315789473,0.9473684210526315,12.368421052631579,4.105263157894737,2.6842105263157894,19,1.631578947368421,1.4736842105263157,13.631578947368421,4.315789473684211,2.473684210526316,-0.21052631578947367,-1.2631578947368425
Serie A (Italy),2013/14,Roma,19,2.3157894736842106,0.47368421052631576,17.94736842105263,6.842105263157895,1.8421052631578947,19,1.4736842105263157,0.8421052631578947,13.210526315789474,4.526315789473684,2.473684210526316,0.8421052631578949,4.736842105263156
Serie A (Italy),2013/14,Sampdoria,19,1.4736842105263157,1.5263157894736843,14.421052631578947,5.2105263157894735,2.8421052631578947,19,1.0526315789473684,1.736842105263158,13.0,4.0,2.263157894736842,0.42105263157894735,1.421052631578947
Serie A (Italy),2013/14,Sassuolo,19,1.2105263157894737,2.0526315789473686,12.736842105263158,4.684210526315789,2.6315789473684212,19,1.0526315789473684,1.736842105263158,13.157894736842104,3.8947368421052633,2.473684210526316,0.1578947368421053,-0.4210526315789469
Serie A (Italy),2013/14,Torino,19,1.631578947368421,1.0526315789473684,14.157894736842104,4.7368421052631575,1.9473684210526316,19,1.4210526315789473,1.4736842105263157,12.31578947368421,4.368421052631579,3.0,0.21052631578947367,1.8421052631578938
Serie A (Italy),2013/14,Udinese,19,1.4210526315789473,1.263157894736842,14.263157894736842,4.684210526315789,1.4210526315789473,19,1.0,1.736842105263158,11.105263157894736,3.6842105263157894,2.789473684210526,0.42105263157894735,3.157894736842106
Serie A (Italy),2013/14,Verona,19,1.8421052631578947,1.4736842105263157,11.578947368421053,4.578947368421052,1.5263157894736843,19,1.4210526315789473,2.1052631578947367,12.578947368421053,4.0,2.0526315789473686,0.42105263157894735,-1.0
Serie A (Italy),2014/15,Atalanta,19,1.1578947368421053,1.736842105263158,14.263157894736842,3.8947368421052633,2.5789473684210527,19,0.8421052631578947,1.263157894736842,10.105263157894736,3.0526315789473686,2.8421052631578947,0.3157894736842106,4.157894736842106
Serie A (Italy),2014/15,Cagliari,19,1.263157894736842,1.894736842105263,13.68421052631579,4.842105263157895,3.0526315789473686,19,1.263157894736842,1.6842105263157894,12.421052631578947,4.578947368421052,2.6315789473684212,0.0,1.2631578947368425
Serie A (Italy),2014/15,Cesena,19,1.0,1.631578947368421,10.052631578947368,3.210526315789474,2.6842105263157894,19,0.8947368421052632,2.210526315789474,8.736842105263158,2.8421052631578947,2.6842105263157894,0.10526315789473684,1.3157894736842106
Serie A (Italy),2014/15,Chievo,19,0.8421052631578947,1.0,13.105263157894736,4.157894736842105,2.1578947368421053,19,0.631578947368421,1.1578947368421053,11.0,3.1052631578947367,2.1578947368421053,0.21052631578947367,2.1052631578947363
Serie A (Italy),2014/15,Empoli,19,1.368421052631579,1.1578947368421053,14.473684210526315,4.526315789473684,1.3157894736842106,19,1.0526315789473684,1.5789473684210527,12.473684210526315,4.2631578947368425,1.736842105263158,0.3157894736842106,2.0
Serie A (Italy),2014/15,Fiorentina,19,1.5789473684210527,0.8947368421052632,19.36842105263158,5.7894736842105265,1.894736842105263,19,1.631578947368421,1.5263157894736843,13.105263157894736,4.7894736842105265,2.3684210526315788,-0.05263157894736836,6.2631578947368425
Serie A (Italy),2014/15,Genoa,19,1.736842105263158,1.105263157894737,13.105263157894736,4.631578947368421,2.4210526315789473,19,1.5263157894736843,1.368421052631579,12.578947368421053,4.684210526315789,2.9473684210526314,0.21052631578947367,0.5263157894736832
Serie A (Italy),2014/15,Inter,19,1.736842105263158,1.2105263157894737,18.263157894736842,5.157894736842105,2.0,19,1.368421052631579,1.3157894736842106,14.263157894736842,4.526315789473684,2.8947368421052633,0.368421052631579,4.0
Serie A (Italy),2014/15,Juventus,19,2.3684210526315788,0.5789473684210527,17.157894736842106,6.315789473684211,1.631578947368421,19,1.4210526315789473,0.6842105263157895,14.578947368421053,4.315789473684211,2.1578947368421053,0.9473684210526314,2.578947368421053
Serie A (Italy),2014/15,Lazio,19,2.1052631578947367,0.9473684210526315,15.736842105263158,6.421052631578948,2.3684210526315788,19,1.631578947368421,1.0526315789473684,12.842105263157896,4.947368421052632,3.1052631578947367,0.4736842105263157,2.894736842105262
Serie A (Italy),2014/15,Milan,19,1.5789473684210527,1.0,14.052631578947368,4.157894736842105,2.210526315789474,19,1.368421052631579,1.631578947368421,9.578947368421053,3.6315789473684212,2.1052631578947367,0.21052631578947367,4.473684210526315
Serie A (Italy),2014/15,Napoli,19,2.4210526315789473,1.4736842105263157,18.42105263157895,7.157894736842105,2.0,19,1.263157894736842,1.368421052631579,14.31578947368421,5.105263157894737,2.0526315789473686,1.1578947368421053,4.105263157894738
Serie A (Italy),2014/15,Palermo,19,1.5789473684210527,1.3157894736842106,13.68421052631579,4.052631578947368,2.1578947368421053,19,1.2105263157894737,1.5789473684210527,11.526315789473685,3.9473684210526314,2.210526315789474,0.368421052631579,2.1578947368421044
Serie A (Italy),2014/15,Parma,19,1.0,1.4210526315789473,10.736842105263158,3.0526315789473686,3.0526315789473686,19,0.7368421052631579,2.526315789473684,11.052631578947368,2.789473684210526,2.1052631578947367,0.26315789473684215,-0.3157894736842106
Serie A (Italy),2014/15,Roma,19,1.631578947368421,0.7368421052631579,15.210526315789474,5.157894736842105,2.2777777777777777,19,1.2105263157894737,0.8947368421052632,12.31578947368421,4.105263157894737,3.0526315789473686,0.42105263157894735,2.8947368421052637
Serie A (Italy),2014/15,Sampdoria,19,1.2105263157894737,0.7894736842105263,14.31578947368421,4.2631578947368425,2.4210526315789473,19,1.3157894736842106,1.4210526315789473,11.947368421052632,3.9473684210526314,2.6315789473684212,-0.10526315789473695,2.3684210526315788
Serie A (Italy),2014/15,Sassuolo,19,1.3157894736842106,1.1578947368421053,12.578947368421053,4.315789473684211,2.8947368421052633,19,1.263157894736842,1.8421052631578947,10.947368421052632,3.6842105263157894,2.4210526315789473,0.052631578947368585,1.6315789473684212
Serie A (Italy),2014/15,Torino,19,1.3157894736842106,0.7368421052631579,16.57894736842105,4.7894736842105265,2.0526315789473686,19,1.2105263157894737,1.631578947368421,11.947368421052632,4.157894736842105,3.0,0.10526315789473695,4.6315789473684195
Serie A (Italy),2014/15,Udinese,19,1.368421052631579,1.5263157894736843,12.526315789473685,3.4210526315789473,2.1052631578947367,19,0.8947368421052632,1.4210526315789473,9.736842105263158,2.9473684210526314,2.6842105263157894,0.4736842105263158,2.7894736842105274
Serie A (Italy),2014/15,Verona,19,1.4210526315789473,1.5789473684210527,14.210526315789474,4.842105263157895,2.210526315789474,19,1.1578947368421053,1.8421052631578947,9.894736842105264,3.3684210526315788,2.8421052631578947,0.26315789473684204,4.315789473684211
Serie A (Italy),2015/16,Atalanta,19,1.4210526315789473,1.105263157894737,13.368421052631579,4.2105263157894735,2.1578947368421053,19,0.7368421052631579,1.368421052631579,10.526315789473685,3.0,2.8421052631578947,0.6842105263157895,2.842105263157894
Serie A (Italy),2015/16,Bologna,19,1.0526315789473684,1.105263157894737,10.578947368421053,3.210526315789474,2.5789473684210527,19,0.6842105263157895,1.263157894736842,9.789473684210526,2.789473684210526,2.0526315789473686,0.36842105263157887,0.7894736842105274
Serie A (Italy),2015/16,Carpi,19,1.2105263157894737,1.368421052631579,12.157894736842104,3.789473684210526,2.6315789473684212,19,0.7368421052631579,1.631578947368421,10.263157894736842,3.1578947368421053,2.8947368421052633,0.4736842105263158,1.894736842105262
Serie A (Italy),2015/16,Chievo,19,1.3157894736842106,0.9473684210526315,12.68421052631579,4.105263157894737,2.6842105263157894,19,0.9473684210526315,1.4210526315789473,9.578947368421053,2.6842105263157894,2.789473684210526,0.3684210526315791,3.1052631578947363
Serie A (Italy),2015/16,Empoli,19,1.1578947368421053,1.0526315789473684,13.210526315789474,3.8421052631578947,1.8421052631578947,19,0.9473684210526315,1.5263157894736843,11.894736842105264,3.9473684210526314,3.0,0.21052631578947378,1.3157894736842106
Serie A (Italy),2015/16,Fiorentina,19,1.7894736842105263,0.8421052631578947,16.736842105263158,5.473684210526316,1.8421052631578947,19,1.368421052631579,1.368421052631579,13.421052631578947,4.0,3.0526315789473686,0.42105263157894735,3.3157894736842106
Serie A (Italy),2015/16,Frosinone,19,0.9473684210526315,1.368421052631579,13.894736842105264,3.5789473684210527,2.736842105263158,19,0.8947368421052632,2.6315789473684212,11.68421052631579,2.9473684210526314,2.9473684210526314,0.05263157894736836,2.2105263157894743
Serie A (Italy),2015/16,Genoa,19,1.5263157894736843,1.0,13.842105263157896,4.631578947368421,2.210526315789474,19,0.8421052631578947,1.5263157894736843,10.789473684210526,3.210526315789474,2.1052631578947367,0.6842105263157896,3.05263157894737
Serie A (Italy),2015/16,Inter,19,1.5263157894736843,0.7894736842105263,14.526315789473685,4.7368421052631575,2.526315789473684,19,1.105263157894737,1.2105263157894737,12.631578947368421,4.052631578947368,2.210526315789474,0.42105263157894735,1.8947368421052637
Serie A (Italy),2015/16,Juventus,19,1.9473684210526316,0.3157894736842105,18.210526315789473,6.7368421052631575,2.1578947368421053,19,2.0,0.7368421052631579,13.31578947368421,4.578947368421052,2.5789473684210527,-0.05263157894736836,4.894736842105262
Serie A (Italy),2015/16,Lazio,19,1.6842105263157894,1.2105263157894737,14.842105263157896,4.421052631578948,2.526315789473684,19,1.0526315789473684,1.5263157894736843,12.052631578947368,3.3157894736842106,2.4210526315789473,0.631578947368421,2.7894736842105274
Serie A (Italy),2015/16,Milan,19,1.4736842105263157,1.1578947368421053,16.210526315789473,5.0,2.1578947368421053,19,1.105263157894737,1.105263157894737,12.736842105263158,4.105263157894737,2.6842105263157894,0.36842105263157876,3.473684210526315
Serie A (Italy),2015/16,Napoli,19,2.5789473684210527,0.631578947368421,19.42105263157895,7.526315789473684,1.4736842105263157,19,1.631578947368421,1.0526315789473684,15.105263157894736,5.2631578947368425,2.1052631578947367,0.9473684210526316,4.315789473684212
Serie A (Italy),2015/16,Palermo,19,1.263157894736842,1.5789473684210527,12.210526315789474,3.6315789473684212,2.473684210526316,19,0.7368421052631579,1.8421052631578947,9.473684210526315,2.789473684210526,2.5789473684210527,0.5263157894736842,2.7368421052631593
Serie A (Italy),2015/16,Roma,19,2.3157894736842106,0.8947368421052632,16.105263157894736,5.684210526315789,1.631578947368421,19,2.0526315789473686,1.263157894736842,14.68421052631579,5.684210526315789,2.526315789473684,0.26315789473684204,1.421052631578947
Serie A (Italy),2015/16,Sampdoria,19,1.5263157894736843,1.3157894736842106,11.631578947368421,4.315789473684211,2.736842105263158,19,1.0,1.894736842105263,11.0,3.6842105263157894,2.6315789473684212,0.5263157894736843,0.6315789473684212
Serie A (Italy),2015/16,Sassuolo,19,1.3157894736842106,1.0526315789473684,14.68421052631579,4.315789473684211,2.210526315789474,19,1.263157894736842,1.0526315789473684,10.894736842105264,3.736842105263158,2.526315789473684,0.052631578947368585,3.7894736842105257
Serie A (Italy),2015/16,Torino,19,1.3157894736842106,1.3157894736842106,12.736842105263158,4.842105263157895,2.263157894736842,19,1.4210526315789473,1.5789473684210527,12.052631578947368,4.421052631578948,2.736842105263158,-0.10526315789473673,0.6842105263157894
Serie A (Italy),2015/16,Udinese,19,0.9473684210526315,1.4736842105263157,13.157894736842104,3.9473684210526314,2.473684210526316,19,0.8947368421052632,1.6842105263157894,10.210526315789474,3.6842105263157894,2.6842105263157894,0.05263157894736836,2.94736842105263
Serie A (Italy),2015/16,Verona,19,1.105263157894737,1.5789473684210527,12.894736842105264,4.631578947368421,2.263157894736842,19,0.6842105263157895,1.736842105263158,10.842105263157896,2.8421052631578947,2.3684210526315788,0.42105263157894746,2.052631578947368
Serie A (Italy),2016/17,Atalanta,19,1.631578947368421,0.9473684210526315,15.736842105263158,6.0,2.1052631578947367,19,1.631578947368421,1.2105263157894737,12.368421052631579,4.578947368421052,2.3684210526315788,0.0,3.3684210526315788
Serie A (Italy),2016/17,Bologna,19,1.263157894736842,1.3157894736842106,12.631578947368421,4.368421052631579,2.0,19,0.8421052631578947,1.736842105263158,9.578947368421053,3.263157894736842,2.4210526315789473,0.42105263157894735,3.052631578947368
Serie A (Italy),2016/17,Cagliari,19,2.0,1.7894736842105263,12.842105263157896,5.7368421052631575,2.473684210526316,19,0.8947368421052632,2.210526315789474,9.31578947368421,3.4210526315789473,2.6315789473684212,1.1052631578947367,3.526315789473685
Serie A (Italy),2016/17,Chievo,19,1.3157894736842106,1.5789473684210527,10.736842105263158,3.736842105263158,2.0,19,0.9473684210526315,1.631578947368421,10.68421052631579,3.0526315789473686,2.3157894736842106,0.3684210526315791,0.05263157894736814
Serie A (Italy),2016/17,Crotone,19,1.105263157894737,1.3157894736842106,11.842105263157896,3.8947368421052633,2.1052631578947367,19,0.6842105263157895,1.736842105263158,9.157894736842104,2.9473684210526314,2.473684210526316,0.42105263157894746,2.684210526315791
Serie A (Italy),2016/17,Empoli,19,0.8421052631578947,1.5263157894736843,10.052631578947368,3.6315789473684212,2.789473684210526,19,0.6842105263157895,1.6842105263157894,9.0,3.0526315789473686,2.8421052631578947,0.1578947368421052,1.0526315789473681
Serie A (Italy),2016/17,Fiorentina,19,1.7894736842105263,1.2105263157894737,17.94736842105263,6.684210526315789,2.3684210526315788,19,1.5263157894736843,1.7894736842105263,14.105263157894736,5.2105263157894735,2.473684210526316,0.26315789473684204,3.842105263157894
Serie A (Italy),2016/17,Genoa,19,1.263157894736842,1.263157894736842,11.842105263157896,4.315789473684211,2.526315789473684,19,0.7368421052631579,2.1052631578947367,11.473684210526315,3.4210526315789473,2.1578947368421053,0.5263157894736842,0.36842105263158054
Serie A (Italy),2016/17,Inter,19,2.3157894736842106,1.1578947368421053,18.105263157894736,6.105263157894737,1.6842105263157894,19,1.4736842105263157,1.4210526315789473,15.052631578947368,4.842105263157895,2.210526315789474,0.8421052631578949,3.052631578947368
Serie A (Italy),2016/17,Juventus,19,2.526315789473684,0.47368421052631576,16.42105263157895,6.2105263157894735,1.5263157894736843,19,1.5263157894736843,0.9473684210526315,14.263157894736842,5.421052631578948,2.1578947368421053,0.9999999999999998,2.157894736842106
Serie A (Italy),2016/17,Lazio,19,2.1052631578947367,1.2105263157894737,16.94736842105263,5.842105263157895,2.1578947368421053,19,1.7894736842105263,1.4736842105263157,13.789473684210526,5.2631578947368425,2.5789473684210527,0.3157894736842104,3.1578947368421044
Serie A (Italy),2016/17,Milan,19,1.6842105263157894,1.0526315789473684,16.0,5.368421052631579,2.1052631578947367,19,1.3157894736842106,1.3157894736842106,13.210526315789474,4.684210526315789,2.1578947368421053,0.36842105263157876,2.7894736842105257
Serie A (Italy),2016/17,Napoli,19,2.3157894736842106,1.0,20.42105263157895,8.0,1.263157894736842,19,2.6315789473684212,1.0526315789473684,14.842105263157896,5.7894736842105265,1.7894736842105263,-0.3157894736842106,5.578947368421053
Serie A (Italy),2016/17,Palermo,19,0.6842105263157895,1.5789473684210527,11.105263157894736,3.210526315789474,2.473684210526316,19,1.0526315789473684,2.473684210526316,8.947368421052632,3.0,2.4210526315789473,-0.36842105263157887,2.1578947368421044
Serie A (Italy),2016/17,Pescara,19,1.0,2.0,11.631578947368421,3.6315789473684212,2.3684210526315788,19,0.9473684210526315,2.263157894736842,11.631578947368421,4.052631578947368,2.473684210526316,0.052631578947368474,0.0
Serie A (Italy),2016/17,Roma,19,2.6315789473684212,0.9473684210526315,19.842105263157894,6.842105263157895,1.368421052631579,19,2.1052631578947367,1.0526315789473684,15.736842105263158,5.473684210526316,2.0,0.5263157894736845,4.105263157894736
Serie A (Italy),2016/17,Sampdoria,19,1.4736842105263157,1.2105263157894737,13.842105263157896,4.421052631578948,1.8421052631578947,19,1.105263157894737,1.6842105263157894,12.526315789473685,4.368421052631579,2.0,0.36842105263157876,1.3157894736842106
Serie A (Italy),2016/17,Sassuolo,19,1.4210526315789473,1.4736842105263157,12.0,4.842105263157895,2.526315789473684,19,1.631578947368421,1.8421052631578947,11.210526315789474,4.157894736842105,2.210526315789474,-0.21052631578947367,0.7894736842105257
Serie A (Italy),2016/17,Torino,19,2.263157894736842,1.631578947368421,17.473684210526315,6.052631578947368,1.631578947368421,19,1.4736842105263157,1.8421052631578947,12.68421052631579,3.6315789473684212,2.5789473684210527,0.7894736842105263,4.789473684210526
Serie A (Italy),2016/17,Udinese,19,1.5789473684210527,1.2105263157894737,12.210526315789474,4.894736842105263,2.1578947368421053,19,0.8947368421052632,1.736842105263158,10.631578947368421,3.263157894736842,2.263157894736842,0.6842105263157895,1.578947368421053
Serie A (Italy),2017/18,Atalanta,19,1.5789473684210527,0.9473684210526315,15.894736842105264,4.842105263157895,1.5789473684210527,19,1.4210526315789473,1.105263157894737,14.263157894736842,5.526315789473684,1.9473684210526316,0.1578947368421053,1.6315789473684212
Serie A (Italy),2017/18,Benevento,19,1.2105263157894737,2.1052631578947367,15.052631578947368,5.421052631578948,2.0,19,0.5263157894736842,2.3157894736842106,9.473684210526315,2.263157894736842,2.1052631578947367,0.6842105263157895,5.578947368421053
Serie A (Italy),2017/18,Bologna,19,1.3157894736842106,1.368421052631579,9.947368421052632,3.6315789473684212,2.6315789473684212,19,0.7894736842105263,1.368421052631579,8.631578947368421,2.8421052631578947,2.736842105263158,0.5263157894736843,1.3157894736842106
Serie A (Italy),2017/18,Cagliari,19,0.9473684210526315,1.5789473684210527,11.789473684210526,3.789473684210526,2.6315789473684212,19,0.7894736842105263,1.631578947368421,7.7368421052631575,2.526315789473684,2.4210526315789473,0.1578947368421052,4.052631578947368
Serie A (Italy),2017/18,Chievo,19,1.1578947368421053,1.263157894736842,10.263157894736842,3.789473684210526,1.7894736842105263,19,0.7368421052631579,1.8421052631578947,10.052631578947368,3.3157894736842106,2.1578947368421053,0.42105263157894746,0.21052631578947434
Serie A (Italy),2017/18,Crotone,19,1.2105263157894737,1.3157894736842106,10.578947368421053,4.368421052631579,1.4736842105263157,19,0.8947368421052632,2.1578947368421053,9.368421052631579,2.736842105263158,2.0,0.3157894736842105,1.2105263157894743
Serie A (Italy),2017/18,Fiorentina,19,1.4210526315789473,1.1578947368421053,18.157894736842106,5.473684210526316,2.1052631578947367,19,1.4210526315789473,1.263157894736842,14.263157894736842,4.684210526315789,2.526315789473684,0.0,3.8947368421052637
Serie A (Italy),2017/18,Genoa,19,1.2105263157894737,1.4210526315789473,11.789473684210526,3.473684210526316,2.1052631578947367,19,0.5263157894736842,0.8421052631578947,9.842105263157896,3.1578947368421053,1.894736842105263,0.6842105263157895,1.94736842105263
Serie A (Italy),2017/18,Inter,19,1.9473684210526316,0.8421052631578947,16.473684210526315,5.894736842105263,1.5263157894736843,19,1.5263157894736843,0.7368421052631579,13.526315789473685,4.947368421052632,2.1052631578947367,0.42105263157894735,2.94736842105263
Serie A (Italy),2017/18,Juventus,19,2.3684210526315788,0.42105263157894735,16.842105263157894,6.368421052631579,1.5789473684210527,19,2.1578947368421053,0.8421052631578947,12.31578947368421,4.421052631578948,1.894736842105263,0.21052631578947345,4.526315789473683
Serie A (Italy),2017/18,Lazio,19,2.3684210526315788,1.105263157894737,16.210526315789473,6.684210526315789,1.631578947368421,19,2.3157894736842106,1.4736842105263157,12.947368421052632,4.684210526315789,2.4210526315789473,0.05263157894736814,3.2631578947368407
Serie A (Italy),2017/18,Milan,19,1.3157894736842106,0.8421052631578947,18.0,6.2631578947368425,1.5789473684210527,19,1.631578947368421,1.368421052631579,14.052631578947368,5.526315789473684,2.3684210526315788,-0.3157894736842104,3.947368421052632
Serie A (Italy),2017/18,Napoli,19,2.263157894736842,0.9473684210526315,18.894736842105264,7.473684210526316,1.2105263157894737,19,1.7894736842105263,0.5789473684210527,15.421052631578947,6.0,1.8421052631578947,0.4736842105263157,3.473684210526317
Serie A (Italy),2017/18,Roma,19,1.631578947368421,1.0,18.94736842105263,6.105263157894737,1.1578947368421053,19,1.5789473684210527,0.47368421052631576,14.947368421052632,5.105263157894737,1.368421052631579,0.05263157894736836,3.9999999999999982
Serie A (Italy),2017/18,Sampdoria,19,1.894736842105263,1.0526315789473684,13.68421052631579,4.842105263157895,1.5789473684210527,19,1.0526315789473684,2.1052631578947367,11.368421052631579,4.2105263157894735,2.0526315789473686,0.8421052631578947,2.3157894736842106
Serie A (Italy),2017/18,Sassuolo,19,0.5789473684210527,1.1578947368421053,13.526315789473685,3.736842105263158,2.3157894736842106,19,0.9473684210526315,1.9473684210526316,12.526315789473685,3.789473684210526,2.3684210526315788,-0.36842105263157887,1.0
Serie A (Italy),2017/18,Spal,19,1.1578947368421053,1.5263157894736843,10.421052631578947,3.1578947368421053,2.8421052631578947,19,0.8947368421052632,1.5789473684210527,8.947368421052632,2.8947368421052633,2.526315789473684,0.26315789473684215,1.473684210526315
Serie A (Italy),2017/18,Torino,19,1.5263157894736843,0.9473684210526315,12.421052631578947,4.473684210526316,1.7894736842105263,19,1.3157894736842106,1.4736842105263157,10.894736842105264,3.736842105263158,2.3157894736842106,0.21052631578947367,1.5263157894736832
Serie A (Italy),2017/18,Udinese,19,1.263157894736842,1.5789473684210527,12.947368421052632,4.2105263157894735,1.9473684210526316,19,1.263157894736842,1.736842105263158,10.421052631578947,3.1052631578947367,1.8421052631578947,0.0,2.526315789473685
Serie A (Italy),2017/18,Verona,19,0.7368421052631579,1.8421052631578947,10.210526315789474,2.789473684210526,2.6842105263157894,19,0.8421052631578947,2.263157894736842,8.578947368421053,2.526315789473684,2.3684210526315788,-0.10526315789473684,1.6315789473684212
Serie A (Italy),2018/19,Atalanta,19,1.894736842105263,1.0,13.157894736842104,7.0,1.4736842105263157,19,2.1578947368421053,1.4210526315789473,11.842105263157896,6.368421052631579,1.736842105263158,-0.26315789473684226,1.3157894736842088
Serie A (Italy),2018/19,Bologna,19,1.4736842105263157,1.1578947368421053,10.157894736842104,5.157894736842105,1.8421052631578947,19,1.0526315789473684,1.7894736842105263,9.736842105263158,5.315789473684211,3.0,0.42105263157894735,0.4210526315789469
Serie A (Italy),2018/19,Cagliari,19,1.2105263157894737,1.0526315789473684,10.105263157894736,4.421052631578948,2.4210526315789473,19,0.6842105263157895,1.7894736842105263,7.473684210526316,3.3684210526315788,2.5789473684210527,0.5263157894736842,2.6315789473684204
Serie A (Italy),2018/19,Chievo,19,0.7368421052631579,1.9473684210526316,7.473684210526316,3.6315789473684212,2.789473684210526,19,0.5789473684210527,2.0,7.315789473684211,3.526315789473684,2.9473684210526314,0.1578947368421052,0.1578947368421053
Serie A (Italy),2018/19,Empoli,19,1.736842105263158,1.5789473684210527,9.263157894736842,5.578947368421052,1.9473684210526316,19,0.9473684210526315,2.1052631578947367,8.105263157894736,4.368421052631579,1.9473684210526316,0.7894736842105264,1.1578947368421062
Serie A (Italy),2018/19,Fiorentina,19,1.3157894736842106,1.0,11.210526315789474,5.2631578947368425,2.3684210526315788,19,1.1578947368421053,1.368421052631579,10.631578947368421,6.105263157894737,2.4210526315789473,0.1578947368421053,0.5789473684210531
Serie A (Italy),2018/19,Frosinone,19,0.7368421052631579,2.0,10.421052631578947,4.7368421052631575,2.3684210526315788,19,0.7894736842105263,1.631578947368421,6.526315789473684,2.789473684210526,3.0,-0.052631578947368474,3.894736842105263
Serie A (Italy),2018/19,Genoa,19,1.105263157894737,1.1578947368421053,10.578947368421053,5.2631578947368425,2.473684210526316,19,0.9473684210526315,1.8421052631578947,8.894736842105264,4.052631578947368,2.5789473684210527,0.15789473684210542,1.6842105263157894
Serie A (Italy),2018/19,Inter,19,1.4210526315789473,0.5263157894736842,13.578947368421053,7.2105263157894735,1.736842105263158,19,1.5789473684210527,1.2105263157894737,10.578947368421053,5.315789473684211,2.210526315789474,-0.1578947368421053,3.0
Serie A (Italy),2018/19,Juventus,19,2.0526315789473686,0.6842105263157895,13.526315789473685,6.842105263157895,1.5789473684210527,19,1.631578947368421,0.8947368421052632,9.789473684210526,5.105263157894737,2.4210526315789473,0.42105263157894757,3.7368421052631593
Serie A (Italy),2018/19,Lazio,19,1.894736842105263,1.3157894736842106,13.052631578947368,6.631578947368421,2.0,19,1.0526315789473684,1.105263157894737,10.105263157894736,5.473684210526316,2.736842105263158,0.8421052631578947,2.947368421052632
Serie A (Italy),2018/19,Milan,19,1.631578947368421,0.8947368421052632,12.052631578947368,6.473684210526316,1.894736842105263,19,1.263157894736842,1.0,10.210526315789474,5.684210526315789,2.473684210526316,0.368421052631579,1.8421052631578938
Serie A (Italy),2018/19,Napoli,19,2.1578947368421053,0.8421052631578947,16.68421052631579,8.894736842105264,1.6842105263157894,19,1.736842105263158,1.0526315789473684,12.263157894736842,6.368421052631579,2.263157894736842,0.42105263157894735,4.421052631578949
Serie A (Italy),2018/19,Parma,19,0.9473684210526315,1.3157894736842106,8.0,3.789473684210526,2.0,19,1.2105263157894737,1.894736842105263,6.2105263157894735,3.263157894736842,2.4210526315789473,-0.26315789473684215,1.7894736842105265
Serie A (Italy),2018/19,Roma,19,2.263157894736842,1.368421052631579,12.842105263157896,7.421052631578948,2.1052631578947367,19,1.2105263157894737,1.1578947368421053,11.31578947368421,6.105263157894737,2.6315789473684212,1.0526315789473684,1.526315789473685
Serie A (Italy),2018/19,Sampdoria,19,1.4736842105263157,0.8421052631578947,10.368421052631579,5.7368421052631575,2.263157894736842,19,1.6842105263157894,1.8421052631578947,8.736842105263158,5.052631578947368,2.5789473684210527,-0.21052631578947367,1.6315789473684212
Serie A (Italy),2018/19,Sassuolo,19,1.736842105263158,1.736842105263158,11.263157894736842,5.368421052631579,2.1578947368421053,19,1.0526315789473684,1.4210526315789473,8.526315789473685,4.315789473684211,2.4210526315789473,0.6842105263157896,2.7368421052631575
Serie A (Italy),2018/19,Spal,19,1.0526315789473684,1.368421052631579,9.263157894736842,4.368421052631579,2.9473684210526314,19,1.263157894736842,1.5789473684210527,8.31578947368421,4.105263157894737,3.0,-0.21052631578947367,0.9473684210526319
Serie A (Italy),2018/19,Torino,19,1.6842105263157894,1.0,11.736842105263158,6.421052631578948,2.0,19,1.0526315789473684,0.9473684210526315,8.68421052631579,4.2105263157894735,2.736842105263158,0.631578947368421,3.052631578947368
Serie A (Italy),2018/19,Udinese,19,1.1578947368421053,1.1578947368421053,9.947368421052632,4.526315789473684,2.6842105263157894,19,0.8947368421052632,1.631578947368421,8.421052631578947,3.8421052631578947,2.1578947368421053,0.26315789473684215,1.526315789473685
Serie A (Italy),2019/20,Atalanta,19,2.6842105263157894,1.368421052631579,14.68421052631579,8.31578947368421,2.1052631578947367,19,2.473684210526316,1.1578947368421053,13.736842105263158,8.105263157894736,2.1052631578947367,0.21052631578947345,0.9473684210526319
Serie A (Italy),2019/20,Bologna,19,1.3157894736842106,1.5263157894736843,11.421052631578947,5.578947368421052,2.736842105263158,19,1.4210526315789473,1.894736842105263,10.736842105263158,5.473684210526316,3.0,-0.10526315789473673,0.6842105263157894
Serie A (Italy),2019/20,Brescia,19,1.105263157894737,1.7894736842105263,9.105263157894736,5.052631578947368,2.526315789473684,19,0.7368421052631579,2.3684210526315788,7.105263157894737,3.3684210526315788,2.473684210526316,0.3684210526315791,1.9999999999999991
Serie A (Italy),2019/20,Cagliari,19,1.6842105263157894,1.4736842105263157,9.894736842105264,5.2105263157894735,2.736842105263158,19,1.0526315789473684,1.4736842105263157,8.789473684210526,4.157894736842105,3.0,0.631578947368421,1.105263157894738
Serie A (Italy),2019/20,Fiorentina,19,1.1578947368421053,1.1578947368421053,11.31578947368421,5.631578947368421,2.6315789473684212,19,1.5263157894736843,1.368421052631579,9.894736842105264,5.7368421052631575,2.9473684210526314,-0.368421052631579,1.421052631578947
Serie A (Italy),2019/20,Genoa,19,1.263157894736842,1.631578947368421,8.631578947368421,5.105263157894737,2.8421052631578947,19,1.2105263157894737,2.210526315789474,8.421052631578947,4.421052631578948,2.789473684210526,0.05263157894736836,0.21052631578947434
Serie A (Italy),2019/20,Inter,19,2.1052631578947367,0.8947368421052632,13.263157894736842,7.7894736842105265,2.6315789473684212,19,2.1578947368421053,1.0,9.789473684210526,6.315789473684211,2.9473684210526314,-0.052631578947368585,3.473684210526317
Serie A (Italy),2019/20,Juventus,19,2.4210526315789473,0.8947368421052632,13.736842105263158,8.263157894736842,2.0,19,1.5789473684210527,1.368421052631579,11.263157894736842,6.0,2.5789473684210527,0.8421052631578947,2.473684210526315
Serie A (Italy),2019/20,Lazio,19,2.4210526315789473,0.8947368421052632,14.0,8.0,2.4210526315789473,19,1.736842105263158,1.3157894736842106,10.578947368421053,6.105263157894737,2.8947368421052633,0.6842105263157894,3.421052631578947
Serie A (Italy),2019/20,Lecce,19,1.5789473684210527,2.1578947368421053,10.210526315789474,5.0,2.473684210526316,19,1.1578947368421053,2.3157894736842106,10.526315789473685,5.315789473684211,2.736842105263158,0.42105263157894735,-0.3157894736842106
Serie A (Italy),2019/20,Milan,19,1.631578947368421,1.0526315789473684,12.526315789473685,6.7368421052631575,2.3157894736842106,19,1.6842105263157894,1.368421052631579,10.68421052631579,5.894736842105263,2.8947368421052633,-0.05263157894736836,1.8421052631578956
Serie A (Italy),2019/20,Napoli,19,1.631578947368421,1.263157894736842,15.894736842105264,8.263157894736842,1.894736842105263,19,1.5789473684210527,1.368421052631579,11.210526315789474,6.2631578947368425,2.0,0.05263157894736836,4.684210526315789
Serie A (Italy),2019/20,Parma,19,1.368421052631579,1.263157894736842,10.736842105263158,4.947368421052632,2.1578947368421053,19,1.5789473684210527,1.736842105263158,8.736842105263158,4.684210526315789,2.210526315789474,-0.21052631578947367,2.0
Serie A (Italy),2019/20,Roma,19,1.894736842105263,1.4210526315789473,14.68421052631579,7.842105263157895,2.5789473684210527,19,2.1578947368421053,1.263157894736842,10.526315789473685,6.0,3.3157894736842106,-0.26315789473684226,4.157894736842104
Serie A (Italy),2019/20,Sampdoria,19,1.3157894736842106,1.5789473684210527,12.736842105263158,6.2105263157894735,2.789473684210526,19,1.2105263157894737,1.8421052631578947,8.31578947368421,4.473684210526316,2.9473684210526314,0.10526315789473695,4.421052631578947
Serie A (Italy),2019/20,Sassuolo,19,2.3157894736842106,1.736842105263158,11.052631578947368,7.052631578947368,2.4210526315789473,19,1.3157894736842106,1.5789473684210527,9.263157894736842,4.947368421052632,2.8421052631578947,1.0,1.7894736842105257
Serie A (Italy),2019/20,Spal,19,0.8421052631578947,2.1052631578947367,9.210526315789474,3.8947368421052633,2.526315789473684,19,0.5789473684210527,1.9473684210526316,8.105263157894736,3.473684210526316,2.736842105263158,0.26315789473684204,1.105263157894738
Serie A (Italy),2019/20,Torino,19,1.2105263157894737,1.5789473684210527,7.526315789473684,4.473684210526316,2.6315789473684212,19,1.2105263157894737,2.0,8.789473684210526,4.7368421052631575,2.4210526315789473,0.0,-1.2631578947368416
Serie A (Italy),2019/20,Udinese,19,0.9473684210526315,1.2105263157894737,9.894736842105264,4.842105263157895,2.210526315789474,19,1.0,1.4736842105263157,7.7368421052631575,4.0,1.736842105263158,-0.052631578947368474,2.157894736842106
Serie A (Italy),2019/20,Verona,19,1.5263157894736843,1.3157894736842106,9.052631578947368,5.526315789473684,2.1052631578947367,19,0.9473684210526315,1.368421052631579,9.157894736842104,5.105263157894737,2.473684210526316,0.5789473684210528,-0.10526315789473628
Serie A (Italy),2020/21,Atalanta,19,2.5789473684210527,1.263157894736842,14.736842105263158,6.842105263157895,1.5263157894736843,19,2.1578947368421053,1.2105263157894737,14.263157894736842,7.7368421052631575,2.0,0.42105263157894735,0.47368421052631504
Serie A (Italy),2020/21,Benevento,19,1.0,2.0526315789473686,9.421052631578947,4.842105263157895,2.3684210526315788,19,1.105263157894737,1.894736842105263,8.789473684210526,3.789473684210526,2.6315789473684212,-0.10526315789473695,0.6315789473684212
Serie A (Italy),2020/21,Bologna,19,1.736842105263158,1.736842105263158,11.421052631578947,5.7894736842105265,2.3157894736842106,19,0.9473684210526315,1.6842105263157894,11.473684210526315,5.526315789473684,2.0526315789473686,0.7894736842105264,-0.05263157894736814
Serie A (Italy),2020/21,Cagliari,19,1.1578947368421053,1.6842105263157894,11.473684210526315,4.421052631578948,1.9473684210526316,19,1.105263157894737,1.4210526315789473,8.263157894736842,4.157894736842105,2.1052631578947367,0.05263157894736836,3.2105263157894726
Serie A (Italy),2020/21,Crotone,19,1.2105263157894737,1.8421052631578947,9.105263157894736,4.2631578947368425,2.210526315789474,19,1.1578947368421053,3.0,8.0,3.3684210526315788,2.473684210526316,0.05263157894736836,1.1052631578947363
Serie A (Italy),2020/21,Fiorentina,19,1.3157894736842106,1.3157894736842106,10.0,4.368421052631579,2.3684210526315788,19,1.1578947368421053,1.7894736842105263,7.894736842105263,4.052631578947368,2.1578947368421053,0.1578947368421053,2.105263157894737
Serie A (Italy),2020/21,Genoa,19,1.5263157894736843,1.5789473684210527,8.157894736842104,4.2105263157894735,1.894736842105263,19,0.9473684210526315,1.4736842105263157,7.2105263157894735,3.6315789473684212,2.736842105263158,0.5789473684210528,0.947368421052631
Serie A (Italy),2020/21,Inter,19,2.789473684210526,0.9473684210526315,12.0,6.578947368421052,1.2105263157894737,19,1.894736842105263,0.8947368421052632,13.526315789473685,6.421052631578948,2.0,0.894736842105263,-1.526315789473685
Serie A (Italy),2020/21,Juventus,19,2.1052631578947367,0.9473684210526315,15.052631578947368,7.526315789473684,2.3157894736842106,19,1.9473684210526316,1.0526315789473684,12.052631578947368,5.842105263157895,1.894736842105263,0.1578947368421051,3.0
Serie A (Italy),2020/21,Lazio,19,1.894736842105263,1.2105263157894737,12.421052631578947,6.684210526315789,3.0526315789473686,19,1.3157894736842106,1.6842105263157894,11.789473684210526,5.157894736842105,2.5789473684210527,0.5789473684210524,0.6315789473684212
Serie A (Italy),2020/21,Milan,19,1.631578947368421,1.263157894736842,14.736842105263158,6.842105263157895,2.1052631578947367,19,2.263157894736842,0.8947368421052632,11.105263157894736,6.315789473684211,2.3157894736842106,-0.631578947368421,3.6315789473684212
Serie A (Italy),2020/21,Napoli,19,2.6315789473684212,1.0526315789473684,16.05263157894737,7.894736842105263,2.0526315789473686,19,1.894736842105263,1.105263157894737,14.157894736842104,6.842105263157895,1.9473684210526316,0.7368421052631582,1.8947368421052655
Serie A (Italy),2020/21,Parma,19,0.8421052631578947,2.0526315789473686,10.578947368421053,4.578947368421052,2.473684210526316,19,1.2105263157894737,2.3157894736842106,8.631578947368421,3.526315789473684,2.3157894736842106,-0.368421052631579,1.9473684210526319
Serie A (Italy),2020/21,Roma,19,2.210526315789474,0.9473684210526315,13.263157894736842,7.052631578947368,2.789473684210526,19,1.368421052631579,1.9473684210526316,11.736842105263158,6.0,2.0,0.8421052631578949,1.526315789473685
Serie A (Italy),2020/21,Sampdoria,19,1.6842105263157894,1.368421052631579,9.526315789473685,4.894736842105263,2.0,19,1.0526315789473684,1.4736842105263157,9.157894736842104,4.157894736842105,2.3684210526315788,0.631578947368421,0.36842105263158054
Serie A (Italy),2020/21,Sassuolo,19,1.631578947368421,1.4210526315789473,12.842105263157896,5.894736842105263,2.263157894736842,19,1.736842105263158,1.5263157894736843,11.842105263157896,5.526315789473684,1.894736842105263,-0.10526315789473695,1.0
Serie A (Italy),2020/21,Spezia,19,1.4736842105263157,1.736842105263158,9.68421052631579,5.052631578947368,2.9473684210526314,19,1.263157894736842,2.0526315789473686,8.789473684210526,3.9473684210526314,2.263157894736842,0.21052631578947367,0.8947368421052637
Serie A (Italy),2020/21,Torino,19,1.3157894736842106,1.894736842105263,11.68421052631579,5.631578947368421,1.6842105263157894,19,1.3157894736842106,1.736842105263158,10.210526315789474,5.0,2.3684210526315788,0.0,1.473684210526315
Serie A (Italy),2020/21,Udinese,19,0.7368421052631579,1.0,9.789473684210526,4.315789473684211,1.631578947368421,19,1.4736842105263157,2.0526315789473686,8.68421052631579,4.315789473684211,1.7894736842105263,-0.7368421052631579,1.1052631578947363
Serie A (Italy),2020/21,Verona,19,1.0526315789473684,1.2105263157894737,10.210526315789474,5.368421052631579,2.526315789473684,19,1.2105263157894737,1.3157894736842106,8.31578947368421,3.473684210526316,2.263157894736842,-0.1578947368421053,1.8947368421052637
Serie A (Italy),2021/22,Atalanta,19,1.631578947368421,1.5263157894736843,17.157894736842106,5.052631578947368,1.8421052631578947,19,1.7894736842105263,1.0,14.368421052631579,4.157894736842105,2.6842105263157894,-0.1578947368421053,2.7894736842105274
Serie A (Italy),2021/22,Bologna,19,1.3157894736842106,1.263157894736842,11.842105263157896,3.789473684210526,1.894736842105263,19,1.0,1.631578947368421,11.052631578947368,4.052631578947368,2.9473684210526314,0.3157894736842106,0.7894736842105274
Serie A (Italy),2021/22,Cagliari,19,1.0526315789473684,1.736842105263158,11.842105263157896,3.526315789473684,2.1578947368421053,19,0.7368421052631579,1.8421052631578947,10.210526315789474,3.0526315789473686,2.8947368421052633,0.3157894736842105,1.6315789473684212
Serie A (Italy),2021/22,Empoli,19,1.4736842105263157,2.3157894736842106,14.263157894736842,4.842105263157895,2.1052631578947367,19,1.1578947368421053,1.368421052631579,11.473684210526315,3.8421052631578947,2.473684210526316,0.3157894736842104,2.7894736842105274
Serie A (Italy),2021/22,Fiorentina,19,2.0,1.0526315789473684,15.578947368421053,6.421052631578948,2.0526315789473686,19,1.105263157894737,1.631578947368421,11.473684210526315,3.4210526315789473,2.5789473684210527,0.894736842105263,4.105263157894738
Serie A (Italy),2021/22,Genoa,19,0.7368421052631579,1.3157894736842106,11.789473684210526,3.210526315789474,2.526315789473684,19,0.6842105263157895,1.8421052631578947,9.526315789473685,3.0,2.3157894736842106,0.05263157894736836,2.2631578947368407
Serie A (Italy),2021/22,Inter,19,2.526315789473684,0.8421052631578947,19.789473684210527,8.052631578947368,1.5263157894736843,19,1.894736842105263,0.8421052631578947,15.894736842105264,5.315789473684211,2.210526315789474,0.631578947368421,3.8947368421052637
Serie A (Italy),2021/22,Juventus,19,1.3157894736842106,0.7368421052631579,14.842105263157896,4.578947368421052,2.210526315789474,19,1.6842105263157894,1.2105263157894737,12.789473684210526,4.578947368421052,1.8421052631578947,-0.36842105263157876,2.05263157894737
Serie A (Italy),2021/22,Lazio,19,2.210526315789474,1.3157894736842106,13.68421052631579,5.473684210526316,1.7894736842105263,19,1.8421052631578947,1.736842105263158,10.105263157894736,4.842105263157895,2.8421052631578947,0.3684210526315792,3.578947368421053
Serie A (Italy),2021/22,Milan,19,1.4736842105263157,0.631578947368421,16.105263157894736,4.526315789473684,1.5263157894736843,19,2.1578947368421053,1.0,15.368421052631579,5.7368421052631575,2.473684210526316,-0.6842105263157896,0.7368421052631575
Serie A (Italy),2021/22,Napoli,19,1.9473684210526316,0.8421052631578947,17.68421052631579,5.7894736842105265,1.4736842105263157,19,1.9473684210526316,0.7894736842105263,12.68421052631579,4.842105263157895,1.8421052631578947,0.0,5.000000000000002
Serie A (Italy),2021/22,Roma,19,1.368421052631579,0.8421052631578947,16.36842105263158,5.315789473684211,3.0,19,1.736842105263158,1.4210526315789473,14.842105263157896,5.2105263157894735,2.789473684210526,-0.368421052631579,1.5263157894736832
Serie A (Italy),2021/22,Salernitana,19,0.8947368421052632,2.0526315789473686,12.0,3.4210526315789473,2.0,19,0.8421052631578947,2.0526315789473686,10.526315789473685,3.8947368421052633,2.9473684210526314,0.052631578947368474,1.473684210526315
Serie A (Italy),2021/22,Sampdoria,19,1.5263157894736843,1.6842105263157894,11.0,3.736842105263158,2.5789473684210527,19,0.8947368421052632,1.631578947368421,9.31578947368421,2.9473684210526314,2.3157894736842106,0.6315789473684211,1.6842105263157894
Serie A (Italy),2021/22,Sassuolo,19,1.4210526315789473,1.5789473684210527,15.578947368421053,5.578947368421052,2.1578947368421053,19,1.9473684210526316,1.894736842105263,14.473684210526315,5.631578947368421,2.6842105263157894,-0.5263157894736843,1.105263157894738
Serie A (Italy),2021/22,Spezia,19,1.105263157894737,1.5789473684210527,10.736842105263158,3.4210526315789473,2.4210526315789473,19,1.0526315789473684,2.1578947368421053,9.631578947368421,3.6842105263157894,2.263157894736842,0.052631578947368585,1.1052631578947363
Serie A (Italy),2021/22,Torino,19,1.5263157894736843,1.105263157894737,14.0,4.578947368421052,1.7894736842105263,19,0.8947368421052632,1.0526315789473684,10.789473684210526,3.526315789473684,2.8947368421052633,0.6315789473684211,3.2105263157894743
Serie A (Italy),2021/22,Udinese,19,1.631578947368421,1.5263157894736843,13.157894736842104,4.578947368421052,2.4210526315789473,19,1.5789473684210527,1.5263157894736843,13.31578947368421,5.315789473684211,2.5789473684210527,0.05263157894736836,-0.1578947368421062
Serie A (Italy),2021/22,Venezia,19,1.105263157894737,2.0,10.631578947368421,3.4210526315789473,2.5789473684210527,19,0.6842105263157895,1.631578947368421,7.842105263157895,2.8947368421052633,3.210526315789474,0.42105263157894746,2.7894736842105265
Serie A (Italy),2021/22,Verona,19,1.7894736842105263,1.3157894736842106,12.263157894736842,4.526315789473684,2.473684210526316,19,1.631578947368421,1.7894736842105263,11.631578947368421,3.9473684210526314,2.8947368421052633,0.1578947368421053,0.6315789473684212
Serie A (Italy),2022/23,Atalanta,19,2.0,1.368421052631579,15.947368421052632,5.473684210526316,1.9473684210526316,19,1.4736842105263157,1.1578947368421053,11.157894736842104,3.8421052631578947,2.4210526315789473,0.5263157894736843,4.789473684210527
Serie A (Italy),2022/23,Bologna,19,1.263157894736842,0.7368421052631579,13.210526315789474,4.157894736842105,2.0526315789473686,19,1.5263157894736843,1.8421052631578947,12.421052631578947,4.0,2.4210526315789473,-0.26315789473684226,0.7894736842105274
Serie A (Italy),2022/23,Cremonese,19,0.7894736842105263,1.631578947368421,12.68421052631579,3.4210526315789473,1.5789473684210527,19,1.105263157894737,2.0,11.736842105263158,3.473684210526316,2.6842105263157894,-0.3157894736842106,0.9473684210526319
Serie A (Italy),2022/23,Empoli,19,1.1578947368421053,1.2105263157894737,13.578947368421053,3.9473684210526314,2.3157894736842106,19,0.7894736842105263,1.368421052631579,10.0,2.9473684210526314,2.3684210526315788,0.368421052631579,3.578947368421053
Serie A (Italy),2022/23,Fiorentina,19,1.5789473684210527,1.1578947368421053,18.31578947368421,5.7894736842105265,2.1052631578947367,19,1.2105263157894737,1.105263157894737,13.31578947368421,3.8421052631578947,2.8421052631578947,0.368421052631579,4.999999999999998
Serie A (Italy),2022/23,Inter,19,1.9473684210526316,0.7368421052631579,16.31578947368421,5.052631578947368,1.5263157894736843,19,1.7894736842105263,1.4736842105263157,16.736842105263158,5.578947368421052,1.894736842105263,0.1578947368421053,-0.4210526315789487
Serie A (Italy),2022/23,Juventus,19,2.0,0.7894736842105263,15.368421052631579,5.2105263157894735,1.6842105263157894,19,0.9473684210526315,0.9473684210526315,12.736842105263158,4.105263157894737,2.263157894736842,1.0526315789473686,2.6315789473684212
Serie A (Italy),2022/23,Lazio,19,1.6842105263157894,0.9473684210526315,12.31578947368421,4.7368421052631575,2.210526315789474,19,1.4736842105263157,0.631578947368421,10.736842105263158,4.2105263157894735,2.263157894736842,0.21052631578947367,1.578947368421053
Serie A (Italy),2022/23,Lecce,19,0.9473684210526315,1.263157894736842,12.68421052631579,3.210526315789474,2.473684210526316,19,0.7894736842105263,1.1578947368421053,9.473684210526315,2.6842105263157894,2.1052631578947367,0.1578947368421052,3.2105263157894743
Serie A (Italy),2022/23,Milan,19,2.1578947368421053,1.0526315789473684,16.0,5.157894736842105,2.4210526315789473,19,1.2105263157894737,1.2105263157894737,13.0,4.684210526315789,2.3157894736842106,0.9473684210526316,3.0
Serie A (Italy),2022/23,Monza,19,1.3157894736842106,1.1578947368421053,12.052631578947368,4.052631578947368,2.3157894736842106,19,1.2105263157894737,1.5789473684210527,9.578947368421053,3.473684210526316,2.4210526315789473,0.10526315789473695,2.473684210526315
Serie A (Italy),2022/23,Napoli,19,2.1052631578947367,0.7894736842105263,18.05263157894737,6.2631578947368425,0.8421052631578947,19,1.9473684210526316,0.6842105263157895,14.210526315789474,5.473684210526316,1.631578947368421,0.1578947368421051,3.8421052631578956
Serie A (Italy),2022/23,Roma,19,1.4736842105263157,0.7894736842105263,14.947368421052632,5.052631578947368,2.0,19,1.1578947368421053,1.2105263157894737,11.157894736842104,3.736842105263158,2.3157894736842106,0.3157894736842104,3.7894736842105274
Serie A (Italy),2022/23,Salernitana,19,1.5789473684210527,1.368421052631579,10.789473684210526,3.3157894736842106,2.263157894736842,19,0.9473684210526315,1.894736842105263,9.421052631578947,2.8947368421052633,2.3157894736842106,0.6315789473684211,1.3684210526315788
Serie A (Italy),2022/23,Sampdoria,19,0.631578947368421,1.4736842105263157,10.210526315789474,2.5789473684210527,2.6315789473684212,19,0.631578947368421,2.263157894736842,9.736842105263158,3.6842105263157894,3.1052631578947367,0.0,0.4736842105263168
Serie A (Italy),2022/23,Sassuolo,19,1.263157894736842,1.2105263157894737,12.105263157894736,4.2105263157894735,2.4210526315789473,19,1.2105263157894737,2.0,13.526315789473685,4.7368421052631575,2.3157894736842106,0.05263157894736836,-1.4210526315789487
Serie A (Italy),2022/23,Spezia,19,0.9473684210526315,1.5789473684210527,11.210526315789474,3.4210526315789473,2.3684210526315788,19,0.6842105263157895,1.6842105263157894,10.894736842105264,3.1052631578947367,3.0526315789473686,0.26315789473684204,0.3157894736842106
Serie A (Italy),2022/23,Torino,19,0.7894736842105263,1.0,11.789473684210526,3.8421052631578947,1.8421052631578947,19,1.4210526315789473,1.1578947368421053,11.842105263157896,3.8947368421052633,2.4210526315789473,-0.631578947368421,-0.05263157894736992
Serie A (Italy),2022/23,Udinese,19,1.5789473684210527,1.0526315789473684,15.0,4.684210526315789,2.0526315789473686,19,0.8947368421052632,1.4736842105263157,11.631578947368421,3.3157894736842106,2.526315789473684,0.6842105263157895,3.3684210526315788
Serie A (Italy),2022/23,Verona,19,1.0526315789473684,1.6842105263157894,11.894736842105264,3.736842105263158,2.6315789473684212,19,0.5789473684210527,1.4210526315789473,9.894736842105264,2.5789473684210527,2.789473684210526,0.4736842105263157,2.0
Serie A (Italy),2023/24,Atalanta,19,2.210526315789474,0.8421052631578947,16.94736842105263,6.631578947368421,1.368421052631579,19,1.5789473684210527,1.368421052631579,11.736842105263158,4.2631578947368425,2.5789473684210527,0.6315789473684212,5.210526315789473
Serie A (Italy),2023/24,Bologna,19,1.736842105263158,0.631578947368421,14.105263157894736,4.526315789473684,2.1578947368421053,19,1.105263157894737,1.0526315789473684,11.0,4.157894736842105,2.3157894736842106,0.631578947368421,3.1052631578947363
Serie A (Italy),2023/24,Cagliari,19,1.4736842105263157,1.6842105263157894,13.473684210526315,4.315789473684211,2.0,19,0.7368421052631579,1.894736842105263,10.157894736842104,2.9473684210526314,2.1052631578947367,0.7368421052631579,3.3157894736842106
Serie A (Italy),2023/24,Empoli,19,0.7894736842105263,1.2105263157894737,11.631578947368421,3.6315789473684212,2.3157894736842106,19,0.7368421052631579,1.631578947368421,10.421052631578947,2.6315789473684212,2.3684210526315788,0.052631578947368474,1.2105263157894743
Serie A (Italy),2023/24,Fiorentina,19,1.9473684210526316,1.1578947368421053,15.789473684210526,5.421052631578948,1.5789473684210527,19,1.263157894736842,1.263157894736842,11.578947368421053,4.105263157894737,2.6315789473684212,0.6842105263157896,4.210526315789473
Serie A (Italy),2023/24,Frosinone,19,1.4736842105263157,1.6842105263157894,13.210526315789474,4.842105263157895,1.6842105263157894,19,0.8421052631578947,1.9473684210526316,11.631578947368421,3.6315789473684212,1.894736842105263,0.631578947368421,1.578947368421053
Serie A (Italy),2023/24,Genoa,19,1.4210526315789473,1.1578947368421053,12.263157894736842,3.789473684210526,1.894736842105263,19,0.9473684210526315,1.2105263157894737,8.842105263157896,2.8947368421052633,2.3157894736842106,0.4736842105263158,3.421052631578947
Serie A (Italy),2023/24,Inter,19,2.3157894736842106,0.5789473684210527,17.57894736842105,6.157894736842105,0.9473684210526315,19,2.3684210526315788,0.5789473684210527,13.578947368421053,5.0,1.4736842105263157,-0.05263157894736814,3.9999999999999982
Serie A (Italy),2023/24,Juventus,19,1.368421052631579,0.5789473684210527,15.368421052631579,4.368421052631579,1.894736842105263,19,1.4736842105263157,1.0526315789473684,12.789473684210526,3.8947368421052633,2.6315789473684212,-0.10526315789473673,2.578947368421053
Serie A (Italy),2023/24,Lazio,19,1.2105263157894737,0.7368421052631579,11.789473684210526,3.9473684210526314,2.4210526315789473,19,1.368421052631579,1.3157894736842106,11.368421052631579,3.473684210526316,2.8947368421052633,-0.1578947368421053,0.4210526315789469
Serie A (Italy),2023/24,Lecce,19,0.8947368421052632,1.4210526315789473,15.0,4.473684210526316,2.1052631578947367,19,0.7894736842105263,1.4210526315789473,11.842105263157896,3.5789473684210527,2.5789473684210527,0.10526315789473684,3.1578947368421044
Serie A (Italy),2023/24,Milan,19,2.0,0.8947368421052632,15.263157894736842,5.947368421052632,1.631578947368421,19,2.0,1.6842105263157894,14.368421052631579,5.368421052631579,2.6842105263157894,0.0,0.8947368421052637
Serie A (Italy),2023/24,Monza,19,1.2105263157894737,1.368421052631579,13.368421052631579,3.526315789473684,2.1578947368421053,19,0.8421052631578947,1.3157894736842106,10.68421052631579,3.3157894736842106,2.473684210526316,0.368421052631579,2.6842105263157894
Serie A (Italy),2023/24,Napoli,19,1.263157894736842,1.4210526315789473,20.473684210526315,6.526315789473684,2.1578947368421053,19,1.631578947368421,1.105263157894737,13.736842105263158,4.421052631578948,1.9473684210526316,-0.368421052631579,6.7368421052631575
Serie A (Italy),2023/24,Roma,19,2.0,1.0,13.578947368421053,4.2631578947368425,2.526315789473684,19,1.4210526315789473,1.4210526315789473,11.473684210526315,4.0,2.5789473684210527,0.5789473684210527,2.105263157894738
Serie A (Italy),2023/24,Salernitana,19,0.8947368421052632,2.0,11.526315789473685,3.5789473684210527,2.789473684210526,19,0.7894736842105263,2.263157894736842,9.526315789473685,2.736842105263158,2.0,0.10526315789473684,2.0
Serie A (Italy),2023/24,Sassuolo,19,1.2105263157894737,1.7894736842105263,12.526315789473685,4.052631578947368,1.736842105263158,19,1.0526315789473684,2.1578947368421053,11.789473684210526,4.0,2.0,0.1578947368421053,0.7368421052631593
Serie A (Italy),2023/24,Torino,19,0.9473684210526315,0.47368421052631576,12.105263157894736,3.5789473684210527,1.5789473684210527,19,0.9473684210526315,1.4210526315789473,10.789473684210526,2.8947368421052633,2.3684210526315788,0.0,1.3157894736842106
Serie A (Italy),2023/24,Udinese,19,1.105263157894737,1.5263157894736843,12.842105263157896,4.315789473684211,2.526315789473684,19,0.8421052631578947,1.263157894736842,11.421052631578947,3.0,2.4210526315789473,0.26315789473684226,1.4210526315789487
Serie A (Italy),2023/24,Verona,19,1.2105263157894737,1.368421052631579,12.526315789473685,4.7894736842105265,2.1578947368421053,19,0.7894736842105263,1.3157894736842106,10.789473684210526,3.1578947368421053,2.473684210526316,0.42105263157894735,1.7368421052631593
Serie A (Italy),2024/25,Atalanta,19,1.894736842105263,1.263157894736842,14.842105263157896,5.421052631578948,1.4210526315789473,19,2.210526315789474,0.6842105263157895,13.789473684210526,4.7894736842105265,2.1052631578947367,-0.31578947368421084,1.05263157894737
Serie A (Italy),2024/25,Bologna,19,1.736842105263158,0.9473684210526315,15.578947368421053,5.052631578947368,1.631578947368421,19,1.263157894736842,1.5263157894736843,11.473684210526315,4.157894736842105,1.5789473684210527,0.47368421052631593,4.105263157894738
Serie A (Italy),2024/25,Cagliari,19,1.263157894736842,1.4736842105263157,13.473684210526315,3.789473684210526,1.263157894736842,19,0.8421052631578947,1.4736842105263157,8.631578947368421,2.5789473684210527,2.3157894736842106,0.42105263157894735,4.842105263157894
Serie A (Italy),2024/25,Como,19,1.4736842105263157,1.368421052631579,14.68421052631579,5.2105263157894735,2.0526315789473686,19,1.105263157894737,1.368421052631579,12.578947368421053,4.315789473684211,2.526315789473684,0.36842105263157876,2.1052631578947363
Serie A (Italy),2024/25,Empoli,19,0.5263157894736842,1.368421052631579,9.052631578947368,2.736842105263158,1.263157894736842,19,1.2105263157894737,1.736842105263158,10.157894736842104,3.0526315789473686,2.210526315789474,-0.6842105263157895,-1.1052631578947363
Serie A (Italy),2024/25,Fiorentina,19,1.6842105263157894,0.9473684210526315,11.31578947368421,4.578947368421052,1.9473684210526316,19,1.4736842105263157,1.2105263157894737,11.263157894736842,4.368421052631579,2.3157894736842106,0.21052631578947367,0.05263157894736814
Serie A (Italy),2024/25,Genoa,19,1.105263157894737,1.3157894736842106,11.526315789473685,4.052631578947368,1.8421052631578947,19,0.8421052631578947,1.263157894736842,8.68421052631579,2.3684210526315788,1.894736842105263,0.26315789473684226,2.8421052631578956
Serie A (Italy),2024/25,Inter,19,2.1052631578947367,1.105263157894737,16.526315789473685,5.2631578947368425,1.2105263157894737,19,2.0526315789473686,0.7368421052631579,13.526315789473685,4.947368421052632,1.7894736842105263,0.05263157894736814,3.0
Serie A (Italy),2024/25,Juventus,19,1.631578947368421,0.7894736842105263,15.526315789473685,5.421052631578948,1.736842105263158,19,1.4210526315789473,1.0526315789473684,11.473684210526315,4.578947368421052,1.736842105263158,0.21052631578947367,4.05263157894737
Serie A (Italy),2024/25,Lazio,19,1.736842105263158,1.368421052631579,15.263157894736842,5.421052631578948,2.4210526315789473,19,1.4736842105263157,1.2105263157894737,12.947368421052632,5.052631578947368,2.4210526315789473,0.26315789473684226,2.3157894736842106
Serie A (Italy),2024/25,Lecce,19,0.6842105263157895,1.631578947368421,12.947368421052632,3.526315789473684,1.2105263157894737,19,0.7368421052631579,1.4210526315789473,10.842105263157896,3.1052631578947367,1.9473684210526316,-0.05263157894736836,2.1052631578947363
Serie A (Italy),2024/25,Milan,19,1.5789473684210527,0.8421052631578947,15.31578947368421,4.947368421052632,1.5263157894736843,19,1.631578947368421,1.4210526315789473,14.0,5.368421052631579,2.0526315789473686,-0.05263157894736836,1.3157894736842106
Serie A (Italy),2024/25,Monza,19,0.6842105263157895,1.631578947368421,10.473684210526315,2.9473684210526314,2.1578947368421053,19,0.7894736842105263,2.0,7.052631578947368,2.526315789473684,2.5789473684210527,-0.10526315789473684,3.421052631578947
Serie A (Italy),2024/25,Napoli,19,1.6842105263157894,0.6842105263157895,16.31578947368421,5.0,1.0526315789473684,19,1.4210526315789473,0.7368421052631579,10.263157894736842,3.3684210526315788,1.368421052631579,0.26315789473684204,6.052631578947366
Serie A (Italy),2024/25,Parma,19,1.3157894736842106,1.4736842105263157,11.526315789473685,4.0,2.0,19,1.0,1.5789473684210527,10.736842105263158,3.789473684210526,1.894736842105263,0.3157894736842106,0.7894736842105274
Serie A (Italy),2024/25,Roma,19,1.9473684210526316,0.7894736842105263,13.947368421052632,4.684210526315789,1.5263157894736843,19,1.0,1.0526315789473684,12.842105263157896,4.473684210526316,1.8421052631578947,0.9473684210526316,1.1052631578947363
Serie A (Italy),2024/25,Torino,19,0.8947368421052632,0.9473684210526315,10.894736842105264,3.210526315789474,1.6842105263157894,19,1.1578947368421053,1.4210526315789473,9.368421052631579,3.5789473684210527,2.526315789473684,-0.26315789473684215,1.526315789473685
Serie A (Italy),2024/25,Udinese,19,1.1578947368421053,1.4210526315789473,12.052631578947368,3.8421052631578947,1.8421052631578947,19,1.0,1.5263157894736843,10.894736842105264,3.736842105263158,2.5789473684210527,0.1578947368421053,1.1578947368421044
Serie A (Italy),2024/25,Venezia,19,0.8947368421052632,1.1578947368421053,10.894736842105264,3.8947368421052633,2.0,19,0.7894736842105263,1.7894736842105263,9.105263157894736,2.9473684210526314,2.0,0.10526315789473684,1.7894736842105274
Serie A (Italy),2024/25,Verona,19,0.7894736842105263,1.894736842105263,10.473684210526315,2.789473684210526,2.6842105263157894,19,1.0,1.5789473684210527,8.842105263157896,2.526315789473684,2.263157894736842,-0.21052631578947367,1.6315789473684195
Serie A (Italy),2025/26,Atalanta,19,1.3157894736842106,0.7894736842105263,17.105263157894736,5.052631578947368,1.263157894736842,19,1.368421052631579,1.105263157894737,12.473684210526315,4.157894736842105,1.894736842105263,-0.05263157894736836,4.631578947368421
Serie A (Italy),2025/26,Bologna,19,1.0,1.2105263157894737,14.736842105263158,3.789473684210526,1.3157894736842106,19,1.5789473684210527,1.2105263157894737,11.0,3.789473684210526,2.210526315789474,-0.5789473684210527,3.7368421052631575
Serie A (Italy),2025/26,Cagliari,19,1.1578947368421053,1.2105263157894737,10.736842105263158,3.4210526315789473,1.7894736842105263,19,0.9473684210526315,1.5789473684210527,11.105263157894736,3.526315789473684,2.473684210526316,0.21052631578947378,-0.36842105263157876
Serie A (Italy),2025/26,Como,19,1.8421052631578947,0.7894736842105263,16.736842105263158,6.315789473684211,1.9473684210526316,19,1.5789473684210527,0.7368421052631579,12.157894736842104,3.8947368421052633,2.263157894736842,0.26315789473684204,4.578947368421053
Serie A (Italy),2025/26,Cremonese,19,0.9473684210526315,1.5263157894736843,10.31578947368421,3.6842105263157894,1.894736842105263,19,0.7368421052631579,1.4736842105263157,7.947368421052632,2.8947368421052633,1.9473684210526316,0.21052631578947367,2.3684210526315788
Serie A (Italy),2025/26,Fiorentina,19,1.105263157894737,1.105263157894737,15.68421052631579,4.105263157894737,2.0526315789473686,19,1.0526315789473684,1.5263157894736843,10.052631578947368,2.789473684210526,2.263157894736842,0.052631578947368585,5.631578947368421
Serie A (Italy),2025/26,Genoa,19,1.1578947368421053,1.368421052631579,12.052631578947368,3.8947368421052633,1.736842105263158,19,1.0,1.3157894736842106,10.894736842105264,3.6315789473684212,1.5789473684210527,0.1578947368421053,1.1578947368421044
Serie A (Italy),2025/26,Inter,19,2.6315789473684212,0.8421052631578947,18.210526315789473,6.842105263157895,1.368421052631579,19,2.0526315789473686,1.0,16.0,5.2105263157894735,1.9473684210526316,0.5789473684210527,2.2105263157894726
Serie A (Italy),2025/26,Juventus,19,1.8421052631578947,0.8421052631578947,19.736842105263158,6.842105263157895,1.0526315789473684,19,1.368421052631579,0.9473684210526315,13.947368421052632,5.105263157894737,1.6842105263157894,0.4736842105263157,5.789473684210526
Serie A (Italy),2025/26,Lazio,19,1.4210526315789473,1.3157894736842106,12.157894736842104,4.684210526315789,2.210526315789474,19,0.7368421052631579,0.7894736842105263,9.842105263157896,3.526315789473684,1.894736842105263,0.6842105263157895,2.315789473684209
Serie A (Italy),2025/26,Lecce,19,0.6842105263157895,1.263157894736842,10.631578947368421,2.8421052631578947,1.7894736842105263,19,0.7894736842105263,1.368421052631579,9.052631578947368,2.263157894736842,1.8421052631578947,-0.10526315789473684,1.578947368421053
Serie A (Italy),2025/26,Milan,19,1.3157894736842106,1.105263157894737,16.105263157894736,4.894736842105263,1.894736842105263,19,1.4736842105263157,0.7368421052631579,10.421052631578947,3.6315789473684212,1.4736842105263157,-0.1578947368421051,5.684210526315789
Serie A (Italy),2025/26,Napoli,19,1.736842105263158,0.9473684210526315,13.842105263157896,5.2105263157894735,1.0,19,1.3157894736842106,0.9473684210526315,12.68421052631579,4.2105263157894735,1.5789473684210527,0.42105263157894735,1.1578947368421062
Serie A (Italy),2025/26,Parma,19,0.8421052631578947,1.3157894736842106,12.421052631578947,2.9473684210526314,1.7894736842105263,19,0.631578947368421,1.105263157894737,9.0,2.526315789473684,1.5789473684210527,0.21052631578947367,3.421052631578947
Serie A (Italy),2025/26,Pisa,19,0.47368421052631576,1.368421052631579,10.263157894736842,3.1052631578947367,2.0526315789473686,19,0.8947368421052632,2.3684210526315788,8.947368421052632,2.473684210526316,2.0526315789473686,-0.4210526315789474,1.3157894736842106
Serie A (Italy),2025/26,Roma,19,1.736842105263158,0.5263157894736842,15.31578947368421,5.2105263157894735,1.5789473684210527,19,1.368421052631579,1.105263157894737,11.157894736842104,4.157894736842105,2.0,0.368421052631579,4.157894736842106
Serie A (Italy),2025/26,Sassuolo,19,1.3157894736842106,1.368421052631579,10.736842105263158,3.6842105263157894,2.0526315789473686,19,1.105263157894737,1.263157894736842,10.631578947368421,3.789473684210526,2.3684210526315788,0.21052631578947367,0.10526315789473628
Serie A (Italy),2025/26,Torino,19,1.4210526315789473,1.5263157894736843,12.526315789473685,4.2631578947368425,1.7894736842105263,19,0.8947368421052632,1.7894736842105263,11.105263157894736,3.6842105263157894,1.9473684210526316,0.5263157894736842,1.4210526315789487
Serie A (Italy),2025/26,Udinese,19,0.9473684210526315,1.105263157894737,12.894736842105264,3.8947368421052633,1.736842105263158,19,1.4210526315789473,1.4210526315789473,10.31578947368421,3.8421052631578947,2.0,-0.4736842105263158,2.578947368421053
Serie A (Italy),2025/26,Verona,19,0.631578947368421,1.4736842105263157,11.0,3.9473684210526314,2.1052631578947367,19,0.6842105263157895,1.736842105263158,11.263157894736842,3.473684210526316,2.5789473684210527,-0.052631578947368474,-0.2631578947368425
